hs92,descripcion,sector_id,peso,ciiu4,confianza,via,masa_mapeada,marca,valor_mundial
010111,"Horses: live, pure-bred breeding animals",S03,1.0,0142,alta,cadena,1.0,,1450113221.6666667
010119,"Horses: live, other than pure-bred breeding animals",S03,1.0,0142,alta,cadena,1.0,,2062171092.3333333
010120,"Asses, mules and hinnies: live",S03,1.0,0142,alta,cadena,1.0,,59927825.666666664
010210,"Bovine animals: live, pure-bred breeding animals",S03,1.0,0141,alta,cadena,1.0,,1427381691.6666667
010290,"Bovine animals: live, other than pure-bred breeding animals",S03,1.0,0141,alta,cadena,1.0,,8092678202.0
010310,"Swine: live, pure-bred breeding animals",S04,1.0,0145,alta,cadena,1.0,,231591882.33333334
010391,"Swine: live, (other than pure-bred breeding animals), weighing less than 50kg",S04,1.0,0145,alta,cadena,1.0,,2145744868.6666667
010392,"Swine: live, (other than pure-bred breeding animals), weighing 50kg or more",S04,1.0,0145,alta,cadena,1.0,,1949995082.6666667
010410,Sheep: live,S03,1.0,0144,alta,cadena,1.0,,1914195484.0
010420,Goats: live,S03,1.0,0144,alta,cadena,1.0,,294826658.3333333
010511,"Poultry: live, fowls of the species gallus domesticus, weighing not more than 185g",S04,1.0,0146,alta,cadena,1.0,,1701138311.6666667
010519,"Poultry: live, weighing not more than 185g, ducks, geese, turkeys and guinea fowls",S04,0.5940000000000001,0146,baja,cadena,1.0,,196133382.66666666
010519,"Poultry: live, weighing not more than 185g, ducks, geese, turkeys and guinea fowls",S03,0.406,0170,baja,cadena,1.0,,196133382.66666666
010591,"Poultry: live, fowls of the species gallus domesticus, weighing more than 185g",S04,0.9375,0146,media,cadena_prefijo,1.0,,1245775344.0
010591,"Poultry: live, fowls of the species gallus domesticus, weighing more than 185g",S03,0.0625,0170,media,cadena_prefijo,1.0,,1245775344.0
010599,"Poultry: live, ducks, geese, turkeys and guinea fowls, weighing more than 185g",S04,0.875,0146,media,cadena,1.0,,232169398.66666666
010599,"Poultry: live, ducks, geese, turkeys and guinea fowls, weighing more than 185g",S03,0.125,0170,media,cadena,1.0,,232169398.66666666
010600,"Animals: live, n.e.s. in chapter 1",S03,0.9656426842684269,"0143,0149,0170",alta,cadena,0.9999,,1411859418.0
010600,"Animals: live, n.e.s. in chapter 1",S07,0.034357315731573156,0322,alta,cadena,0.9999,,1411859418.0
020110,"Meat: of bovine animals, carcasses and half-carcasses, fresh or chilled",S09,1.0,1010,alta,cadena,1.0,,2424379695.6666665
020120,"Meat: of bovine animals, cuts with bone in (excluding carcasses and half-carcasses), fresh or chilled",S09,1.0,1010,alta,cadena,1.0,,5620170606.0
020130,"Meat: of bovine animals, boneless cuts, fresh or chilled",S09,1.0,1010,alta,cadena,1.0,,20488702418.0
020210,"Meat: of bovine animals, carcasses and half-carcasses, frozen",S09,1.0,1010,alta,cadena,1.0,,132003245.0
020220,"Meat: of bovine animals, cuts with bone in (excluding carcasses and half-carcasses), frozen",S09,1.0,1010,alta,cadena,1.0,,2654772199.6666665
020230,"Meat: of bovine animals, boneless cuts, frozen",S09,1.0,1010,alta,cadena,1.0,,30848463086.666668
020311,"Meat: of swine, carcasses and half-carcasses, fresh or chilled",S09,1.0,1010,alta,cadena,1.0,,2283785523.6666665
020312,"Meat: of swine, hams, shoulders and cuts thereof, with bone in, fresh or chilled",S09,1.0,1010,alta,cadena,1.0,,4562359373.666667
020319,"Meat: of swine, n.e.s. in item no. 0203.1, fresh or chilled",S09,1.0,1010,alta,cadena,1.0,,10645885898.666666
020321,"Meat: of swine, carcasses and half-carcasses, frozen",S09,1.0,1010,alta,cadena,1.0,,210244196.66666666
020322,"Meat: of swine, hams, shoulders and cuts thereof, with bone in, frozen",S09,1.0,1010,alta,cadena,1.0,,1093611537.3333333
020329,"Meat: of swine, n.e.s. in item no. 0203.2, frozen",S09,1.0,1010,alta,cadena,1.0,,14643796263.0
020410,"Meat: of sheep, lamb carcasses and half-carcasses, fresh or chilled",S09,1.0,1010,alta,cadena,1.0,,1586937746.3333333
020421,"Meat: of sheep, carcasses and half-carcasses (excluding carcasses and half-carcasses of lamb), fresh or chilled",S09,1.0,1010,alta,cadena,1.0,,347138357.0
020422,"Meat: of sheep (including lamb), cuts with bone in (excluding carcasses and half-carcasses), fresh or chilled",S09,1.0,1010,alta,cadena,1.0,,1184556214.0
020423,"Meat: of sheep (including lamb), boneless cuts, fresh or chilled",S09,1.0,1010,alta,cadena,1.0,,485310041.6666667
020430,"Meat: of sheep, lamb carcasses and half-carcasses, frozen",S09,1.0,1010,alta,cadena,1.0,,138733179.0
020441,"Meat: of sheep, carcasses and half-carcasses (excluding carcasses and half-carcasses of lamb), frozen",S09,1.0,1010,alta,cadena,1.0,,228901468.0
020442,"Meat: of sheep (including lamb), cuts with bone in (excluding carcasses and half-carcasses), frozen",S09,1.0,1010,alta,cadena,1.0,,2985877183.0
020443,"Meat: of sheep (including lamb), boneless cuts, frozen",S09,1.0,1010,alta,cadena,1.0,,928174048.6666666
020450,"Meat: of goats, fresh, chilled or frozen",S09,1.0,1010,alta,cadena,1.0,,366200172.6666667
020500,"Meat: of horses, asses, mules or hinnies, fresh, chilled or frozen",S09,1.0,1010,alta,cadena,1.0,,372562868.6666667
020610,"Offal, edible: of bovine animals, fresh or chilled",S09,1.0,1010,alta,cadena,1.0,,964876699.6666666
020621,"Offal, edible: of bovine animals, tongues, frozen",S09,1.0,1010,alta,cadena,1.0,,435349058.0
020622,"Offal, edible: of bovine animals, livers, frozen",S09,1.0,1010,alta,cadena,1.0,,265027642.66666666
020629,"Offal, edible: of bovine animals, (other than tongues and livers), frozen",S09,1.0,1010,alta,cadena,1.0,,2667451612.6666665
020630,"Offal, edible: of swine, fresh or chilled",S09,1.0,1010,alta,cadena,1.0,,639755205.3333334
020641,"Offal, edible: of swine, livers, frozen",S09,1.0,1010,alta,cadena,1.0,,73226395.66666667
020649,"Offal, edible: of swine, (other than livers), frozen",S09,1.0,1010,alta,cadena,1.0,,3548214105.6666665
020680,"Offal, edible: of sheep, goats, horses, asses, mules or hinnies, fresh or chilled",S09,1.0,1010,alta,cadena,1.0,,42117293.333333336
020690,"Offal, edible: of sheep, goats, horses, asses, mules or hinnies, frozen",S09,1.0,1010,alta,cadena,1.0,,188574840.0
020710,"Meat and edible offal: poultry, not cut in pieces, fresh or chilled",S09,1.0,1010,media,cadena_prefijo,1.0,,1364950137.0
020721,"Meat and edible offal: fowls of the species gallus domesticus, not cut in pieces, frozen",S09,1.0,1010,media,cadena_prefijo,1.0,,3571362123.3333335
020722,"Meat and edible offal: turkeys, not cut in pieces, frozen",S09,1.0,1010,media,cadena_prefijo,1.0,,95931967.33333333
020723,"Meat and edible offal: ducks, geese and guinea fowls, not cut in pieces, frozen",S09,1.0,1010,media,cadena_prefijo,1.0,,280239586.0
020731,"Offal, edible: of geese or ducks, fatty livers, fresh or chilled",S09,1.0,1010,media,cadena_prefijo,1.0,,43903128.666666664
020739,"Meat and edible offal: poultry cuts and offal (including livers but excluding the fatty livers of geese or ducks), fresh or chilled",S09,1.0,1010,media,cadena_prefijo,1.0,,8719108286.0
020741,"Meat and edible offal: of fowls of the species gallus domesticus, poultry cuts and offal (excluding livers), frozen",S09,1.0,1010,alta,cadena,1.0,,16230312809.333334
020742,"Meat and edible offal: of turkeys, poultry cuts and offal (excluding livers), frozen",S09,1.0,1010,alta,cadena,1.0,,1059356356.3333334
020743,"Meat and edible offal: of ducks, geese or guinea fowls, poultry cuts and offal (excluding livers) frozen",S09,1.0,1010,alta,cadena,1.0,,540529030.3333334
020750,"Offal, edible: of poultry, livers, frozen",S09,1.0,1010,media,cadena_prefijo,1.0,,1184342750.3333333
020810,"Meat and edible meat offal: of rabbits or hares, fresh, chilled or frozen",S09,1.0,1010,alta,cadena,1.0,,127140283.33333333
020820,"Meat and edible meat offal: frogs' legs, fresh, chilled or frozen",S09,1.0,1010,alta,cadena,1.0,,92772064.33333333
020890,"Meat and edible meat offal: n.e.s. in chapter 2, fresh, chilled or frozen",S09,1.0,1010,alta,cadena,1.0,,493013335.0
020900,"Fat: pig fat, free of lean meat, and poultry fat, (not rendered), fresh, chilled, frozen, salted, in brine, dried or smoked",S09,1.0,1010,alta,cadena,1.0,,764676739.6666666
021011,"Meat, preserved: of swine, hams, shoulders and cuts thereof, with bone in, salted, in brine, dried or smoked",S09,1.0,1010,alta,cadena,1.0,,342675350.3333333
021012,"Meat, preserved: of swine, bellies (streaky) and cuts thereof, salted, in brine, dried or smoked",S09,1.0,1010,alta,cadena,1.0,,683047355.3333334
021019,"Meat, preserved: of swine, salted, in brine, dried or smoked, n.e.s. in item no. 0210.1",S09,1.0,1010,alta,cadena,1.0,,2609117285.6666665
021020,"Meat, preserved: of bovine animals, salted, in brine, dried or smoked",S09,1.0,1010,alta,cadena,1.0,,310488351.0
021090,"Meat and edible meat offal, preserved: salted, in brine, dried or smoked, and edible flours and meals of meat or meat offal, n.e.s. in heading no. 0210",S09,1.0,1010,alta,cadena,1.0,,1120190673.0
030110,"Fish: live, ornamental",S07,1.0,"0311,0312,0321,0322",alta,cadena,1.0,,315758507.6666667
030191,"Fish: live, trout (salmo trutta, salmo gairdneri, salmo clarki, salmo aguabonita, salmo gilae)",S07,1.0,"0311,0312,0321,0322",alta,cadena,1.0,,117249574.66666667
030192,"Fish: live, eels (anguilla spp.)",S07,1.0,"0311,0312,0321,0322",alta,cadena,1.0,,461322990.6666667
030193,"Fish: live, carp",S07,1.0,"0311,0312,0321,0322",alta,cadena,1.0,,134832680.66666666
030199,"Fish: live, n.e.s. in heading no. 0301",S07,1.0,"0311,0312,0321,0322",alta,cadena,1.0001,,1133312318.0
030211,"Fish: trout (salmo trutta, salmo gairdneri, salmo clarki, salmo aguabonita, salmo gilae), fresh or chilled (excluding fillets, livers, roes and other fish meat of heading no. 0304)",S07,1.0,"0311,0312,0321,0322",alta,cadena,1.0,,857159476.0
030212,"Fish: Pacific salmon (oncorhynchus spp.), Atlantic salmon (salmo salar), Danube salmon (hucho hucho), fresh or chilled (excluding fillets, livers, roes and other fish meat of heading no. 0304)",S07,1.0,"0311,0312,0321,0322",alta,cadena,1.0,,14544713735.666666
030219,"Fish: salmonidae, fresh or chilled, n.e.s. in item no. 0302.1 (excluding fillets, livers, roes and other fish meat of heading no. 0304)",S07,1.0,"0311,0312,0321,0322",alta,cadena,1.0,,109797363.33333333
030221,"Fish: halibut (reinhardtius hippoglossoides, hippoglossus hippoglossus, hippoglossus stenolepis), fresh or chilled (excluding fillets, livers, roes and other fish meat of heading no. 0304)",S07,1.0,"0311,0321",alta,cadena,1.0,,233440631.33333334
030222,"Fish: plaice (pleuronectes platessa), fresh or chilled (excluding fillets, livers, roes and other fish meat of heading no. 0304)",S07,1.0,"0311,0321",alta,cadena,1.0,,73693702.33333333
030223,"Fish: sole (solea spp.), fresh or chilled (excluding fillets, livers, roes and other fish meat of heading no. 0304)",S07,1.0,"0311,0321",alta,cadena,1.0,,188567222.33333334
030229,"Fish: flat fish, fresh or chilled, n.e.s. in item no. 0302.2 (excluding fillets, livers, roes and other fish meat of heading no. 0304)",S07,1.0,"0311,0321",alta,cadena,1.0,,334023855.0
030231,"Fish: albacore or longfinned tunas (thunnus alalunga), fresh or chilled (excluding fillets, livers, roes and other fish meat of heading no. 0304)",S07,1.0,"0311,0321",alta,cadena,1.0,,41339155.0
030232,"Fish: yellowfin tunas (thunnus albacares), fresh or chilled (excluding fillets, livers, roes and other fish meat of heading no. 0304)",S07,1.0,"0311,0321",alta,cadena,1.0,,259377922.33333334
030233,"Fish: skipjack or stripe-bellied bonito, fresh or chilled (excluding fillets, livers, roes and other fish meat of heading no. 0304)",S07,1.0,"0311,0321",alta,cadena,1.0,,178156720.66666666
030239,"Fish: tuna, fresh or chilled, n.e.s. in item no. 0302.3 (excluding fillets, livers, roes and other fish meat of heading no. 0304)",S07,1.0,"0311,0321",alta,cadena,1.0001,,430956681.3333333
030240,"Fish: herrings (clupea harengus, clupea pallasii), fresh or chilled (excluding fillets, livers, roes and other fish meat of heading no. 0304)",S07,1.0,"0311,0321",alta,cadena,1.0,,120367604.66666667
030250,"Fish: cod (gadus morhua, gadus ogac, gadus macrocephalus), fresh or chilled (excluding fillets, livers, roes and other fish meat of heading no. 0304)",S07,1.0,"0311,0321",alta,cadena,1.0,,508281913.0
030261,"Fish: sardines (sardina pilchardus, sardinops spp.), sardinella (sardinella spp.), brisling or sprats (sprattus sprattus), fresh or chilled (excluding fillets, livers, roes and other fish meat of heading no. 0304)",S07,1.0,"0311,0321",alta,cadena,1.0,,86348780.33333333
030262,"Fish: haddock (melanogrammus aeglefinus), fresh or chilled (excluding fillets, livers, roes and other fish meat of heading no. 0304)",S07,1.0,"0311,0321",alta,cadena,1.0,,98401781.0
030263,"Fish: coalfish (pollachius virens), fresh or chilled (excluding fillets, livers, roes and other fish meat of heading no. 0304)",S07,1.0,"0311,0321",alta,cadena,1.0,,126394136.66666667
030264,"Fish: mackerel (scomber scombrus, scomber australasicus, scomber japonicus), fresh of chilled (excluding fillets, livers, roes and other fish meat of heading no. 0304)",S07,1.0,"0311,0321",alta,cadena,1.0,,325082030.0
030265,"Fish: dogfish and other sharks, fresh or chilled (excluding fillets, livers, roes and other fish meat of heading no. 0304)",S07,1.0,"0311,0312,0321,0322",alta,cadena,1.0,,22945224.333333332
030266,"Fish: eels (anguilla spp.), fresh or chilled (excluding fillets, livers, roes and other fish meat of heading no. 0304)",S07,1.0,"0312,0322",alta,cadena,1.0,,12561140.333333334
030269,"Fish: fresh or chilled, n.e.s. in heading no. 0302 (excluding fillets, livers, roes and other fish meat of heading no. 0304)",S07,1.0,"0311,0312,0321,0322",alta,cadena,0.99982458,,4355504577.0
030270,"Fish: livers and roes, fresh or chilled",S15,1.0,1020,alta,cadena,1.0,,58788871.666666664
030310,"Fish: Pacific salmon, (oncorhynchus spp.), frozen (excluding fillets, livers, roes and other fish meat of heading no. 0304)",S15,1.0,1020,alta,cadena,1.0,,1923901497.6666667
030321,"Fish: trout (salmo trutta, salmo gairdneri, salmo clarki, salmo aguabonita, salmo gilae), frozen (excluding fillets, livers, roes and other fish meat of heading no. 0304)",S15,1.0,1020,alta,cadena,1.0,,593643885.0
030322,"Fish: Atlantic salmon (salmo salar) and Danube salmon (hucho hucho), frozen (excluding fillets, livers, roes and other fish meat of heading no. 0304)",S15,1.0,1020,alta,cadena,1.0,,1059022666.0
030329,"Fish: salmonidae, frozen, n.e.s. in item no. 0302.1 and 0302.2 (excluding fillets, livers, roes and other fish meat of heading no. 0304)",S15,1.0,1020,alta,cadena,1.0,,136134602.33333334
030331,"Fish: halibut (reinhardtius hippoglossoides, hippoglossus hippoglossus, hippoglossus stenolepis), frozen (excluding fillets, livers, roes and other fish meat of heading no. 0304)",S15,1.0,1020,alta,cadena,1.0,,956936931.6666666
030332,"Fish: plaice (pleuronectes platessa), frozen (excluding fillets, livers, roes and other fish meat of heading no. 0304)",S15,1.0,1020,alta,cadena,1.0,,20524503.0
030333,"Fish: sole (solea spp.), frozen (excluding fillets, livers, roes and other fish meat of heading no. 0304)",S15,1.0,1020,alta,cadena,1.0,,100277499.66666667
030339,"Fish: flat fish, frozen, n.e.s. in item no. 0303.3 (excluding fillets, livers, roes and other fish meat of heading no. 0304)",S15,1.0,1020,alta,cadena,1.0,,355261173.0
030341,"Fish: albacore or longfinned tunas (thunnus alalunga), frozen (excluding fillets, livers, roes and other fish meat of heading no. 0304)",S15,1.0,1020,alta,cadena,1.0,,335535738.0
030342,"Fish: yellowfin tunas (thunnus albacares), frozen (excluding fillets, livers, roes and other fish meat of heading no. 0304)",S15,1.0,1020,alta,cadena,1.0,,1170203706.0
030343,"Fish: skipjack or stripe-bellied bonito, frozen (excluding fillets, livers, roes and other fish meat of heading no. 0304)",S15,1.0,1020,alta,cadena,1.0,,1665572770.6666667
030349,"Fish: tuna, frozen, n.e.s. in item no. 0303.4 (excluding fillets, livers, roes and other fish meat of heading no. 0304)",S15,1.0,1020,alta,cadena,1.0,,705178352.3333334
030350,"Fish: herrings (clupea harengus, clupea pallasii), frozen (excluding fillets, livers, roes and other fish meat of heading no. 0304)",S15,1.0,1020,alta,cadena,1.0,,624891050.0
030360,"Fish: cod (gadus morhua, gadus ogac, gadus macrocephalus), frozen (excluding fillets, livers, roes and other fish meat of heading no. 0304)",S15,1.0,1020,alta,cadena,1.0,,1589086505.6666667
030371,"Fish: sardines (sardina pilchardus, sardinops spp.), sardinella (sardinella spp.), brisling or sprats (sprattus sprattus), frozen (excluding fillets, livers, roes and other fish meat of heading no. 0304)",S15,1.0,1020,alta,cadena,1.0,,610605152.3333334
030372,"Fish: haddock (melanogrammus aeglefinus), frozen (excluding fillets, livers, roes and other fish meat of heading no. 0304)",S15,1.0,1020,alta,cadena,1.0,,223722198.33333334
030373,"Fish: coalfish (pollachius virens), frozen (excluding fillets, livers, roes and other fish meat of heading no. 0304)",S15,1.0,1020,alta,cadena,1.0,,133131568.0
030374,"Fish: mackerel (scomber scombrus, scomber australasicus, scomber japonicus), frozen (excluding fillets, livers, roes and other fish meat of heading no. 0304)",S15,1.0,1020,alta,cadena,1.0,,2228482576.0
030375,"Fish: dogfish and other sharks, frozen (excluding fillets, livers, roes and other fish meat of heading no. 0304)",S15,1.0,1020,alta,cadena,1.0,,158114937.0
030376,"Fish: eels (anguilla spp.), frozen (excluding fillets, livers, roes and other fish meat of heading no. 0304)",S15,1.0,1020,alta,cadena,1.0,,43577242.333333336
030377,"Fish: sea bass (dicentrarchus labrax, dicentrarchus punctatus), frozen, (excluding fillets, livers, roes and other fish meat of heading no. 0304)",S15,1.0,1020,alta,cadena,1.0,,56665355.666666664
030378,"Fish: hake (merluccius spp., urophycis spp.), frozen (excluding fillets, livers, roes and other fish meat of heading no. 0304)",S15,1.0,1020,alta,cadena,1.0,,494521214.3333333
030379,"Fish: frozen, n.e.s. in heading no. 0303 (excluding fillets, livers, roes and other fish meat of heading no. 0304)",S15,1.0,1020,alta,cadena,0.9999999999999998,,8594042366.0
030380,"Fish: livers and roes, frozen",S15,1.0,1020,alta,cadena,1.0,,1006609268.0
030410,"Fish: fillets and other fish meat, fresh or chilled (whether or not minced)",S15,1.0,1020,alta,cadena,1.0,,7676188578.333333
030420,"Fish: fillets, frozen",S15,1.0,1020,alta,cadena,1.0,,16770963177.0
030490,"Fish: fish meat n.e.s. in heading no. 0304 (whether or not minced), fresh, chilled or frozen",S15,1.0,1020,alta,cadena,1.0,,2897370144.3333335
030510,Fish meal: fit for human consumption,S15,1.0,1020,alta,cadena,1.0,,44857305.666666664
030520,"Fish: livers and roes, dried, smoked (whether or not cooked before or during the smoking process), salted or in brine",S15,1.0,1020,alta,cadena,1.0,,237764631.0
030530,"Fish: fillets, dried, salted or in brine, but not smoked",S15,1.0,1020,alta,cadena,1.0,,409426315.3333333
030541,"Fish: Pacific salmon (oncorhynchus spp.), Atlantic salmon (salmo salar) and Danube salmon (hucho hucho), including fillets, smoked (whether or not cooked before or during the smoking process)",S15,1.0,1020,alta,cadena,1.0,,2123769801.6666667
030542,"Fish: herrings (clupea harengus, clupea pallasii), including fillets: smoked (whether or not cooked before or during the smoking process)",S15,1.0,1020,alta,cadena,1.0,,54557830.333333336
030549,"Fish: smoked (whether or not cooked before or during the smoking process), n.e.s. in item no. 0305.4 (including fillets)",S15,1.0,1020,alta,cadena,1.0,,464288866.6666667
030551,"Fish: cod (gadus morhua, gadus ogac, gadus macrocephalus), dried (whether or not salted but not smoked)",S15,1.0,1020,alta,cadena,1.0,,435721564.0
030559,"Fish: dried (whether or not salted but not smoked), n.e.s. in item no. 0305.51",S15,1.0,1020,alta,cadena,1.0,,1173842288.0
030561,"Fish: herrings (clupea harengas, clupea pallasii), salted or in brine but not dried or smoked",S15,1.0,1020,alta,cadena,1.0,,27771062.333333332
030562,"Fish: cod (gadus morhua, gadus ogac, gadus macrocephalus), salted or in brine but not dried or smoked",S15,1.0,1020,alta,cadena,1.0,,407996163.0
030563,"Fish: anchovies (engraulis spp.), salted or in brine but not dried or smoked",S15,1.0,1020,alta,cadena,1.0,,70737704.33333333
030569,"Fish: salted or in brine, but not dried or smoked, n.e.s. in item no. 0305.6",S15,1.0,1020,alta,cadena,1.0,,383593776.3333333
030611,"Crustaceans: rock lobsters and other sea crawfish (palinurus spp., panulirus spp., jasus spp.), frozen (whether in shell or not, whether or not cooked by steaming or by boiling in water)",S15,1.0,1020,alta,cadena,1.0,,593686505.6666666
030612,"Crustaceans: lobsters (homarus spp.), frozen (whether in shell or not, whether or not cooked by steaming or by boiling in water)",S15,1.0,1020,alta,cadena,1.0,,962159174.0
030613,"Crustaceans: shrimps and prawns, frozen (whether in shell or not, whether or not cooked by steaming or by boiling in water)",S15,1.0,1020,alta,cadena,1.0,,20305877076.666668
030614,"Crustaceans: crabs, frozen (whether in shell or not, whether or not cooked by steaming or by boiling in water)",S15,1.0,1020,alta,cadena,1.0,,2768467942.0
030619,"Crustaceans: frozen, n.e.s. in item no. 0306.1 (whether in shell or not, whether or not cooked by steaming or by boiling in water)",S15,1.0,1020,alta,cadena,1.0,,420901471.6666667
030621,"Crustaceans: rock lobster and other sea crawfish (palinurus spp., panulirus spp., jasus spp.), not frozen, (whether in shell or not, whether or not cooked by steaming or by boiling in water)",S07,0.8571428571428571,"0311,0321",media,cadena,1.0,,831878822.6666666
030621,"Crustaceans: rock lobster and other sea crawfish (palinurus spp., panulirus spp., jasus spp.), not frozen, (whether in shell or not, whether or not cooked by steaming or by boiling in water)",S15,0.14285714285714285,1020,media,cadena,1.0,,831878822.6666666
030622,"Crustaceans: lobsters (homarus spp.), not frozen, (whether in shell or not, whether or not cooked by steaming or by boiling in water)",S07,0.8571428571428571,"0311,0321",media,cadena,1.0,,1635840828.3333333
030622,"Crustaceans: lobsters (homarus spp.), not frozen, (whether in shell or not, whether or not cooked by steaming or by boiling in water)",S15,0.14285714285714285,1020,media,cadena,1.0,,1635840828.3333333
030623,"Crustaceans: shrimps and prawns, not frozen, (whether in shell or not, whether or not cooked by steaming or by boiling in water)",S07,0.8571428571428571,"0311,0312,0321,0322",media,cadena,1.0,,595569900.3333334
030623,"Crustaceans: shrimps and prawns, not frozen, (whether in shell or not, whether or not cooked by steaming or by boiling in water)",S15,0.14285714285714285,1020,media,cadena,1.0,,595569900.3333334
030624,"Crustaceans: crabs, not frozen, (whether in shell or not, whether or not cooked by steaming or by boiling in water)",S07,0.8571428571428571,"0311,0312,0321,0322",media,cadena,1.0,,2162875093.6666665
030624,"Crustaceans: crabs, not frozen, (whether in shell or not, whether or not cooked by steaming or by boiling in water)",S15,0.14285714285714285,1020,media,cadena,1.0,,2162875093.6666665
030629,"Crustaceans: not frozen, n.e.s. in heading no. 0306, (whether in shell or not, whether or not cooked by steaming or by boiling in water)",S07,0.8571428571428572,"0311,0312,0321,0322",media,cadena,0.9999999999999998,,187251608.33333334
030629,"Crustaceans: not frozen, n.e.s. in heading no. 0306, (whether in shell or not, whether or not cooked by steaming or by boiling in water)",S15,0.14285714285714288,1020,media,cadena,0.9999999999999998,,187251608.33333334
030710,"Molluscs: oysters, live, fresh, chilled, frozen, dried, salted or in brine (whether in shell or not)",S07,0.6111,"0311,0321",media,cadena,1.0,,516394850.3333333
030710,"Molluscs: oysters, live, fresh, chilled, frozen, dried, salted or in brine (whether in shell or not)",S15,0.3889,1020,media,cadena,1.0,,516394850.3333333
030721,"Molluscs: scallops (including queen scallops of the genera pecten, chlamys or placopecten), live, fresh or chilled (whether in shell or not)",S07,1.0,"0311,0321",alta,cadena,1.0,,255141571.0
030729,"Molluscs: scallops (including queen scallops of the genera pecten, chlamys or placopecten), frozen, dried, salted or in brine (whether in shell or not)",S15,1.0,1020,alta,cadena,1.0,,1325020323.6666667
030731,"Molluscs: mussels (mytilus spp., perna spp.), live, fresh or chilled (whether in shell or not)",S07,1.0,"0311,0321",alta,cadena,1.0,,324912332.3333333
030739,"Molluscs: mussels (mytilus spp., perna spp.), frozen, dried, salted or in brine (whether in shell or not)",S15,1.0,1020,alta,cadena,1.0,,262572838.0
030741,"Molluscs: cuttle fish and squid, live, fresh or chilled (whether in shell or not)",S07,1.0,"0321,0322",alta,cadena,1.0,,358987556.3333333
030749,"Molluscs: cuttle fish and squid, frozen, dried, salted or in brine (whether in shell or not)",S15,1.0,1020,alta,cadena,1.0,,4362002678.666667
030751,"Molluscs: octopus (octopus spp.), live, fresh or chilled",S07,1.0,"0311,0321",alta,cadena,1.0,,192474310.33333334
030759,"Molluscs: octopus (octopus spp.), frozen, dried, salted or in brine",S15,1.0,1020,alta,cadena,1.0,,2243334114.6666665
030760,"Molluscs: snails (other than sea snails), live, fresh, chilled, frozen, dried, salted or in brine (whether in shell or not)",S03,1.0,0149,alta,cadena,1.0,,64411737.333333336
030791,"Molluscs and other aquatic invertebrates: live, fresh or chilled (whether in shell or not), n.e.s. in heading no. 0307",S07,1.0,"0311,0312,0321,0322",alta,cadena,1.0,,1029429997.6666666
030799,"Molluscs and other aquatic invertebrates: frozen, dried, salted or in brine (whether in shell or not), n.e.s. in heading no. 0307",S15,0.938125,1020,media,cadena,1.0,,3732119060.0
030799,"Molluscs and other aquatic invertebrates: frozen, dried, salted or in brine (whether in shell or not), n.e.s. in heading no. 0307",S07,0.061875,"0311,0312,0321,0322",media,cadena,1.0,,3732119060.0
040110,"Dairy produce: milk and cream, not concentrated, not containing added sugar or other sweetening matter, of a fat content not exceeding 1% (by weight)",S10,1.0,1050,alta,cadena,1.0,,673838458.0
040120,"Dairy produce: milk and cream, not concentrated, not containing added sugar or other sweetening matter, of a fat content exceeding 1% but not exceeding 6% (by weight)",S03,0.8571428571428571,"0141,0142,0143,0144,0149",media,cadena,1.0,,5415672456.0
040120,"Dairy produce: milk and cream, not concentrated, not containing added sugar or other sweetening matter, of a fat content exceeding 1% but not exceeding 6% (by weight)",S10,0.14285714285714285,1050,media,cadena,1.0,,5415672456.0
040130,"Dairy produce: milk and cream, not concentrated, not containing added sugar or other sweetening matter, of a fat content exceeding 6% (by weight)",S03,0.8571428571428571,"0141,0142,0143,0144,0149",media,cadena,1.0,,4438542694.333333
040130,"Dairy produce: milk and cream, not concentrated, not containing added sugar or other sweetening matter, of a fat content exceeding 6% (by weight)",S10,0.14285714285714285,1050,media,cadena,1.0,,4438542694.333333
040210,"Dairy produce: milk and cream, concentrated or containing added sugar or other sweetening matter, in powder, granules or other solid forms, of a fat content not exceeding 1.5% (by weight)",S10,1.0,1050,alta,cadena,1.0,,9329212552.666666
040221,"Dairy produce: milk and cream, concentrated, not containing added sugar or other sweetening matter, in powder, granules or other solid forms, of a fat content exceeding 1.5% (by weight)",S10,1.0,1050,alta,cadena,1.0,,9262471566.333334
040229,"Dairy produce: milk and cream, containing added sugar or other sweetening matter, in powder, granules or other solid forms, of a fat content exceeding 1.5% (by weight)",S10,1.0,1050,alta,cadena,1.0,,478794526.0
040291,"Dairy produce: milk and cream, concentrated, not containing added sugar or other sweetening matter, other than in powder, granules or other solid forms",S10,1.0,1050,alta,cadena,1.0,,1907166732.3333333
040299,"Dairy produce: milk and cream, containing added sugar or other sweetening matter, other than in powder, granules or other solid forms",S10,1.0,1050,alta,cadena,1.0,,1101136433.0
040310,"Dairy produce: yoghurt, whether or not concentrated or containing added sugar or other sweetening matter or flavoured or containing added fruit or cocoa",S10,1.0,1050,alta,cadena,1.0,,2921793285.3333335
040390,"Dairy produce: buttermilk, curdled milk or cream, kephir, fermented or acidified milk or cream, whether or not concentrated or containing added sweetening, flavouring, fruit or cocoa (excluding yoghurt)",S10,1.0,1050,alta,cadena,1.0,,2224970167.0
040410,"Dairy produce: whey, whether or not concentrated or containing added sugar or other sweetening matter",S10,1.0,1050,alta,cadena,1.0,,3520449763.6666665
040490,"Dairy produce: natural milk constituents (excluding whey), whether or not containing added sugar or other sweetening matter, n.e.s. in chapter 04",S10,1.0,1050,alta,cadena,1.0,,1650439364.6666667
040500,Dairy produce: butter and other fats and oils derived from milk,S10,1.0,1050,media,cadena_prefijo,1.0,,10958578665.333334
040610,"Dairy produce: fresh cheese (including whey cheese), not fermented, and curd",S10,1.0,1050,alta,cadena,1.0,,9738142545.666666
040620,"Dairy produce: cheese of all kinds, grated or powdered",S10,1.0,1050,alta,cadena,1.0,,3602903977.0
040630,"Dairy produce: cheese, processed (not grated or powdered)",S10,1.0,1050,alta,cadena,1.0,,3276842521.3333335
040640,"Dairy produce: cheese, blue-veined (not grated, powdered or processed)",S10,1.0,1050,alta,cadena,1.0,,669962422.6666666
040690,"Dairy produce: cheese (not grated, powdered or processed), n.e.s. in heading no. 0406",S10,1.0,1050,alta,cadena,1.0,,21064778531.333332
040700,"Eggs: birds' eggs, in the shell, fresh, preserved or cooked",S04,0.8609,0146,media,cadena,1.0,,5063372570.333333
040700,"Eggs: birds' eggs, in the shell, fresh, preserved or cooked",S17,0.0784,1079,media,cadena,1.0,,5063372570.333333
040700,"Eggs: birds' eggs, in the shell, fresh, preserved or cooked",S03,0.060700000000000004,0149,media,cadena,1.0,,5063372570.333333
040811,"Eggs: birds' eggs, yolks, dried, whether or not containing added sugar or other sweetening matter",S17,1.0,1079,alta,cadena,1.0,,199678292.0
040819,"Eggs: birds' eggs, yolks, fresh, cooked by steaming or by boiling in water, moulded, frozen or otherwise preserved, whether or not containing added sugar or other sweetening matter",S17,1.0,1079,alta,cadena,1.0,,401516512.3333333
040891,"Eggs: birds' eggs (not in shell, excluding yolks only), dried, whether or not containing added sugar or other sweetening matter",S17,1.0,1079,alta,cadena,1.0,,355442153.0
040899,"Eggs: birds' eggs (not in shell, excluding yolks only), fresh, cooked by steaming or boiling in water, moulded, frozen, otherwise preserved, whether or not containing added sugar or other sweetening matter",S17,1.0,1079,alta,cadena,1.0,,626055263.6666666
040900,Honey: natural,S03,1.0,0149,alta,cadena,1.0,,2153979515.0
041000,"Animal products: edible, n.e.s. in this or other chapters",S03,1.0,0149,alta,cadena,1.0,,963517327.3333334
050100,"Animal products: hair, human, unworked, whether or not washed or scoured, and waste of human hair",S43,1.0,3290,alta,cadena,1.0,,191520531.66666666
050210,"Animal products: hair and bristles, of pigs, hogs or boars, and waste thereof",S47,1.0,3830,media,regla_residuos,1.0,,38788696.333333336
050290,"Animal products: badger hair and other brush making hair and waste of such bristles or hair, n.e.s. in heading no. 0502 (excluding horsehair)",S47,1.0,3830,media,regla_residuos,1.0,,20262888.666666668
050300,"Animal products: horsehair and horsehair waste, whether or not put up as a layer with or without supporting material",S03,0.5,"0141,0142,0144,0149",baja,cadena,1.0,,136697707.33333334
050300,"Animal products: horsehair and horsehair waste, whether or not put up as a layer with or without supporting material",S07,0.3,0311,baja,cadena,1.0,,136697707.33333334
050300,"Animal products: horsehair and horsehair waste, whether or not put up as a layer with or without supporting material",S47,0.1,3830,baja,regla_residuos,1.0,,136697707.33333334
050300,"Animal products: horsehair and horsehair waste, whether or not put up as a layer with or without supporting material",S04,0.09999999999999999,0145,baja,cadena,1.0,,136697707.33333334
050400,"Animal products: guts, bladders and stomachs of animals (other than fish), whole and pieces thereof",S09,0.8333333333333334,1010,media,cadena,0.9999999999999999,,4426667585.666667
050400,"Animal products: guts, bladders and stomachs of animals (other than fish), whole and pieces thereof",S47,0.16666666666666669,3830,media,regla_residuos,0.9999999999999999,,4426667585.666667
050510,"Animal products: feathers and down used for stuffing, not further worked than cleaned, disinfected or treated for preservation",S47,1.0,3830,media,regla_residuos,1.0,,1537059159.0
050590,"Animal products: skins and other parts of birds, feathers and down (not for stuffing), powder and waste of such, not further worked than cleaned, disinfected or treated for preservation",S47,1.0,3830,media,regla_residuos,1.0,,207742941.0
050610,Animal products: ossein and bones treated with acid,S47,1.0,3830,media,regla_residuos,1.0,,55901077.333333336
050690,"Animal products: bones and horn-cores and powder or waste of such, unworked, defatted, simply prepared (not cut to shape), or treated with acid or degelatinised, n.e.s. in heading no. 0506",S47,1.0,3830,media,regla_residuos,1.0,,267992482.0
050710,"Animal products: ivory, unworked or simply prepared but not cut to shape, ivory powder and waste",S47,1.0,3830,media,regla_residuos,1.0,,8119442.666666667
050790,"Animal products: tortoise-shell, whalebone and whalebone hair, horns, antlers, hooves, nails, claws and beaks, unworked or simply prepared but not cut to shape, waste and powder of these products",S47,1.0,3830,media,regla_residuos,1.0,,171097992.33333334
050800,"Animal products:  coral and similar materials, shells of molluscs, crustaceans, echinoderms, cuttle-bone etc., unworked or simply prepared (but not cut to shape), and powder and waste thereof",S07,1.0,"0311,0312,0321,0322",alta,cadena,1.0,,159379233.33333334
050900,Animal products: natural sponges of animal origin,S03,0.5,"0141,0142,0144,0149",baja,cadena,1.0,,42956148.0
050900,Animal products: natural sponges of animal origin,S07,0.3,0311,baja,cadena,1.0,,42956148.0
050900,Animal products: natural sponges of animal origin,S47,0.1,3830,baja,regla_residuos,1.0,,42956148.0
050900,Animal products: natural sponges of animal origin,S04,0.09999999999999999,0145,baja,cadena,1.0,,42956148.0
051000,"Animal products: ambergris, castoreum, civet, musk, cantharides, bile (dried or not) glands and other animal products, for pharmaceutical purposes, fresh, chilled, frozen or otherwise provisionally preserved",S47,1.0,3830,media,regla_residuos,1.0,,470006169.3333333
051110,Animal products: bovine semen,S03,1.0,0141,alta,cadena,1.0,,570626645.3333334
051191,"Animal products: of fish or crustaceans, molluscs or other aquatic invertebrates and dead animals of chapter 3, unfit for human consumption",S15,1.0,1020,alta,cadena,1.0,,727349804.0
051199,Animal products: n.e.s. in chapter 5,S03,0.5,"0141,0142,0144,0149",baja,cadena,1.0,,1907169698.3333333
051199,Animal products: n.e.s. in chapter 5,S07,0.3,0311,baja,cadena,1.0,,1907169698.3333333
051199,Animal products: n.e.s. in chapter 5,S47,0.1,3830,baja,regla_residuos,1.0,,1907169698.3333333
051199,Animal products: n.e.s. in chapter 5,S04,0.09999999999999999,0145,baja,cadena,1.0,,1907169698.3333333
060110,"Plants, live: bulbs, tubers, tuberous roots, corms, crowns and rhizomes, dormant",S02,1.0,0130,alta,cadena,1.0,,1189530321.0
060120,"Plants, live: bulbs, tubers, tuberous roots, corms, crowns and rhizomes, in growth or in flower, chicory plants and roots other than of heading no. 1212",S02,1.0,0130,alta,cadena,1.0,,615887611.6666666
060210,"Plants, live: unrooted cuttings and slips",S02,1.0,0130,alta,cadena,1.0,,530466338.3333333
060220,"Plants, live: edible fruit or nut trees, shrubs and bushes, grafted or not",S02,1.0,0130,alta,cadena,1.0,,872301921.0
060230,"Plants, live: rhododendrons and azaleas, grafted or not",S02,1.0,0130,alta,cadena,1.0,,96766599.33333333
060240,"Plants, live: roses, grafted or not",S02,1.0,0130,alta,cadena,1.0,,200496091.66666666
060291,"Plants, live: mushroom spawn",S07,0.8571428571428571,"0311,0312,0321,0322",media,cadena_prefijo,1.0,,820416054.0
060291,"Plants, live: mushroom spawn",S02,0.14285714285714285,0130,media,cadena_prefijo,1.0,,820416054.0
060299,"Plants, live: n.e.s. in heading no. 0602",S07,0.8571428571428571,"0311,0312,0321,0322",media,cadena_prefijo,1.0,,7464718643.0
060299,"Plants, live: n.e.s. in heading no. 0602",S02,0.14285714285714285,0130,media,cadena_prefijo,1.0,,7464718643.0
060310,"Flowers, cut: flowers, buds of a kind suitable for bouquets or for ornamental purposes, fresh",S01,1.0,0119,alta,cadena,1.0001,,8502626322.0
060390,Flowers: n.e.s. in heading no. 0603,S01,1.0,0119,alta,cadena,1.0,,559086257.3333334
060410,"Mosses and lichens: of a kind suitable for bouquets or ornamental purposes, fresh, dried, dyed, bleached, impregnated or otherwise prepared",S06,0.9658,0230,alta,cadena,1.0,,82890869.0
060410,"Mosses and lichens: of a kind suitable for bouquets or ornamental purposes, fresh, dried, dyed, bleached, impregnated or otherwise prepared",S02,0.0342,0129,alta,cadena,1.0,,82890869.0
060491,"Foliage, branches and other parts of plants, without flowers or flower buds, and grasses: being goods of a kind suitable for bouquets or for ornamental purposes, fresh",S02,0.75,0129,media,cadena,1.0,,1028095524.6666666
060491,"Foliage, branches and other parts of plants, without flowers or flower buds, and grasses: being goods of a kind suitable for bouquets or for ornamental purposes, fresh",S06,0.25,0230,media,cadena,1.0,,1028095524.6666666
060499,"Foliage, branches and other parts of plants, without flowers or flower buds, and grasses: kind suitable for bouquets or for ornamental purposes dried, dyed, bleached, impregnated, otherwise prepared, excluding fresh",S06,1.0,0230,alta,cadena,1.0,,272922926.6666667
070110,"Vegetables: seed potatoes, fresh or chilled",S01,1.0,0113,alta,cadena,1.0,,1084752833.0
070190,"Vegetables: potatoes (other than seed), fresh or chilled",S01,1.0,0113,alta,cadena,1.0,,4638579911.666667
070200,"Vegetables: tomatoes, fresh or chilled",S01,1.0,0113,alta,cadena,1.0,,10201886124.0
070310,"Vegetables, alliaceous: onions and shallots, fresh or chilled",S01,1.0,0113,alta,cadena,1.0,,4486472602.333333
070320,"Vegetables, alliaceous: garlic, fresh or chilled",S01,1.0,0113,alta,cadena,1.0,,3304455190.6666665
070390,"Vegetables, alliaceous: leeks and other kinds n.e.s. in heading no. 0703, fresh or chilled",S01,1.0,0113,alta,cadena,1.0,,337404417.0
070410,"Vegetables, brassica: cauliflowers and headed broccoli, fresh or chilled",S01,1.0,0113,alta,cadena,1.0,,2115962125.3333333
070420,"Vegetables, brassica: brussel sprouts, fresh or chilled",S01,1.0,0113,alta,cadena,1.0,,248564599.66666666
070490,"Vegetables, brassica: edible, n.e.s. in heading no. 0704, fresh or chilled",S01,1.0,0113,alta,cadena,1.0,,1563915160.6666667
070511,"Vegetables: cabbage (head) lettuce (lactuca sativa), fresh or chilled",S01,1.0,0113,alta,cadena,1.0,,1060488585.6666666
070519,"Vegetables: lettuce (lactuca sativa), (other than cabbage lettuce), fresh or chilled",S01,1.0,0113,alta,cadena,1.0,,1988057352.3333333
070521,"Vegetables: witloff chicory (cichorium intybus var. foliosum), fresh or chilled",S01,1.0,0113,alta,cadena,1.0,,119462316.33333333
070529,"Vegetables: chicory (cichorium spp.), (other than witloof chicory), fresh or chilled",S01,1.0,0113,alta,cadena,1.0,,194000505.33333334
070610,"Vegetables, root: carrots and turnips, fresh or chilled",S01,1.0,0113,alta,cadena,1.0,,1635812923.6666667
070690,"Vegetables, root: salad beetroot, salsify, celeric, radishes and similar edible roots, fresh or chilled",S01,1.0,0113,alta,cadena,1.0,,619618366.0
070700,"Vegetables: cucumbers and gherkins, fresh or chilled",S01,1.0,0113,alta,cadena,1.0,,3339150069.3333335
070810,"Vegetables, leguminous: peas (pisum sativum), shelled or unshelled, fresh or chilled",S01,1.0,0111,alta,cadena,1.0,,374062529.3333333
070820,"Vegetables, leguminous: beans (vigna spp., phaseolus spp.), shelled or unshelled, fresh or chilled",S01,1.0,0111,alta,cadena,1.0,,1035913781.6666666
070890,"Vegetables, leguminous: (other than peas and beans), shelled or unshelled, fresh or chilled",S01,1.0,0111,alta,cadena,1.0,,140037804.33333334
070910,"Vegetables: globe artichokes, fresh or chilled",S01,0.959,0113,alta,cadena,1.0,,479304269.6666667
070910,"Vegetables: globe artichokes, fresh or chilled",S02,0.041,0126,alta,cadena,1.0,,479304269.6666667
070920,"Vegetables: asparagus, fresh or chilled",S01,1.0,0113,alta,cadena,1.0,,1342448139.0
070930,"Vegetables: aubergines, (egg plants), fresh or chilled",S01,1.0,0113,alta,cadena,1.0,,563133040.6666666
070940,"Vegetables: celery (other than celeriac), fresh or chilled",S01,1.0,0113,alta,cadena,1.0,,361079565.3333333
070951,"Vegetables: mushrooms, fresh or chilled",S01,0.5,0113,baja,cadena,1.0,,2044599962.0
070951,"Vegetables: mushrooms, fresh or chilled",S06,0.5,0230,baja,cadena,1.0,,2044599962.0
070952,"Vegetables: truffles, fresh or chilled",S01,0.5,0113,baja,cadena,1.0,,175057233.0
070952,"Vegetables: truffles, fresh or chilled",S06,0.5,0230,baja,cadena,1.0,,175057233.0
070960,Vegetables: fruits of the genus capsicum or of the genus pimenta,S02,1.0,0128,alta,cadena,1.0,,6374287003.666667
070970,"Vegetables: spinach, New Zealand spinach and orache spinach (garden spinach), fresh or chilled",S01,1.0,0113,alta,cadena,1.0,,819718779.6666666
070990,"Vegetables: edible, n.e.s. in chapter 7, fresh or chilled",S01,0.959,0113,alta,cadena,1.0,,4605225921.0
070990,"Vegetables: edible, n.e.s. in chapter 7, fresh or chilled",S02,0.041,0126,alta,cadena,1.0,,4605225921.0
071010,"Vegetables: potatoes, uncooked or cooked by steaming or boiling in water, frozen",S15,1.0,1030,alta,cadena,1.0,,252773648.0
071021,"Vegetables, leguminous: peas (pisum sativum), shelled or unshelled, uncooked or cooked by steaming or boiling in water, frozen",S15,1.0,1030,alta,cadena,1.0,,544493453.3333334
071022,"Vegetables, leguminous: beans (vigna spp., phaseolus spp.), shelled or unshelled, uncooked or cooked by steaming or boiling in water, frozen",S15,1.0,1030,alta,cadena,1.0,,400410776.6666667
071029,"Vegetables, leguminous: (other than peas or beans), shelled or unshelled, uncooked or cooked by steaming or boiling in water, frozen",S15,1.0,1030,alta,cadena,1.0,,363021558.0
071030,"Vegetables: spinach, New Zealand spinach and orache spinach (garden spinach), uncooked or cooked by steaming or boiling in water, frozen",S15,1.0,1030,alta,cadena,1.0,,311405193.6666667
071040,"Vegetables: sweetcorn, uncooked or cooked by steaming or boiling in water, frozen",S15,1.0,1030,alta,cadena,1.0,,525841994.6666667
071080,"Vegetables: uncooked or cooked by steaming or boiling in water, frozen, n.e.s. in chapter 7",S15,1.0,1030,alta,cadena,1.0,,4189767122.6666665
071090,"Vegetable mixtures: uncooked or cooked by steaming or boiling in water, frozen",S15,1.0,1030,alta,cadena,1.0,,958660139.3333334
071110,"Vegetables: onions, provisionally preserved by sulphur dioxide gas, but unsuitable in that state for immediate consumption",S15,1.0,1030,alta,cadena,1.0,,14799096.666666666
071120,"Vegetables: olives, provisionally preserved but unsuitable in that state for immediate consumption",S15,1.0,1030,alta,cadena,1.0,,132106379.0
071130,"Vegetables: capers, provisionally preserved but unsuitable in that state for immediate consumption",S15,1.0,1030,alta,cadena,1.0,,39903386.666666664
071140,"Vegetables: cucumbers and gherkins, provisionally preserved but unsuitable in that state for immediate consumption",S15,1.0,1030,alta,cadena,1.0,,136090338.0
071190,"Vegetables and mixed vegetables: n.e.s. in heading no. 0711, provisionally preserved but unsuitable in that state for immediate consumption",S15,1.0,1030,alta,cadena,1.0,,411968587.6666667
071210,"Vegetables: potatoes, whether or not cut or sliced but not further prepared, dried",S15,1.0,1030,media,cadena_prefijo,1.0,,214352801.0
071220,"Vegetables: onions, whole, cut, sliced, broken or in powder but not further prepared, dried",S15,1.0,1030,alta,cadena,1.0,,497733520.0
071230,"Vegetables: mushrooms and truffles, whole, cut, sliced, broken or in powder but not further prepared, dried",S15,1.0,1030,alta,cadena,1.0,,1067605916.0
071290,"Vegetables: mixtures of vegetables n.e.s. in heading no. 0712, whole, cut, sliced, broken or in powder but not further prepared, dried",S15,1.0,1030,alta,cadena,1.0,,1791961166.3333333
071310,"Vegetables, leguminous: peas (pisum sativum), shelled, whether or not skinned or split, dried",S01,1.0,0111,alta,cadena,1.0,,2888261627.6666665
071320,"Vegetables, leguminous: chickpeas (garbanzos), shelled, whether or not skinned or split, dried",S01,1.0,0111,alta,cadena,1.0,,2071801121.0
071331,"Vegetables, leguminous: beans of the species vigna mungo (l.) hepper or vigna radiata (l.) wilczek, dried, shelled, whether or not skinned or split",S01,1.0,0111,alta,cadena,1.0,,2015061108.6666667
071332,"Vegetables, leguminous: small red (adzuki) beans (phaseolus or vigna angularis), shelled, dried, whether or not skinned or split",S01,1.0,0111,alta,cadena,1.0,,187988601.0
071333,"Vegetables, leguminous: kidney beans, including white pea beans (phaseolus vulgaris), dried, shelled, whether or not skinned or split",S01,1.0,0111,alta,cadena,1.0,,1867858199.0
071339,"Vegetables, leguminous: n.e.s. in item no. 0713.30, dried, shelled, whether or not skinned or split",S01,1.0,0111,alta,cadena,0.9999,,929558294.0
071340,"Vegetables, leguminous: lentils, shelled, whether or not skinned or split, dried",S01,1.0,0111,alta,cadena,1.0,,3916370598.0
071350,"Vegetables, leguminous: broad beans (vicia faba var. major) and horse beans (vicia faba var. equina and vicia faba var. minor), dried, shelled, whether or not skinned or split",S01,1.0,0111,alta,cadena,1.0,,571183402.3333334
071390,"Vegetables, leguminous: n.e.s. in heading no. 0713, shelled, whether or not skinned or split, dried",S01,1.0,0111,alta,cadena,1.0,,1128253905.3333333
071410,"Vegetable roots and tubers: manioc (cassava), with high starch or inulin content, whether or not sliced or in the form of pellets, fresh or dried",S01,1.0,0113,alta,cadena,1.0,,2341964718.0
071420,"Vegetable roots and tubers: sweet potatoes, with high starch or inulin content, whether or not sliced or in the form of pellets, fresh or dried",S01,1.0,0113,alta,cadena,1.0,,673433383.0
071490,"Vegetable roots and tubers: arrowroot, salep, Jerusalem artichokes and similar roots and tubers, high starch or inulin content, whether or not sliced or in the form of pellets, fresh or dried: sago pith",S01,1.0,0113,alta,cadena,1.0,,371290852.6666667
080110,"Nuts, edible: coconuts, fresh or dried, whether or not shelled or peeled",S02,0.5,0126,baja,cadena_prefijo,1.0,,1639715890.3333333
080110,"Nuts, edible: coconuts, fresh or dried, whether or not shelled or peeled",S15,0.5,1030,baja,cadena_prefijo,1.0,,1639715890.3333333
080120,"Nuts, edible: Brazil nuts, fresh or dried, whether or not shelled or peeled",S02,0.5,0125,baja,cadena_prefijo,1.0,,251736038.66666666
080120,"Nuts, edible: Brazil nuts, fresh or dried, whether or not shelled or peeled",S15,0.5,1030,baja,cadena_prefijo,1.0,,251736038.66666666
080130,"Nuts, edible: cashew nuts, fresh or dried, whether or not shelled or peeled",S02,0.5,0125,baja,cadena_prefijo,1.0,,6516914131.666667
080130,"Nuts, edible: cashew nuts, fresh or dried, whether or not shelled or peeled",S15,0.5,1030,baja,cadena_prefijo,1.0,,6516914131.666667
080211,"Nuts, edible: almonds, fresh or dried, in shell",S02,1.0,0125,alta,cadena,1.0,,1542850910.6666667
080212,"Nuts, edible: almonds, fresh or dried, shelled",S15,1.0,1030,alta,cadena,1.0,,4923081187.333333
080221,"Nuts, edible: hazelnuts or filberts (corylus spp.), fresh or dried, in shell",S02,1.0,0125,alta,cadena,1.0,,133406709.0
080222,"Nuts, edible: hazelnuts or filberts (corylus spp.), fresh or dried, shelled",S15,1.0,1030,alta,cadena,1.0,,1911477519.6666667
080231,"Nuts, edible: walnuts, fresh or dried, in shell",S02,1.0,0125,alta,cadena,1.0,,1145335883.0
080232,"Nuts, edible: walnuts, fresh or dried, shelled",S15,1.0,1030,alta,cadena,1.0,,2204050083.6666665
080240,"Nuts, edible: chestnuts (castanea spp.), fresh or dried, whether or not shelled or peeled",S02,0.6254,0125,media,cadena,1.0,,288443327.3333333
080240,"Nuts, edible: chestnuts (castanea spp.), fresh or dried, whether or not shelled or peeled",S15,0.3746,1030,media,cadena,1.0,,288443327.3333333
080250,"Nuts, edible: pistachios, fresh or dried, whether or not shelled or peeled",S02,0.8029,0125,media,cadena,1.0,,3549619228.0
080250,"Nuts, edible: pistachios, fresh or dried, whether or not shelled or peeled",S15,0.1971,1030,media,cadena,1.0,,3549619228.0
080290,"Nuts, edible: n.e.s. in heading no. 0801 and 0802, fresh or dried, whether or not shelled or peeled",S15,0.4402108615695896,1030,baja,cadena,1.0000655900000002,,2700289742.0
080290,"Nuts, edible: n.e.s. in heading no. 0801 and 0802, fresh or dried, whether or not shelled or peeled",S06,0.3372416603194996,0230,baja,cadena,1.0000655900000002,,2700289742.0
080290,"Nuts, edible: n.e.s. in heading no. 0801 and 0802, fresh or dried, whether or not shelled or peeled",S02,0.2225474781109107,0125,baja,cadena,1.0000655900000002,,2700289742.0
080300,"Fruit, edible: bananas, (including plantains), fresh or dried",S02,0.75,0122,media,cadena,1.0,,13044525870.333334
080300,"Fruit, edible: bananas, (including plantains), fresh or dried",S15,0.25,1030,media,cadena,1.0,,13044525870.333334
080410,"Fruit, edible: dates, fresh or dried",S02,0.75,0122,media,cadena,1.0,,2091479521.0
080410,"Fruit, edible: dates, fresh or dried",S15,0.25,1030,media,cadena,1.0,,2091479521.0
080420,"Fruit, edible: figs, fresh or dried",S02,0.75,0122,media,cadena,1.0,,688275820.6666666
080420,"Fruit, edible: figs, fresh or dried",S15,0.25,1030,media,cadena,1.0,,688275820.6666666
080430,"Fruit, edible: pineapples, fresh or dried",S02,0.75,0122,media,cadena,1.0,,2285623339.0
080430,"Fruit, edible: pineapples, fresh or dried",S15,0.25,1030,media,cadena,1.0,,2285623339.0
080440,"Fruit, edible: avocados, fresh or dried",S02,0.75,0122,media,cadena,1.0,,7472664217.666667
080440,"Fruit, edible: avocados, fresh or dried",S15,0.25,1030,media,cadena,1.0,,7472664217.666667
080450,"Fruit, edible: guavas, mangoes and mangosteens, fresh or dried",S02,0.75,0122,media,cadena,1.0,,3577459192.3333335
080450,"Fruit, edible: guavas, mangoes and mangosteens, fresh or dried",S15,0.25,1030,media,cadena,1.0,,3577459192.3333335
080510,"Fruit, edible: oranges, fresh or dried",S02,0.75,0123,media,cadena,1.0,,4728090363.666667
080510,"Fruit, edible: oranges, fresh or dried",S15,0.25,1030,media,cadena,1.0,,4728090363.666667
080520,"Fruit, edible: mandarins (including tangerines and satsumas), clementines, wilkings and similar citrus hybrids, fresh or dried",S02,0.75,0123,media,cadena,1.0,,5388732202.0
080520,"Fruit, edible: mandarins (including tangerines and satsumas), clementines, wilkings and similar citrus hybrids, fresh or dried",S15,0.25,1030,media,cadena,1.0,,5388732202.0
080530,"Fruit, edible: lemons (citrus limon, citrus limonum), limes (citrus aurantifolia)",S02,0.75,0123,media,cadena,1.0,,3500891607.6666665
080530,"Fruit, edible: lemons (citrus limon, citrus limonum), limes (citrus aurantifolia)",S15,0.25,1030,media,cadena,1.0,,3500891607.6666665
080540,"Fruit, edible: grapefruit, fresh or dried",S02,0.75,0123,media,cadena,1.0,,746218434.3333334
080540,"Fruit, edible: grapefruit, fresh or dried",S15,0.25,1030,media,cadena,1.0,,746218434.3333334
080590,"Fruit, edible: citrus fruit n.e.s. in heading no. 0805, fresh or dried",S02,0.75,0123,media,cadena,1.0,,348566978.3333333
080590,"Fruit, edible: citrus fruit n.e.s. in heading no. 0805, fresh or dried",S15,0.25,1030,media,cadena,1.0,,348566978.3333333
080610,"Fruit, edible: grapes, fresh",S02,1.0,0121,alta,cadena,1.0,,8825218162.666666
080620,"Fruit, edible: grapes, dried",S15,1.0,1030,alta,cadena,1.0,,1623849940.0
080710,"Fruit, edible: melons (including watermelons), fresh",S01,1.0,0113,media,cadena_prefijo,1.0,,3814981035.6666665
080720,"Fruit, edible: papaws (papayas), fresh",S02,1.0,0122,alta,cadena,1.0,,311695268.0
080810,"Fruit, edible: apples, fresh",S02,1.0,0124,alta,cadena,1.0,,6680570739.0
080820,"Fruit, edible: pears and quinces, fresh",S02,1.0,0124,alta,cadena,1.0,,2505091365.3333335
080910,"Fruit, edible: apricots, fresh",S02,1.0,0124,alta,cadena,1.0,,487467333.3333333
080920,"Fruit, edible: cherries, fresh",S02,1.0,0124,alta,cadena,1.0,,3872942447.3333335
080930,"Fruit, edible: peaches including nectarines, fresh",S02,1.0,0124,alta,cadena,1.0,,2370726500.6666665
080940,"Fruit, edible: plums and sloes, fresh",S02,1.0,0124,alta,cadena,1.0,,961909831.3333334
081010,"Fruit, edible: strawberries, fresh",S02,1.0,0125,alta,cadena,1.0,,3350591227.6666665
081020,"Fruit, edible: raspberries, blackberries, mulberries and loganberries, fresh",S02,1.0,0125,alta,cadena,1.0,,2506346000.3333335
081030,"Fruit, edible: black, white or red currants and gooseberries, fresh",S02,0.919083575024169,"0122,0124,0125",media,cadena,0.9999,,
081030,"Fruit, edible: black, white or red currants and gooseberries, fresh",S06,0.08091642497583092,0230,media,cadena,0.9999,,
081040,"Fruit, edible: cranberries, bilberries and other fruits of the genus vaccinium, fresh",S02,0.5,0125,baja,cadena,1.0,,4911252125.333333
081040,"Fruit, edible: cranberries, bilberries and other fruits of the genus vaccinium, fresh",S06,0.5,0230,baja,cadena,1.0,,4911252125.333333
081090,"Fruit, edible: fruits n.e.s. in heading no. 0801 to 0810, fresh",S02,0.9599160259065901,"0122,0124,0125",alta,cadena,0.99995046,,13396265397.333334
081090,"Fruit, edible: fruits n.e.s. in heading no. 0801 to 0810, fresh",S06,0.04008397409340992,0230,alta,cadena,0.99995046,,13396265397.333334
081110,"Fruit, edible: strawberries, uncooked or cooked by steaming or boiling in water, frozen, whether or not containing added sugar or other sweetening matter",S15,1.0,1030,alta,cadena,1.0,,1231410924.0
081120,"Fruit, edible: raspberries, blackberries, mulberries, loganberries, black, white or red currants and gooseberries, uncooked or cooked, whether or not containing added sugar or other sweetening matter",S15,1.0,1030,alta,cadena,1.0,,1272766315.6666667
081190,"Fruit, edible: fruit and nuts n.e.s. in heading no. 0811, uncooked or cooked, frozen whether or not containing added sugar or other sweetening matter",S15,1.0,1030,alta,cadena,1.0,,4310589307.666667
081210,"Fruit, edible: cherries, provisionally preserved, but unsuitable in that state for immediate consumption",S15,1.0,1030,alta,cadena,1.0,,108743873.0
081220,"Fruit, edible: strawberries, provisionally preserved, but unsuitable in that state for immediate consumption",S15,1.0,1030,alta,cadena,1.0,,3072084.0
081290,"Fruit, edible: fruit and nuts n.e.s. in heading no. 0812, provisionally preserved, but unsuitable in that state for immediate consumption",S15,1.0,1030,alta,cadena,1.0,,147003381.0
081310,"Fruit, edible: apricots, dried",S15,1.0,1030,alta,cadena,1.0,,521262103.6666667
081320,"Fruit, edible: prunes, dried",S15,1.0,1030,alta,cadena,1.0,,643943675.6666666
081330,"Fruit, edible: apples, dried",S15,1.0,1030,alta,cadena,1.0,,154698339.66666666
081340,"Fruit, edible: fruit n.e.s. in heading no. 0812, dried",S15,1.0,1030,alta,cadena,1.0,,1307385055.0
081350,"Nuts, edible: mixtures of nuts or dried fruits of chapter 8",S15,1.0,1030,alta,cadena,1.0,,326401861.0
081400,"Peel: of citrus fruit or melons (including watermelons), fresh, frozen, dried or provisionally preserved in brine, in sulphur water and other preservative solutions",S15,1.0,1030,alta,cadena,1.0,,101621709.33333333
090111,Coffee: not roasted or decaffeinated,S02,1.0,0127,alta,cadena,1.0,,26509347682.333332
090112,"Coffee: decaffeinated, not roasted",S17,1.0,1079,alta,cadena,1.0,,1254683829.3333333
090121,"Coffee: roasted, not decaffeinated",S17,1.0,1079,alta,cadena,1.0,,13201672647.0
090122,"Coffee: roasted, decaffeinated",S17,1.0,1079,alta,cadena,1.0,,712337436.3333334
090130,Coffee: husks and skins,S17,0.7000000000000001,1079,media,cadena_prefijo,0.9999999999999999,,
090130,Coffee: husks and skins,S02,0.20000000000000004,0127,media,cadena_prefijo,0.9999999999999999,,
090130,Coffee: husks and skins,S47,0.10000000000000002,3830,media,cadena_prefijo,0.9999999999999999,,
090140,"Coffee: substitutes containing coffee, in any proportion",S17,0.7000000000000001,1079,media,cadena_prefijo,0.9999999999999999,,117523568.33333333
090140,"Coffee: substitutes containing coffee, in any proportion",S02,0.20000000000000004,0127,media,cadena_prefijo,0.9999999999999999,,117523568.33333333
090140,"Coffee: substitutes containing coffee, in any proportion",S47,0.10000000000000002,3830,media,cadena_prefijo,0.9999999999999999,,117523568.33333333
090210,"Tea, green: (not fermented), in immediate packings of a content not exceeding 3kg",S17,1.0,1079,alta,cadena,1.0,,1083607924.6666667
090220,"Tea, green: (not fermented), in immediate packings of a content exceeding 3kg",S02,1.0,0127,alta,cadena,1.0,,972243336.6666666
090230,"Tea, black: (fermented) and partly fermented tea, in immediate packings of a content not exceeding 3kg",S17,1.0,1079,alta,cadena,1.0,,1900766356.6666667
090240,"Tea, black: (fermented) and partly fermented tea, in immediate packings of a content exceeding 3kg",S02,1.0,0127,alta,cadena,1.0,,3592147071.0
090300,Mate,S02,1.0,0127,alta,cadena,1.0,,211305848.66666666
090411,"Spices: pepper (of the genus piper), neither crushed nor ground",S02,1.0,0128,alta,cadena,1.0,,1657006919.3333333
090412,"Spices: pepper (of the genus piper), crushed or ground",S17,1.0,1079,alta,cadena,1.0,,504195886.0
090420,"Spices: fruits of the genus capsicum or pimenta, dried or crushed or ground",S02,0.6482,0128,media,cadena,1.0,,3022856543.6666665
090420,"Spices: fruits of the genus capsicum or pimenta, dried or crushed or ground",S17,0.3518,1079,media,cadena,1.0,,3022856543.6666665
090500,Spices: vanilla,S02,0.9164,0128,media,cadena,1.0,,581377834.3333334
090500,Spices: vanilla,S17,0.0836,1079,media,cadena,1.0,,581377834.3333334
090610,"Spices: cinnamon and cinnamon-tree flowers, neither crushed nor ground",S02,1.0,0128,alta,cadena,1.0,,658745837.3333334
090620,"Spices: cinnamon and cinnamon-tree flowers, crushed or ground",S17,1.0,1079,alta,cadena,1.0,,203611065.0
090700,"Spices: cloves (whole fruit, cloves and stems)",S02,0.9234,0128,media,cadena,1.0,,590255476.0
090700,"Spices: cloves (whole fruit, cloves and stems)",S17,0.0766,1079,media,cadena,1.0,,590255476.0
090810,Spices: nutmeg,S02,0.7577,0128,media,cadena,1.0,,229033724.66666666
090810,Spices: nutmeg,S17,0.2423,1079,media,cadena,1.0,,229033724.66666666
090820,Spices: mace,S02,0.7203,0128,media,cadena,1.0,,81715009.33333333
090820,Spices: mace,S17,0.2797,1079,media,cadena,1.0,,81715009.33333333
090830,Spices: cardamoms,S02,0.829,0128,media,cadena,1.0,,850366684.6666666
090830,Spices: cardamoms,S17,0.171,1079,media,cadena,1.0,,850366684.6666666
090910,Spices: anise or badian seeds,S02,1.0,0128,alta,cadena,1.0,,159240393.33333334
090920,Spices: coriander seeds,S02,0.7356,0128,media,cadena,1.0,,281820803.6666667
090920,Spices: coriander seeds,S17,0.2644,1079,media,cadena,1.0,,281820803.6666667
090930,Spices: cumin seeds,S02,0.763,0128,media,cadena,1.0,,834939785.3333334
090930,Spices: cumin seeds,S17,0.237,1079,media,cadena,1.0,,834939785.3333334
090940,Spices: caraway seeds,S02,0.8749,0128,media,cadena,1.0,,150626902.0
090940,Spices: caraway seeds,S17,0.1251,1079,media,cadena,1.0,,150626902.0
090950,Spices: fennel or juniper seeds,S17,0.6105,1079,media,cadena,1.0,,129578522.33333333
090950,Spices: fennel or juniper seeds,S02,0.3895,0128,media,cadena,1.0,,129578522.33333333
091010,Spices: ginger,S02,0.8093,0128,media,cadena,1.0,,1151457771.0
091010,Spices: ginger,S17,0.1907,1079,media,cadena,1.0,,1151457771.0
091020,Spices: saffron,S02,0.5,0128,baja,cadena,1.0,,235041698.66666666
091020,Spices: saffron,S17,0.5,1079,baja,cadena,1.0,,235041698.66666666
091030,Spices: turmeric (curcuma),S02,0.5,0128,baja,cadena,1.0,,365219728.3333333
091030,Spices: turmeric (curcuma),S17,0.5,1079,baja,cadena,1.0,,365219728.3333333
091040,"Herbs: thyme, bay leaves",S02,0.5,0128,baja,cadena,1.0,,111905280.33333333
091040,"Herbs: thyme, bay leaves",S17,0.5,1079,baja,cadena,1.0,,111905280.33333333
091050,Curry,S02,0.5,0128,baja,cadena,1.0,,301605327.6666667
091050,Curry,S17,0.5,1079,baja,cadena,1.0,,301605327.6666667
091091,Spices: mixtures,S02,0.5,0128,baja,cadena,1.0,,519154604.3333333
091091,Spices: mixtures,S17,0.5,1079,baja,cadena,1.0,,519154604.3333333
091099,Spices: mixtures of 2 or more products of the same heading,S02,0.5,0128,baja,cadena,1.0,,473219001.0
091099,Spices: mixtures of 2 or more products of the same heading,S17,0.5,1079,baja,cadena,1.0,,473219001.0
100110,Cereals: durum wheat,S01,1.0,0111,alta,cadena,1.0,,10504682947.0
100190,Cereals: meslin and wheat other than durum,S01,1.0,0111,alta,cadena,1.0,,47839561579.666664
100200,Cereals: rye,S01,1.0,0111,alta,cadena,1.0,,400971469.6666667
100300,Cereals: barley,S01,1.0,0111,alta,cadena,1.0,,9331378724.666666
100400,Cereals: oats,S01,1.0,0111,alta,cadena,1.0,,1102130023.6666667
100510,"Cereals: maize (corn), seed",S01,1.0,0111,alta,cadena,1.0,,3677962687.6666665
100590,"Cereals: maize (corn), other than seed",S01,1.0,0111,alta,cadena,1.0,,48378475837.0
100610,Cereals: rice in the husk (paddy or rough),S01,1.0,0112,alta,cadena,1.0,,2009332279.3333333
100620,Cereals: husked (brown) rice,S12,1.0,1061,alta,cadena,1.0,,1679676601.0
100630,"Cereals: rice, semi-milled or wholly milled, whether or not polished or glazed",S12,1.0,1061,alta,cadena,1.0,,26564949460.666668
100640,"Cereals: rice, broken",S12,1.0,1061,alta,cadena,1.0,,2891293321.0
100700,Cereals: grain sorghum,S01,1.0,0111,alta,cadena,1.0,,2778611560.6666665
100810,Cereals: buckwheat,S01,1.0,0111,alta,cadena,1.0,,153453831.33333334
100820,Cereals: millet,S01,1.0,0111,alta,cadena,1.0,,195577017.0
100830,Cereals: canary seed,S01,1.0,0111,alta,cadena,1.0,,141769514.33333334
100890,Cereals: n.e.s. in chapter 10,S01,1.0,0111,alta,cadena,1.0,,641627164.6666666
110100,Wheat or meslin flour,S12,1.0,1061,alta,cadena,1.0,,6221147103.333333
110210,Cereal flour: of rye,S12,1.0,1061,alta,cadena,1.0,,142962094.0
110220,Cereal flour: of maize (corn),S12,1.0,1061,alta,cadena,1.0,,695994923.3333334
110230,Cereal flour: of rice,S12,1.0,1061,alta,cadena,1.0,,368120387.3333333
110290,Cereal flours: n.e.s. in heading no. 1102,S12,1.0,1061,alta,cadena,1.0,,153584402.0
110311,Cereal groats and meal: of wheat,S12,1.0,1061,alta,cadena,1.0,,506154015.0
110312,Cereal groats and meal: of oats,S12,1.0,1061,alta,cadena,1.0,,257463963.33333334
110313,Cereal groats and meal: of maize (corn),S12,1.0,1061,alta,cadena,1.0,,612270267.3333334
110314,Cereal groats and meal: of rice,S12,1.0,1061,alta,cadena,1.0,,8520781.0
110319,Cereal groats and meal: n.e.s. in heading no. 1103,S12,1.0,1061,alta,cadena,1.0,,18286869.666666668
110321,Cereal pellets: of wheat,S12,1.0,1061,alta,cadena,1.0,,48256455.0
110329,Cereal pellets: of cereals other than wheat,S12,1.0,1061,alta,cadena,1.0,,45569886.333333336
110411,"Cereal grains: rolled or flaked, of barley",S12,1.0,1061,alta,cadena,1.0,,45076567.333333336
110412,"Cereal grains: rolled or flaked, of oats",S12,1.0,1061,alta,cadena,1.0,,848478058.0
110419,"Cereal grains: rolled or flaked, of cereals excluding barley and oats",S12,1.0,1061,alta,cadena,1.0,,161068000.33333334
110421,"Cereal grains: worked (eg hulled, pearled, sliced or kibbled) of barley",S12,1.0,1061,alta,cadena,1.0,,
110422,"Cereal grains: worked (eg hulled, pearled, sliced or kibbled) of oats",S12,1.0,1061,alta,cadena,1.0,,333400473.0
110423,"Cereal grains: worked (eg hulled, pearled, sliced or kibbled) of maize (corn)",S12,1.0,1061,alta,cadena,1.0,,330575888.3333333
110429,"Cereal grains: worked (eg hulled, pearled, sliced or kibbled) of cereals n.e.s. in item no. 1104.2, except rice of heading no. 1006",S12,1.0,1061,alta,cadena,1.0,,470944349.3333333
110430,"Cereal: germ of cereals, whole, rolled, flaked or ground",S12,1.0,1061,alta,cadena,1.0,,212491448.66666666
110510,Flour and meal: of potatoes,S15,1.0,1030,alta,cadena,1.0,,183588072.0
110520,Flakes: of potatoes,S15,1.0,1030,alta,cadena,1.0,,891342621.0
110610,Flour and meal: of the dried leguminous vegetables of heading no. 0713,S12,1.0,1061,alta,cadena,1.0,,276616333.6666667
110620,"Flour and meal: of sago, roots or tubers of heading no. 0714",S12,1.0,1061,alta,cadena,1.0,,172677665.66666666
110630,"Flour, meal and powder: of the products of chapter 8",S12,1.0,1061,alta,cadena,1.0,,467659875.0
110710,Malt: not roasted,S19,1.0,1103,alta,cadena,1.0,,4552531573.0
110720,Malt: roasted,S19,1.0,1103,alta,cadena,1.0,,185289760.66666666
110811,Starch: wheat,S17,1.0,1062,alta,cadena,1.0,,510162427.0
110812,Starch: maize (corn) starch,S17,1.0,1062,alta,cadena,1.0,,1487029125.0
110813,Starch: potato,S17,1.0,1062,alta,cadena,1.0,,962517421.6666666
110814,Starch: manioc (cassava),S17,1.0,1062,alta,cadena,1.0,,2978528927.6666665
110819,Starch: n.e.s. in item no. 1108.11 to 1108.14,S17,1.0,1062,alta,cadena,1.0,,299551355.6666667
110820,Inulin,S17,1.0,1062,alta,cadena,1.0,,278421408.0
110900,Wheat gluten: whether or not dried,S17,1.0,1062,alta,cadena,1.0,,1879671864.3333333
120100,Soya beans: whether or not broken,S01,1.0,0111,alta,cadena,1.0,,86015063211.66667
120210,"Ground-nuts: in shell, not roasted or otherwise cooked",S01,1.0,0111,alta,cadena,1.0,,401850407.3333333
120220,"Ground-nuts: shelled, not roasted or otherwise cooked, whether or not broken",S15,0.846,1030,media,cadena,1.0,,3543080598.3333335
120220,"Ground-nuts: shelled, not roasted or otherwise cooked, whether or not broken",S01,0.154,0111,media,cadena,1.0,,3543080598.3333335
120300,Copra,S02,1.0,0126,alta,cadena,1.0,,90834693.0
120400,"Oil seeds: linseed, whether or not broken",S01,1.0,0111,alta,cadena,1.0,,1266187873.6666667
120500,"Oil seeds: rape or colza seeds, whether or not broken",S01,1.0,0111,alta,cadena,1.0,,13510235231.666666
120600,"Oil seeds: sunflower seeds, whether or not broken",S01,1.0,0111,alta,cadena,1.0,,5264969722.666667
120710,"Oleaginous fruits: palm nuts and kernels, whether or not broken",S02,0.5673250000000001,0126,baja,cadena,1.0,,229858572.33333334
120710,"Oleaginous fruits: palm nuts and kernels, whether or not broken",S01,0.43267500000000003,0111,baja,cadena,1.0,,229858572.33333334
120720,"Oil seeds: cotton seeds, whether or not broken",S01,1.0,0111,alta,cadena,1.0,,524291190.0
120730,"Oil seeds: castor oil seeds, whether or not broken",S02,0.5673250000000001,0126,baja,cadena,1.0,,68161597.33333333
120730,"Oil seeds: castor oil seeds, whether or not broken",S01,0.43267500000000003,0111,baja,cadena,1.0,,68161597.33333333
120740,"Oil seeds: sesamum seeds, whether or not broken",S01,1.0,0111,alta,cadena,1.0,,3793555985.6666665
120750,"Oil seeds: mustard seeds, whether or not broken",S01,1.0,0111,alta,cadena,1.0,,411986510.3333333
120760,"Oil seeds: safflower seeds, whether or not broken",S02,0.5673250000000001,0126,baja,cadena,1.0,,130059265.0
120760,"Oil seeds: safflower seeds, whether or not broken",S01,0.43267500000000003,0111,baja,cadena,1.0,,130059265.0
120791,"Oil seeds: poppy seeds, whether or not broken",S01,1.0,0111,alta,cadena,1.0,,197200112.66666666
120792,Oleaginous fruits: shea nuts (karite nuts),S02,0.5673250000000001,0126,baja,cadena,1.0,,259031595.0
120792,Oleaginous fruits: shea nuts (karite nuts),S01,0.43267500000000003,0111,baja,cadena,1.0,,259031595.0
120799,"Oil seeds and oleaginous fruits: n.e.s. in heading no. 1207, whether or not broken",S02,0.5673250000000001,0126,baja,cadena,1.0,,896300074.0
120799,"Oil seeds and oleaginous fruits: n.e.s. in heading no. 1207, whether or not broken",S01,0.43267500000000003,0111,baja,cadena,1.0,,896300074.0
120810,Flours and meals: of soya beans,S11,1.0,1040,alta,cadena,1.0,,1784011920.3333333
120890,Flours and meals of oil seeds or oleaginous fruits: excluding soya beans and mustard seeds,S11,1.0,1040,alta,cadena,1.0,,177317167.33333334
120911,"Seed: sugar beet seed, of a kind used for sowing",S01,1.0,0113,alta,cadena,1.0,,848362976.0
120919,"Seed: beet seed, (excluding sugar beet), of a kind used for sowing",S01,1.0,0119,alta,cadena,1.0,,11500550.333333334
120921,"Seed: lucerne (alfalfa) seed, of a kind used for sowing",S01,1.0,0119,alta,cadena,1.0,,311105170.0
120922,"Seed: clover (trifolium spp.) seed, of a kind used for sowing",S01,1.0,0119,alta,cadena,1.0,,185103261.33333334
120923,"Seed: fescue, of a kind used for sowing",S01,1.0,0119,alta,cadena,1.0,,209688620.66666666
120924,"Seed: kentucky blue grass (poa pratensis l.) seed, of a kind used for sowing",S01,1.0,0119,alta,cadena,1.0,,77321006.0
120925,"Seed: rye grass (lolium multiflorum lam., lolium perenne l.) seed, of a kind used for sowing",S01,1.0,0119,alta,cadena,1.0,,411853416.3333333
120926,"Seed: timothy grass seed, of a kind used for sowing",S01,1.0,0119,alta,cadena,1.0,,31994870.333333332
120929,"Seed: of forage plants, other than beet seed, n.e.s. in item no. 1209.2",S01,1.0,0119,alta,cadena,1.0,,575745245.3333334
120930,"Seed: of herbaceous plants cultivated principally for their flowers, of a kind used for sowing",S01,1.0,0119,alta,cadena,1.0,,388671409.3333333
120991,"Seed: vegetable seed, of a kind used for sowing",S01,1.0,0113,alta,cadena,1.0,,4931506058.666667
120999,"Seed: n.e.s. in heading no. 1209, of a kind used for sowing",S02,0.875,"0125,0129",media,cadena,1.0,,449009364.0
120999,"Seed: n.e.s. in heading no. 1209, of a kind used for sowing",S01,0.125,0119,media,cadena,1.0,,449009364.0
121010,Hop cones: neither ground nor powdered nor in the form of pellets,S02,1.0,0128,alta,cadena,1.0,,46705887.333333336
121020,"Hop cones: ground, powdered or in the form of pellets: lupulin",S02,1.0,0128,alta,cadena,1.0,,688558881.0
121110,"Liquorice roots used primarily in perfumery, in pharmacy or for insecticidal, fungicidal or similar purposes: fresh or dried, whether or not cut, crushed or powdered",S02,1.0,0128,alta,cadena,1.0,,518538509.0
121120,"Ginseng roots, used primarily in perfumery, in pharmacy or for insecticidal, fungicidal or similar purposes: fresh or dried, whether or not cut, crushed or powdered",S02,1.0,0128,alta,cadena,1.0,,313292693.0
121190,"Plants and parts (including seeds and fruits) n.e.s. in heading no. 1211, used primarily in perfumery, pharmacy or for insecticidal, fungicidal purposes: fresh or dried, whether or not cut, crushed or powdered",S02,1.0,0128,alta,cadena,1.0001,,3176730575.6666665
121210,"Locust beans, including locust bean seeds: of a kind used primarily for human consumption, fresh or dried, whether or not ground",S01,0.6535583333333334,"0114,0119",media,cadena,1.0,,695641629.0
121210,"Locust beans, including locust bean seeds: of a kind used primarily for human consumption, fresh or dried, whether or not ground",S02,0.287525,"0125,0128,0129",media,cadena,1.0,,695641629.0
121210,"Locust beans, including locust bean seeds: of a kind used primarily for human consumption, fresh or dried, whether or not ground",S15,0.05891666666666666,1030,media,cadena,1.0,,695641629.0
121220,"Seaweeds and other algae: of a kind used primarily for human consumption, fresh or dried, whether or not ground",S07,1.0,"0311,0312,0321,0322",alta,cadena,1.0,,1167229564.0
121230,"Apricot, peach or plum stones and kernels: of a kind used primarily for human consumption",S01,0.6535583333333334,"0114,0119",media,cadena,1.0,,320500958.0
121230,"Apricot, peach or plum stones and kernels: of a kind used primarily for human consumption",S02,0.287525,"0125,0128,0129",media,cadena,1.0,,320500958.0
121230,"Apricot, peach or plum stones and kernels: of a kind used primarily for human consumption",S15,0.05891666666666666,1030,media,cadena,1.0,,320500958.0
121291,"Sugar beet: of a kind used primarily for human consumption, fresh or dried, whether or not ground",S01,1.0,0113,alta,cadena,1.0,,82915547.33333333
121292,"Sugar cane: of a kind used primarily for human consumption, fresh or dried, whether or not ground",S01,0.6535583333333334,"0114,0119",media,cadena,1.0,,130051774.66666667
121292,"Sugar cane: of a kind used primarily for human consumption, fresh or dried, whether or not ground",S02,0.287525,"0125,0128,0129",media,cadena,1.0,,130051774.66666667
121292,"Sugar cane: of a kind used primarily for human consumption, fresh or dried, whether or not ground",S15,0.05891666666666666,1030,media,cadena,1.0,,130051774.66666667
121299,"Vegetable products (including unroasted chicory roots, chicorium intybus sativum variety): n.e.s. in chapter 12, fresh or dried, ground or unground, primarily for human consumption",S01,0.6535583333333334,"0114,0119",media,cadena,1.0,,290968054.6666667
121299,"Vegetable products (including unroasted chicory roots, chicorium intybus sativum variety): n.e.s. in chapter 12, fresh or dried, ground or unground, primarily for human consumption",S02,0.287525,"0125,0128,0129",media,cadena,1.0,,290968054.6666667
121299,"Vegetable products (including unroasted chicory roots, chicorium intybus sativum variety): n.e.s. in chapter 12, fresh or dried, ground or unground, primarily for human consumption",S15,0.05891666666666666,1030,media,cadena,1.0,,290968054.6666667
121300,"Cereal straw and husks: unprepared, whether or not chopped, ground, pressed or in the form of pellets",S01,1.0,0111,alta,cadena,1.0,,481872436.3333333
121410,Lucerne (alfalfa) meal and pellets,S18,1.0,1080,alta,cadena,1.0,,395746336.6666667
121490,"Forage products including swedes, mangolds, fodder roots, hay, sainfoin, clover, forage kale, lupines, vetches etc., pelletised or otherwise",S01,1.0,0119,alta,cadena,1.0,,2886319491.0
130110,Lac,S06,1.0,0230,alta,cadena,1.0,,292510838.0
130120,Gum Arabic,S06,1.0,0230,alta,cadena,1.0,,477820838.6666667
130190,"Natural gums, resins, gum-resins, balsams, n.e.s. in heading no. 1301",S06,1.0,0230,alta,cadena,1.0,,259375776.0
130211,Vegetable saps and extracts: opium,S02,0.9494999998986878,0128,media,cadena,0.9999999999999999,,8606074.666666666
130211,Vegetable saps and extracts: opium,S31,0.050499999994611626,2100,media,cadena,0.9999999999999999,,8606074.666666666
130211,Vegetable saps and extracts: opium,S30,1.0670057943089783e-10,2029,media,cadena,0.9999999999999999,,8606074.666666666
130212,Vegetable saps and extracts: of liquorice,S17,0.9103341888020247,1079,media,cadena,0.9999999999999998,,415773830.3333333
130212,Vegetable saps and extracts: of liquorice,S30,0.08966581119797531,2029,media,cadena,0.9999999999999998,,415773830.3333333
130213,Vegetable saps and extracts: of hops,S17,0.9413300785908756,1079,media,cadena,1.0,,369684737.0
130213,Vegetable saps and extracts: of hops,S30,0.0586699214091244,2029,media,cadena,1.0,,369684737.0
130214,Vegetable saps and extracts: of pyrethrum or of the roots of plants containing rotenone,S17,0.9999999969031278,1079,alta,cadena,0.9999999999999998,,647973035.6666666
130214,Vegetable saps and extracts: of pyrethrum or of the roots of plants containing rotenone,S30,3.0968721709687338e-09,2029,alta,cadena,0.9999999999999998,,647973035.6666666
130219,Vegetable saps and extracts: n.e.s. in item no. 1302.1,S17,0.9795893434909251,1079,alta,cadena,0.9999999999999999,,3348627838.3333335
130219,Vegetable saps and extracts: n.e.s. in item no. 1302.1,S30,0.020410656509074903,2029,alta,cadena,0.9999999999999999,,3348627838.3333335
130220,Pectic substances: pectinates and pectates,S17,1.0,1079,alta,cadena,1.0,,825441286.3333334
130231,"Mucilages and thickeners: agar-agar, whether or not modified, derived from vegetable products",S07,0.6666666666666666,"0311,0312,0321,0322",media,cadena,1.0,,268969572.6666667
130231,"Mucilages and thickeners: agar-agar, whether or not modified, derived from vegetable products",S17,0.3333333333333333,1079,media,cadena,1.0,,268969572.6666667
130232,"Mucilages and thickeners: whether or not modified, derived from locust beans, locust bean seeds or guar seeds",S17,1.0,1079,alta,cadena,1.0,,1218902055.6666667
130239,"Mucilages and thickeners: whether or not modified, derived from vegetable products, n.e.s. in item no. 1302.3",S17,1.0,1079,alta,cadena,1.0,,1856539834.0
140110,Bamboo used primarily for plaiting,S02,1.0,0129,alta,cadena,1.0,,113892539.0
140120,Rattans used primarily for plaiting,S02,1.0,0129,alta,cadena,1.0,,38394814.333333336
140190,Vegetable materials of a kind used primarily for plaiting: n.e.s. in heading no. 1401,S02,1.0,0129,alta,cadena,1.0,,69020270.0
140210,Kapok used primarily as stuffing or as padding: whether or not put up as a layer with or without supporting material,S02,1.0,0129,alta,cadena,1.0,,55891800.333333336
140291,Vegetable hair of a kind used primarily as stuffing or as padding: whether or not put up as a layer with or without supporting material,S02,1.0,0129,alta,cadena,1.0,,11392845.0
140299,Vegetable materials (excluding kapok and vegetable hair) used primarily as stuffing or as padding: whether or not put up as a layer with or without supporting materials,S02,1.0,0129,alta,cadena,1.0,,14717932.666666666
140310,"Broomcorn (sorghum vulgare var. technicum), of a kind used primarily in brooms or in brushes: whether or not in hanks or bundles",S02,1.0,0129,alta,cadena,1.0,,113187515.66666667
140390,"Vegetable materials: (excluding broomcorn) of a kind used primarily in brooms or in brushes, whether or not in hanks or bundles",S02,1.0,0129,alta,cadena,1.0,,167835579.66666666
140410,Vegetable products: raw materials used primarily in dyeing or tanning,S02,1.0,0129,alta,cadena,1.0,,228327105.33333334
140420,Vegetable products: cotton linters,S11,1.0,1040,alta,cadena,1.0,,79523227.33333333
140490,Vegetable products: n.e.s. in chapter 14,S02,1.0,0129,alta,cadena,1.0,,825136639.0
150100,"Lard: other pig fat and poultry fat, rendered, whether or not pressed or solvent-extracted",S09,1.0,1010,alta,cadena,1.0001,,905764852.0
150200,"Fats of bovine animals, sheep or goats: raw or rendered, whether or not pressed or solvent-extracted",S11,0.8314,1040,media,cadena,1.0,,2606335500.0
150200,"Fats of bovine animals, sheep or goats: raw or rendered, whether or not pressed or solvent-extracted",S09,0.1686,1010,media,cadena,1.0,,2606335500.0
150300,"Lard stearin, lard oil, oleostearin, oleo-oil and tallow oil: not emulsified or mixed or otherwise prepared",S11,1.0,1040,alta,cadena,1.0,,160420539.33333334
150410,"Oils of fish: fish-liver oils and their fractions, whether or not refined, but not chemically modified",S11,1.0,1040,alta,cadena,1.0,,177273537.33333334
150420,"Fats and oils and their fractions: of fish, (excluding liver-oils)",S11,1.0,1040,alta,cadena,1.0,,3498090223.0
150430,Fats and oils and their fractions: of marine mammals,S11,1.0,1040,alta,cadena,1.0,,7749158.0
150510,"Animal fats and oils: wool grease, crude",S09,0.5,1010,baja,cadena,1.0,,119701270.33333333
150510,"Animal fats and oils: wool grease, crude",S11,0.5,1040,baja,cadena,1.0,,119701270.33333333
150590,Animal fats and oils: wool grease (other than crude) and fatty substances derived therefrom (including lanolin),S09,0.5,1010,baja,cadena,1.0,,112903149.66666667
150590,Animal fats and oils: wool grease (other than crude) and fatty substances derived therefrom (including lanolin),S11,0.5,1040,baja,cadena,1.0,,112903149.66666667
150600,"Animal fats and oils and their fractions: whether or not refined, but not chemically modified, n.e.s. in chapter 15",S09,0.5,1010,baja,cadena,1.0,,498006681.6666667
150600,"Animal fats and oils and their fractions: whether or not refined, but not chemically modified, n.e.s. in chapter 15",S11,0.5,1040,baja,cadena,1.0,,498006681.6666667
150710,"Vegetable oils: soya-bean oil and its fractions, crude, whether or not degummed, not chemically modified",S11,1.0,1040,alta,cadena,1.0,,10923192218.666666
150790,"Vegetable oils: soya-bean oil and its fractions, other than crude, whether or not refined, but not chemically modified",S11,1.0,1040,alta,cadena,1.0,,2962993052.0
150810,"Vegetable oils: ground-nut oil and its fractions, crude, not chemically modified",S11,1.0,1040,alta,cadena,1.0,,579899753.3333334
150890,"Vegetable oils: ground-nut oil and its fractions, other than crude, whether or not refined, but not chemically modified",S11,1.0,1040,alta,cadena,1.0,,125762382.66666667
150910,"Vegetable oils: olive oil and its fractions, virgin, whether or not refined, but not chemically modified",S11,1.0,1040,alta,cadena,1.0,,9289356512.0
150990,"Vegetable oils: olive oil and its fractions, other than virgin, whether or not refined, but not chemically modified",S11,1.0,1040,alta,cadena,1.0,,2296137406.3333335
151000,"Vegetable oils: oils and their fractions n.e.s. in chapter 15, obtained solely from olives, whether or not refined, but not chemically modified, including blends of these oils or fractions with oils or fractions of heading no. 1509",S11,1.0,1040,alta,cadena,1.0,,728814934.3333334
151110,"Vegetable oils: palm oil and its fractions, crude, not chemically modified",S11,1.0,1040,alta,cadena,1.0,,10764451712.333334
151190,"Vegetable oils: palm oil and its fractions, other than crude, whether or not refined, but not chemically modified",S11,1.0,1040,alta,cadena,1.0,,34026616628.0
151211,"Vegetable oils: sunflower seed or safflower oil and their fractions, crude, not chemically modified",S11,1.0,1040,alta,cadena,1.0,,12011992088.666666
151219,"Vegetable oils: sunflower seed or safflower oil and their fractions, other than crude, whether or not refined, but not chemically modified",S11,1.0,1040,alta,cadena,1.0,,5795525852.333333
151221,"Vegetable oils: cotton-seed oil and its fractions: crude, whether or not gossypol has been removed, not chemically modified",S11,1.0,1040,alta,cadena,1.0,,27642476.333333332
151229,"Vegetable oils: cotton-seed oil and its fractions, other than crude, whether or not refined, but not chemically modified",S11,1.0,1040,alta,cadena,1.0,,145186750.66666666
151311,"Vegetable oils: coconut (copra) oil and its fractions, crude, not chemically modified",S11,1.0,1040,alta,cadena,1.0,,1797685974.0
151319,"Vegetable oils: coconut (copra) oil and its fractions, other than crude, whether or not refined, but not chemically modified",S11,1.0,1040,alta,cadena,1.0,,1903020441.0
151321,"Vegetable oils: palm kernel or babassu oil and their fractions, crude, not chemically modified",S11,0.5,1040,baja,cadena,1.0,,997305951.3333334
151321,"Vegetable oils: palm kernel or babassu oil and their fractions, crude, not chemically modified",S17,0.5,1062,baja,cadena,1.0,,997305951.3333334
151329,"Vegetable oils: palm kernel or babassu oil and their fractions, other than crude, whether or not refined, but not chemically modified",S11,0.5,1040,baja,cadena,1.0,,2345497781.3333335
151329,"Vegetable oils: palm kernel or babassu oil and their fractions, other than crude, whether or not refined, but not chemically modified",S17,0.5,1062,baja,cadena,1.0,,2345497781.3333335
151410,"Vegetable oils: rape, colza or mustard oil and their fractions, crude, not chemically modified",S11,1.0,1040,alta,cadena,1.0,,6592321120.333333
151490,"Vegetable oils: rape, colza or mustard oil and their fractions, other than crude, whether or not refined, but not chemically modified",S11,1.0,1040,alta,cadena,1.0,,5973617540.666667
151511,"Vegetable oils: linseed oil and its fractions, crude, not chemically modified",S11,0.5,1040,baja,cadena,1.0,,175761464.33333334
151511,"Vegetable oils: linseed oil and its fractions, crude, not chemically modified",S17,0.5,1062,baja,cadena,1.0,,175761464.33333334
151519,"Vegetable oils: linseed oil and its fractions, other than crude, whether or not refined, but not chemically modified",S11,0.5,1040,baja,cadena,1.0,,151108527.33333334
151519,"Vegetable oils: linseed oil and its fractions, other than crude, whether or not refined, but not chemically modified",S17,0.5,1062,baja,cadena,1.0,,151108527.33333334
151521,"Vegetable oils: maize (corn) oil and its fractions, crude, not chemically modified",S11,0.5,1040,baja,cadena,1.0,,390239332.6666667
151521,"Vegetable oils: maize (corn) oil and its fractions, crude, not chemically modified",S17,0.5,1062,baja,cadena,1.0,,390239332.6666667
151529,"Vegetable oils: maize (corn) oil and its fractions, other than crude, whether or not refined, but not chemically modified",S11,0.5,1040,baja,cadena,1.0,,507883090.0
151529,"Vegetable oils: maize (corn) oil and its fractions, other than crude, whether or not refined, but not chemically modified",S17,0.5,1062,baja,cadena,1.0,,507883090.0
151530,"Vegetable oils: castor oil and its fractions, whether or not refined, but not chemically modified",S11,0.5,1040,baja,cadena,1.0,,1143070040.6666667
151530,"Vegetable oils: castor oil and its fractions, whether or not refined, but not chemically modified",S17,0.5,1062,baja,cadena,1.0,,1143070040.6666667
151540,"Vegetable oils: tung oil and its fractions, whether or not refined, but not chemically modified",S11,0.5,1040,baja,cadena,1.0,,453555893.3333333
151540,"Vegetable oils: tung oil and its fractions, whether or not refined, but not chemically modified",S17,0.5,1062,baja,cadena,1.0,,453555893.3333333
151550,"Vegetable oils: sesame oil and its fractions, whether or not refined, but not chemically modified",S11,0.5,1040,baja,cadena,1.0,,347831158.3333333
151550,"Vegetable oils: sesame oil and its fractions, whether or not refined, but not chemically modified",S17,0.5,1062,baja,cadena,1.0,,347831158.3333333
151560,"Vegetable oils: jojoba oil and its fractions, whether or not refined, but not chemically modified",S11,0.5,1040,baja,cadena,1.0,,473541993.6666667
151560,"Vegetable oils: jojoba oil and its fractions, whether or not refined, but not chemically modified",S17,0.5,1062,baja,cadena,1.0,,473541993.6666667
151590,"Vegetable fats and oils and their fractions: fixed, n.e.s. in heading no. 1515, whether or not refined, but not chemically modified",S11,0.5,1040,baja,cadena,1.0,,1608708685.0
151590,"Vegetable fats and oils and their fractions: fixed, n.e.s. in heading no. 1515, whether or not refined, but not chemically modified",S17,0.5,1062,baja,cadena,1.0,,1608708685.0
151610,"Animal fats and oils and their fractions: partly or wholly hydrogenated, inter-esterified, re-esterified or elaidinised, whether or not refined, but not further prepared",S11,1.0,1040,alta,cadena,1.0,,428779061.6666667
151620,"Vegetable fats and oils and their fractions: partly or wholly hydrogenated, inter-esterified, re-esterified or elaidinised, whether or not refined, but not further prepared",S11,1.0,1040,alta,cadena,1.0,,5668045645.0
151710,Margarine: excluding liquid margarine,S11,1.0,1040,alta,cadena,1.0,,2018708805.6666667
151790,"Edible mixtures or preparations of animal or vegetable fats or oils or of fractions of different fats or oils of this chapter, other than edible fats or oils of heading no. 1516",S11,1.0,1040,alta,cadena,1.0,,6531919556.333333
151800,"Animal or vegetable fats and oils and their fractions: oxidised, boiled or otherwise chemically modified, (excluding those of heading no. 1516), inedible mixtures or preparations of fats or oils",S30,1.0,2029,alta,cadena,1.0,biocombustible_posible,8397407117.0
151911,Stearic acid,S29,1.0,2011,alta,cadena,1.0,,1499289728.3333333
151912,Oleic acid,S29,1.0,2011,alta,cadena,1.0,,572553297.6666666
151913,Tall oil fatty acids,S29,1.0,2011,alta,cadena,1.0,,400052344.3333333
151919,Industrial monocarboxylic fatty acids n.e.s. in heading no. 1519,S29,1.0,2011,alta,cadena,1.0,,3350706782.3333335
151920,Acid oils from refining,S29,1.0,2011,alta,cadena,1.0,,3734490737.6666665
151930,Industrial fatty alcohols,S29,1.0,2011,alta,cadena,1.0,,3877010003.0
152010,Glycerol (glycerine): crude: glycerol waters and glycerol lyes,S29,0.5,2011,baja,cadena,1.0,,996337693.3333334
152010,Glycerol (glycerine): crude: glycerol waters and glycerol lyes,S30,0.5,2023,baja,cadena,1.0,,996337693.3333334
152090,"Glycerol: n.e.s. in heading no. 1520, including synthetic",S29,0.5,2011,baja,cadena,1.0,,2158999963.3333335
152090,"Glycerol: n.e.s. in heading no. 1520, including synthetic",S30,0.5,2023,baja,cadena,1.0,,2158999963.3333335
152110,Vegetable waxes (other than triglycerides): whether or not refined or coloured,S11,1.0,1040,alta,cadena,1.0,,192740763.33333334
152190,"Waxes, other than vegetable, n.e.s. in heading no. 1521: whether or not refined or coloured",S11,1.0,1040,alta,cadena,1.0,,128283120.33333333
152200,Degras: residues resulting from the treatment of fatty substances or animal or vegetable waxes,S11,1.0,1040,alta,cadena,1.0,,483858062.0
160100,"Meat preparations: sausages and similar products, of meat, meat offal or blood, and food preparations based on these products",S09,0.75,1010,media,cadena,1.0,,6564349716.333333
160100,"Meat preparations: sausages and similar products, of meat, meat offal or blood, and food preparations based on these products",S17,0.25,1075,media,cadena,1.0,,6564349716.333333
160210,"Meat preparations: homogenised preparations of meat, meat offal or blood",S17,1.0,1079,alta,cadena,1.0,,137596849.66666666
160220,Meat preparations: of the prepared or preserved liver of any animal (excluding homogenised preparations),S09,0.5,1010,baja,cadena,1.0,,231710562.0
160220,Meat preparations: of the prepared or preserved liver of any animal (excluding homogenised preparations),S17,0.5,1075,baja,cadena,1.0,,231710562.0
160231,"Meat preparations: of turkeys, prepared or preserved meat or meat offal (excluding livers and homogenised preparations)",S09,0.5,1010,baja,cadena,1.0,,558461561.3333334
160231,"Meat preparations: of turkeys, prepared or preserved meat or meat offal (excluding livers and homogenised preparations)",S17,0.5,1075,baja,cadena,1.0,,558461561.3333334
160239,"Meat preparations: of poultry (excluding turkeys), prepared or preserved meat or meat offal (excluding livers and homogenised preparations)",S09,0.5,1010,baja,cadena,0.9999999999999999,,10789786564.333334
160239,"Meat preparations: of poultry (excluding turkeys), prepared or preserved meat or meat offal (excluding livers and homogenised preparations)",S17,0.5,1075,baja,cadena,0.9999999999999999,,10789786564.333334
160241,"Meat preparations: of swine, hams and cuts thereof, prepared or preserved (excluding homogenised preparations)",S09,0.5,1010,baja,cadena,1.0,,1335483865.0
160241,"Meat preparations: of swine, hams and cuts thereof, prepared or preserved (excluding homogenised preparations)",S17,0.5,1075,baja,cadena,1.0,,1335483865.0
160242,"Meat preparations: of swine, shoulders and cuts thereof, prepared or preserved (excluding homogenised preparations)",S09,0.5,1010,baja,cadena,1.0,,330001993.6666667
160242,"Meat preparations: of swine, shoulders and cuts thereof, prepared or preserved (excluding homogenised preparations)",S17,0.5,1075,baja,cadena,1.0,,330001993.6666667
160249,"Meat preparations: of swine, meat or meat offal (including mixtures), prepared or preserved, n.e.s. in heading no. 1602",S09,0.5,1010,baja,cadena,1.0,,2695435578.3333335
160249,"Meat preparations: of swine, meat or meat offal (including mixtures), prepared or preserved, n.e.s. in heading no. 1602",S17,0.5,1075,baja,cadena,1.0,,2695435578.3333335
160250,"Meat preparations: of bovine animals, meat or meat offal, prepared or preserved (excluding livers and homogenised preparations)",S09,0.5,1010,baja,cadena,1.0,,2827110814.6666665
160250,"Meat preparations: of bovine animals, meat or meat offal, prepared or preserved (excluding livers and homogenised preparations)",S17,0.5,1075,baja,cadena,1.0,,2827110814.6666665
160290,"Meat preparations: of meat, meat offal or the blood of any animal, n.e.s. in heading no. 1602",S09,0.5,1010,baja,cadena,1.0,,455461994.3333333
160290,"Meat preparations: of meat, meat offal or the blood of any animal, n.e.s. in heading no. 1602",S17,0.5,1075,baja,cadena,1.0,,455461994.3333333
160300,"Extracts and juices: of meat, fish or crustaceans, molluscs or other aquatic invertebrates",S17,1.0,1079,alta,cadena,1.0,,247027808.66666666
160411,"Fish preparations: salmon, prepared or preserved, whole or in pieces (but not minced)",S15,0.5,1020,baja,cadena,1.0,,881638391.6666666
160411,"Fish preparations: salmon, prepared or preserved, whole or in pieces (but not minced)",S17,0.5,1075,baja,cadena,1.0,,881638391.6666666
160412,"Fish preparations: herrings, prepared or preserved, whole or in pieces (but not minced)",S15,0.5,1020,baja,cadena,1.0,,434449007.3333333
160412,"Fish preparations: herrings, prepared or preserved, whole or in pieces (but not minced)",S17,0.5,1075,baja,cadena,1.0,,434449007.3333333
160413,"Fish preparations: sardines, sardinella and brisling or sprats, prepared or preserved, whole or in pieces (but not minced)",S15,0.5,1020,baja,cadena,1.0,,1344619994.3333333
160413,"Fish preparations: sardines, sardinella and brisling or sprats, prepared or preserved, whole or in pieces (but not minced)",S17,0.5,1075,baja,cadena,1.0,,1344619994.3333333
160414,"Fish preparations: tunas, skipjack and Atlantic bonito (sarda spp.), prepared or preserved, whole or in pieces (but not minced)",S15,0.5,1020,baja,cadena,1.0,,8328757002.0
160414,"Fish preparations: tunas, skipjack and Atlantic bonito (sarda spp.), prepared or preserved, whole or in pieces (but not minced)",S17,0.5,1075,baja,cadena,1.0,,8328757002.0
160415,"Fish preparations: mackerel, prepared or preserved, whole or in pieces (but not minced)",S15,0.5,1020,baja,cadena,1.0,,726939444.0
160415,"Fish preparations: mackerel, prepared or preserved, whole or in pieces (but not minced)",S17,0.5,1075,baja,cadena,1.0,,726939444.0
160416,"Fish preparations: anchovies, prepared or preserved, whole or in pieces (but not minced)",S15,0.5,1020,baja,cadena,1.0,,313491293.0
160416,"Fish preparations: anchovies, prepared or preserved, whole or in pieces (but not minced)",S17,0.5,1075,baja,cadena,1.0,,313491293.0
160419,"Fish preparations: fish prepared or preserved, whole or in pieces (but not minced), n.e.s. in heading no. 1604",S15,0.5,1020,baja,cadena,1.0,,4026066425.6666665
160419,"Fish preparations: fish prepared or preserved, whole or in pieces (but not minced), n.e.s. in heading no. 1604",S17,0.5,1075,baja,cadena,1.0,,4026066425.6666665
160420,"Fish preparations: fish minced or in forms n.e.s. in heading no. 1604, prepared or preserved",S15,0.5,1020,baja,cadena,1.0,,2705659763.0
160420,"Fish preparations: fish minced or in forms n.e.s. in heading no. 1604, prepared or preserved",S17,0.5,1075,baja,cadena,1.0,,2705659763.0
160430,Fish preparations: caviar and caviar substitutes,S15,1.0,1020,alta,cadena,1.0,,521574075.3333333
160510,"Crustacean preparations: crab, prepared or preserved",S15,0.5,1020,baja,cadena,1.0,,1150259497.0
160510,"Crustacean preparations: crab, prepared or preserved",S17,0.5,1075,baja,cadena,1.0,,1150259497.0
160520,"Crustacean preparations: shrimps and prawns, prepared or preserved",S15,0.47068150327824354,1020,baja,cadena,1.0001,,6093528253.333333
160520,"Crustacean preparations: shrimps and prawns, prepared or preserved",S17,0.458954104589541,1075,baja,cadena,1.0001,,6093528253.333333
160520,"Crustacean preparations: shrimps and prawns, prepared or preserved",S07,0.07036439213221535,"0311,0312,0321,0322",baja,cadena,1.0001,,6093528253.333333
160530,"Crustacean preparations: lobster, prepared or preserved",S15,0.5,1020,baja,cadena,1.0,,385631938.6666667
160530,"Crustacean preparations: lobster, prepared or preserved",S17,0.5,1075,baja,cadena,1.0,,385631938.6666667
160540,"Crustacean preparations: prepared or preserved crustaceans (excluding crab, shrimps, prawns and lobster)",S15,0.54855,1020,baja,cadena,1.0,,375927563.0
160540,"Crustacean preparations: prepared or preserved crustaceans (excluding crab, shrimps, prawns and lobster)",S17,0.45145,1075,baja,cadena,1.0,,375927563.0
160590,Molluscs and other aquatic invertebrates: prepared or preserved (excluding crustaceans),S15,0.5,1020,baja,cadena,0.9999,,4618185489.0
160590,Molluscs and other aquatic invertebrates: prepared or preserved (excluding crustaceans),S17,0.5,1075,baja,cadena,0.9999,,4618185489.0
170111,"Sugars: cane sugar, raw, in solid form, not containing added flavouring or colouring matter",S16,1.0,1072,alta,cadena,1.0,,19056602714.666668
170112,"Sugars: beet sugar, raw, in solid form, not containing added flavouring or colouring matter",S16,1.0,1072,alta,cadena,1.0,,152700884.0
170191,"Sucrose: chemically pure, containing added flavouring or colouring matter, in solid form",S16,1.0,1072,alta,cadena,1.0,,263476194.0
170199,"Sucrose: chemically pure, not containing added flavouring or colouring matter, in solid form",S16,1.0,1072,alta,cadena,1.0,,16011716705.666666
170210,"Sugars: lactose, chemically pure, in solid form: lactose syrup, not containing added flavouring or colouring matter",S17,0.6666666666666666,"1062,1079",media,cadena,0.9999999999999998,,1466991408.0
170210,"Sugars: lactose, chemically pure, in solid form: lactose syrup, not containing added flavouring or colouring matter",S10,0.3333333333333333,1050,media,cadena,0.9999999999999998,,1466991408.0
170220,"Sugars: maple sugar chemically pure, in solid form: maple syrup, not containing added flavouring or colouring matter",S16,1.0,1072,alta,cadena,1.0,,559744478.0
170230,"Sugars: glucose and glucose syrup, not containing fructose or containing in the dry state less than 20% by weight of fructose, the syrup not containing added flavouring or colouring matter",S17,0.6666666666666666,"1062,1079",media,cadena,1.0,,2920480852.6666665
170230,"Sugars: glucose and glucose syrup, not containing fructose or containing in the dry state less than 20% by weight of fructose, the syrup not containing added flavouring or colouring matter",S10,0.3333333333333333,1050,media,cadena,1.0,,2920480852.6666665
170240,"Sugars: glucose and glucose syrup, containing in the dry state at least 20% but less than 50% by weight of fructose, the syrup not containing added flavouring or colouring matter",S17,0.6666666666666666,"1062,1079",media,cadena,1.0,,247563174.66666666
170240,"Sugars: glucose and glucose syrup, containing in the dry state at least 20% but less than 50% by weight of fructose, the syrup not containing added flavouring or colouring matter",S10,0.3333333333333333,1050,media,cadena,1.0,,247563174.66666666
170250,"Sugars: fructose, chemically pure, in solid form",S17,0.6666666666666666,"1062,1079",media,cadena,1.0,,317252706.6666667
170250,"Sugars: fructose, chemically pure, in solid form",S10,0.3333333333333333,1050,media,cadena,1.0,,317252706.6666667
170260,"Sugars: fructose (excluding chemically pure fructose), in solid form, containing in the dry state more than 50% by weight of fructose: fructose syrup, not containing added flavouring or colouring matter",S17,0.6666666666666666,"1062,1079",media,cadena,1.0,,1098186086.3333333
170260,"Sugars: fructose (excluding chemically pure fructose), in solid form, containing in the dry state more than 50% by weight of fructose: fructose syrup, not containing added flavouring or colouring matter",S10,0.3333333333333333,1050,media,cadena,1.0,,1098186086.3333333
170290,"Sugars: n.e.s. in heading no. 1702, including invert sugar",S17,0.6666666666666666,"1062,1079",media,cadena,1.0,,3150605769.3333335
170290,"Sugars: n.e.s. in heading no. 1702, including invert sugar",S10,0.3333333333333333,1050,media,cadena,1.0,,3150605769.3333335
170310,"Sugars: molasses, from sugar cane, resulting from the extraction or refining of sugar",S16,1.0,1072,alta,cadena,1.0,,774255575.3333334
170390,"Sugars: molasses, from sugar beet, resulting from the extraction or refining of sugar",S16,1.0,1072,alta,cadena,1.0,,416631625.3333333
170410,"Sugar confectionery: chewing gum, whether or not sugar-coated, not containing cocoa",S14,1.0,1073,alta,cadena,1.0,,986166963.6666666
170490,"Sugar confectionery: (excluding chewing gum, including white chocolate), not containing cocoa",S14,1.0,1073,alta,cadena,1.0,,14390483581.0
180100,"Cocoa beans: whole or broken, raw or roasted",S02,1.0,0127,alta,cadena,1.0,,10157779643.333334
180200,"Cocoa: shells, husks, skins and other cocoa waste",S47,1.0,3830,media,regla_residuos,1.0,,496448269.6666667
180310,"Cocoa: paste, not defatted",S14,1.0,1073,alta,cadena,1.0,,4019208129.0
180320,"Cocoa: paste, wholly or partly defatted",S14,1.0,1073,alta,cadena,1.0,,801795765.6666666
180400,"Cocoa: butter, fat and oil",S14,1.0,1073,alta,cadena,1.0,,7196168839.0
180500,"Cocoa: powder, not containing added sugar or other sweetening matter",S14,1.0,1073,alta,cadena,1.0,,3401763528.3333335
180610,"Cocoa: powder, containing added sugar or other sweetening matter",S14,1.0,1073,alta,cadena,1.0,,348902433.0
180620,"Chocolate & other food preparations containing cocoa: in blocks, slabs or bars weighing more than 2kg or in liquid, paste, powder, granular or other bulk form in containers or immediate packings, content exceeding 2kg",S14,1.0,1073,alta,cadena,1.0,,6483830747.0
180631,"Chocolate and other food preparations containing cocoa: in blocks, slabs or bars, filled, weighing 2kg or less",S14,1.0,1073,alta,cadena,1.0,,5713231353.333333
180632,"Chocolate and other food preparations containing cocoa: in blocks, slabs or bars, (not filled), weighing 2kg or less",S14,1.0,1073,alta,cadena,1.0,,6066579641.666667
180690,Chocolate and other food preparations containing cocoa: n.e.s. in chapter 18,S14,1.0,1073,alta,cadena,1.0,,16119067476.0
190110,"Food preparations: of flour, meal, starch, malt extract or milk products, for infant use, put up for retail sale",S17,0.984662807392785,1079,alta,cadena,1.0000000000000002,,9634071827.333334
190110,"Food preparations: of flour, meal, starch, malt extract or milk products, for infant use, put up for retail sale",S14,0.015337192607214896,1073,alta,cadena,1.0000000000000002,,9634071827.333334
190120,"Food preparations: mixes and doughs for the preparation of bread, pastry, cakes, biscuits and other bakers' wares",S12,0.9999999918745911,1061,alta,cadena,0.9999999999999999,,4820952278.333333
190120,"Food preparations: mixes and doughs for the preparation of bread, pastry, cakes, biscuits and other bakers' wares",S14,8.125408864081285e-09,1073,alta,cadena,0.9999999999999999,,4820952278.333333
190190,"Food preparations: of flour, meal, starch, malt extract or milk products, for uses n.e.s. in heading no. 1901",S17,0.9999999987764076,1079,alta,cadena,1.0,,9145042647.0
190190,"Food preparations: of flour, meal, starch, malt extract or milk products, for uses n.e.s. in heading no. 1901",S14,1.2235925142732956e-09,1073,alta,cadena,1.0,,9145042647.0
190211,"Food preparations: pasta, containing eggs, uncooked, not stuffed or otherwise prepared",S14,1.0,1074,alta,cadena,1.0,,683416099.6666666
190219,"Food preparations: pasta, uncooked (excluding that containing eggs), not stuffed or otherwise prepared",S14,1.0,1074,alta,cadena,1.0,,6125733921.666667
190220,"Food preparations: pasta, stuffed (with meat or other substances), whether or not cooked or otherwise prepared",S14,0.5,1074,baja,cadena,1.0,,2477797926.6666665
190220,"Food preparations: pasta, stuffed (with meat or other substances), whether or not cooked or otherwise prepared",S17,0.5,1075,baja,cadena,1.0,,2477797926.6666665
190230,"Food preparations: pasta (excluding stuffed), cooked or otherwise prepared",S14,0.5,1074,baja,cadena,1.0,,5147837399.333333
190230,"Food preparations: pasta (excluding stuffed), cooked or otherwise prepared",S17,0.5,1075,baja,cadena,1.0,,5147837399.333333
190240,Food preparations: couscous,S14,0.5,1074,baja,cadena,1.0,,206521469.33333334
190240,Food preparations: couscous,S17,0.5,1075,baja,cadena,1.0,,206521469.33333334
190300,"Food preparations: tapioca and substitutes thereof, prepared from starch in the form of flakes, grains, pearls, siftings or similar",S17,1.0,1062,alta,cadena,1.0,,208547018.33333334
190410,Food preparations: obtained by the swelling or roasting of cereals or cereal products,S12,0.9999999994637988,1061,alta,cadena,1.0,,5911440184.666667
190410,Food preparations: obtained by the swelling or roasting of cereals or cereal products,S14,5.362011938764987e-10,1073,alta,cadena,1.0,,5911440184.666667
190490,"Food preparations: cereal or cereal products (excluding maize), in grain form, pre-cooked or otherwise prepared",S12,0.5112499981715363,1061,baja,cadena,1.0,,1651561784.3333333
190490,"Food preparations: cereal or cereal products (excluding maize), in grain form, pre-cooked or otherwise prepared",S17,0.48874999825200655,1075,baja,cadena,1.0,,1651561784.3333333
190490,"Food preparations: cereal or cereal products (excluding maize), in grain form, pre-cooked or otherwise prepared",S14,3.5764573171030062e-09,1073,baja,cadena,1.0,,1651561784.3333333
190510,"Food preparations: crispbread, whether or not containing cocoa",S13,1.0,1071,alta,cadena,1.0,,541705438.3333334
190520,"Food preparations: gingerbread and the like, whether or not containing cocoa",S13,1.0,1071,alta,cadena,1.0,,378325239.3333333
190530,"Food preparations: sweet biscuits, waffles and wafers, whether or not containing cocoa",S13,1.0,1071,alta,cadena,1.0,,16566820412.333334
190540,"Food preparations: rusks, toasted bread and similar toasted products, whether or not containing cocoa",S13,1.0,1071,alta,cadena,1.0,,1123310704.0
190590,"Food preparations: bakers' wares n.e.s. in heading no. 1605, whether or not containing cocoa: communion wafers, empty cachets suitable for pharmaceutical use, sealing wafers, rice papers and similar products",S13,0.8571428571428571,1071,media,cadena,1.0,,30756987236.333332
190590,"Food preparations: bakers' wares n.e.s. in heading no. 1605, whether or not containing cocoa: communion wafers, empty cachets suitable for pharmaceutical use, sealing wafers, rice papers and similar products",S17,0.14285714285714285,1075,media,cadena,1.0,,30756987236.333332
200110,"Vegetable preparations: cucumbers and gherkins, prepared or preserved by vinegar or acetic acid",S15,1.0,1030,alta,cadena,1.0,,810384562.3333334
200120,"Vegetable preparations: onions, prepared or preserved by vinegar or acetic acid",S15,1.0,1030,alta,cadena,1.0,,156036435.66666666
200190,"Vegetable preparations: vegetables, fruit, nuts and other edible parts of plants, prepared or preserved by vinegar or acetic acid (excluding cucumbers, gherkins and onions)",S15,1.0,1030,alta,cadena,1.0,,1640785467.6666667
200210,"Vegetable preparations: tomatoes, whole or in pieces, prepared or preserved otherwise than by vinegar or acetic acid",S15,1.0,1030,alta,cadena,1.0,,2134620533.0
200290,"Vegetable preparations: tomatoes, (other than whole or in pieces), prepared or preserved otherwise than by vinegar or acetic acid",S15,1.0,1030,alta,cadena,1.0,,4778019909.333333
200310,"Vegetable preparations: mushrooms, prepared or preserved otherwise than by vinegar or acetic acid",S15,1.0,1030,alta,cadena,1.0,,1742461432.3333333
200320,"Vegetable preparations: truffles, prepared or preserved otherwise than by vinegar or acetic acid",S15,1.0,1030,alta,cadena,1.0,,76928503.33333333
200410,"Vegetable preparations: potatoes, prepared or preserved otherwise than by vinegar or acetic acid, frozen",S15,1.0,1030,alta,cadena,1.0,,10927359142.333334
200490,"Vegetable preparations: vegetables and mixtures of vegetables (excluding potatoes), prepared or preserved otherwise than by vinegar or acetic acid, frozen",S17,0.7499999995780725,1075,media,cadena,1.0,,1746719793.6666667
200490,"Vegetable preparations: vegetables and mixtures of vegetables (excluding potatoes), prepared or preserved otherwise than by vinegar or acetic acid, frozen",S15,0.2499999998593575,1030,media,cadena,1.0,,1746719793.6666667
200490,"Vegetable preparations: vegetables and mixtures of vegetables (excluding potatoes), prepared or preserved otherwise than by vinegar or acetic acid, frozen",S14,5.625699443878562e-10,1073,media,cadena,1.0,,1746719793.6666667
200510,"Vegetable preparations: homogenised vegetables, prepared or preserved otherwise than by vinegar or acetic acid, not frozen",S17,1.0,1079,alta,cadena,1.0,,105733460.33333333
200520,"Vegetable preparations: potatoes, prepared or preserved otherwise than by vinegar or acetic acid, not frozen",S15,1.0,1030,alta,cadena,1.0,,3050928584.3333335
200530,Vegetable preparations: sauerkraut,S15,1.0,1030,alta,cadena,1.0,,
200540,"Vegetable preparations: peas (pisum sativum), prepared or preserved otherwise than by vinegar or acetic acid, not frozen",S15,0.8882634476432539,1030,media,cadena,0.9999999999999999,,327392576.0
200540,"Vegetable preparations: peas (pisum sativum), prepared or preserved otherwise than by vinegar or acetic acid, not frozen",S14,0.11173655235674611,1073,media,cadena,0.9999999999999999,,327392576.0
200551,"Vegetable preparations: beans, shelled, prepared or preserved otherwise than by vinegar or acetic acid, not frozen",S15,0.9999999998924534,1030,alta,cadena,1.0,,841818702.6666666
200551,"Vegetable preparations: beans, shelled, prepared or preserved otherwise than by vinegar or acetic acid, not frozen",S14,1.0754658827731432e-10,1073,alta,cadena,1.0,,841818702.6666666
200559,"Vegetable preparations: beans, (not shelled), prepared or preserved otherwise than by vinegar or acetic acid, not frozen",S15,0.9999999994395226,1030,alta,cadena,1.0,,369376330.0
200559,"Vegetable preparations: beans, (not shelled), prepared or preserved otherwise than by vinegar or acetic acid, not frozen",S14,5.604773893153737e-10,1073,alta,cadena,1.0,,369376330.0
200560,"Vegetable preparations: asparagus, prepared or preserved otherwise than by vinegar or acetic acid, not frozen",S15,0.9999999999681656,1030,alta,cadena,1.0,,220524574.0
200560,"Vegetable preparations: asparagus, prepared or preserved otherwise than by vinegar or acetic acid, not frozen",S14,3.183448137176122e-11,1073,alta,cadena,1.0,,220524574.0
200570,"Vegetable preparations: olives, prepared or preserved otherwise than by vinegar or acetic acid, not frozen",S15,0.9801747725804286,1030,alta,cadena,0.9999999999999998,,2380498260.0
200570,"Vegetable preparations: olives, prepared or preserved otherwise than by vinegar or acetic acid, not frozen",S14,0.019825227419571403,1073,alta,cadena,0.9999999999999998,,2380498260.0
200580,"Vegetable preparations: sweetcorn (zea mays var. saccharata), prepared or preserved otherwise than by vinegar or acetic acid, not frozen",S15,0.9999999999593796,1030,alta,cadena,1.0,,1153951827.3333333
200580,"Vegetable preparations: sweetcorn (zea mays var. saccharata), prepared or preserved otherwise than by vinegar or acetic acid, not frozen",S14,4.0620351569923855e-11,1073,alta,cadena,1.0,,1153951827.3333333
200590,"Vegetable preparations: vegetables and mixtures of vegetables n.e.s. in heading no. 2005, prepared or preserved otherwise than by vinegar or acetic acid, not frozen",S15,0.998464475944752,1030,alta,cadena,1.0,,4398535618.0
200590,"Vegetable preparations: vegetables and mixtures of vegetables n.e.s. in heading no. 2005, prepared or preserved otherwise than by vinegar or acetic acid, not frozen",S14,0.0015355240552481,1073,alta,cadena,1.0,,4398535618.0
200600,"Fruit, nuts, fruit-peel and other parts of plants: preserved by sugar (drained, glace or crystallised)",S14,1.0,1073,alta,cadena,1.0,,875122318.3333334
200710,"Jams, fruit jellies, marmalades, fruit or nut puree and fruit or nut pastes: homogenised, cooked preparations, whether or not containing added sugar or other sweetening matter",S17,1.0,1079,alta,cadena,1.0,,580345584.0
200791,"Jams, jellies, marmalades, purees and pastes: of citrus fruit, being cooked preparations (excluding homogenised), whether or not containing added sugar or other sweetening matter",S15,1.0,1030,alta,cadena,1.0,,128519052.33333333
200799,"Jams, fruit jellies, marmalades, purees and pastes: of fruit or nuts n.e.s. in heading no. 2007, cooked preparations (excluding homogenised), whether or not containing added sugar or other sweetening matter",S15,1.0,1030,alta,cadena,1.0,,3389776113.3333335
200811,"Nuts: ground-nuts, whether or not containing added sugar, other sweetening matter or spirit",S15,1.0,1030,alta,cadena,1.0,,2130191889.3333333
200819,"Nuts and other seeds: whether or not containing added sugar, other sweetening matter or spirit (excluding ground-nuts except in mixtures)",S15,1.0,1030,alta,cadena,1.0,,5928583960.0
200820,"Fruit: pineapples, prepared or preserved in ways n.e.s. in heading no. 2007, whether or not containing added sugar, other sweetening matter or spirit",S15,1.0,1030,alta,cadena,1.0,,1090358944.0
200830,"Fruit: citrus, prepared or preserved in ways n.e.s. in heading no. 2007, whether or not containing added sugar, other sweetening matter or spirit",S15,1.0,1030,alta,cadena,1.0,,769769189.0
200840,"Fruit: pears, prepared or preserved in ways n.e.s. in heading no. 2007, whether or not containing added sugar, other sweetening matter or spirit",S15,1.0,1030,alta,cadena,1.0,,156788760.33333334
200850,"Fruit: apricots, prepared or preserved in ways n.e.s. in heading no. 2007, whether or not containing added sugar, other sweetening matter or spirit",S15,1.0,1030,alta,cadena,1.0,,137154551.66666666
200860,"Fruit: cherries, prepared or preserved in ways n.e.s. in heading no. 2007, whether or not containing added sugar, other sweetening matter or spirit",S15,1.0,1030,alta,cadena,1.0,,285609528.6666667
200870,"Fruit: peaches, prepared or preserved in ways n.e.s. in heading no. 2007, whether or not containing added sugar, other sweetening matter or spirit",S15,1.0,1030,alta,cadena,1.0,,877562379.0
200880,"Fruit: strawberries, prepared or preserved in ways n.e.s. in heading no. 2007, whether or not containing added sugar, other sweetening matter or spirit",S15,1.0,1030,alta,cadena,1.0,,296175723.0
200891,"Palm hearts: prepared or preserved, whether or not containing added sugar, other sweetening matter or spirit",S15,1.0,1030,alta,cadena,1.0,,123248599.0
200892,"Fruit: mixtures, prepared or preserved, whether or not containing added sugar, other sweetening matter or spirit",S15,0.9079816605177105,1030,media,cadena,1.0,,1427210691.0
200892,"Fruit: mixtures, prepared or preserved, whether or not containing added sugar, other sweetening matter or spirit",S12,0.0920183394822895,1061,media,cadena,1.0,,1427210691.0
200899,"Fruit, nuts and other edible parts of plants: prepared or preserved, whether or not containing added sugar, other sweetening matter or spirit, n.e.s. in heading no. 2008",S15,0.9999999999998486,1030,media,cadena,0.7749002867376269,,5840683182.333333
200899,"Fruit, nuts and other edible parts of plants: prepared or preserved, whether or not containing added sugar, other sweetening matter or spirit, n.e.s. in heading no. 2008",S07,1.5150042806231338e-13,"0311,0312,0321,0322",media,cadena,0.7749002867376269,,5840683182.333333
200911,"Juice: orange, frozen, unfermented, (not containing added spirit), whether or not containing added sugar or other sweetening matter",S15,1.0,1030,alta,cadena,1.0,,1783161195.0
200919,"Juice: orange, not frozen, unfermented, (not containing added spirit), whether or not containing added sugar or other sweetening matter",S15,1.0,1030,alta,cadena,1.0,,3307833432.3333335
200920,"Juice: grapefruit, unfermented, (not containing added spirit), whether or not containing added sugar or other sweetening matter",S15,1.0,1030,alta,cadena,1.0,,226449937.66666666
200930,"Juice: of single citrus fruit (excluding orange or grapefruit), unfermented, (not containing added spirit), whether or not containing added sugar or other sweetening matter",S15,1.0,1030,alta,cadena,1.0,,903061656.6666666
200940,"Juice: pineapple, unfermented, (not containing added spirit), whether or not containing added sugar or other sweetening matter",S15,1.0,1030,alta,cadena,1.0,,864702243.6666666
200950,"Juice: tomato, unfermented, not containing added spirit, whether or not containing added sugar or other sweetening matter",S15,1.0,1030,alta,cadena,1.0,,80166488.0
200960,"Juice: grape (including grape must), unfermented, not containing added spirit, whether or not containing added sugar or other sweetening matter",S15,1.0,1030,alta,cadena,1.0,,799648008.3333334
200970,"Juice: apple, unfermented, not containing added spirit, whether or not containing added sugar or other sweetening matter",S15,1.0,1030,alta,cadena,1.0,,2825332569.3333335
200980,"Juice: of any single fruit or vegetable n.e.s. in heading no. 2009, unfermented, not containing added spirit, whether or not containing added sugar or other sweetening matter",S15,1.0,1030,alta,cadena,1.0,,3903451214.6666665
200990,"Juices: mixtures, unfermented, not containing added spirit, whether or not containing added sugar or other sweetening matter",S15,1.0,1030,alta,cadena,1.0,,1786348933.3333333
210110,"Extracts, essences and concentrates: of coffee and preparations with a basis of these extracts, essences or concentrates or with a basis of coffee",S17,1.0,1079,alta,cadena,0.9999999999999998,,8811251653.0
210120,"Extracts, essences and concentrates: of tea or mate, and preparations with a basis of these extracts, essences or concentrates or with a basis of tea or mate",S17,1.0,1079,alta,cadena,1.0,,1368331217.6666667
210130,"Chicory, roasted and other roasted coffee substitutes: extracts, essences and concentrates thereof",S17,1.0,1079,alta,cadena,1.0,,185122890.66666666
210210,Yeasts: active,S17,1.0,1079,alta,cadena,1.0,,1880319350.0
210220,"Yeasts: inactive, other single-cell micro-organisms, dead",S17,1.0,1079,alta,cadena,1.0,,915712301.0
210230,Baking powders: prepared,S17,1.0,1079,alta,cadena,1.0,,233523036.66666666
210310,Sauces: soya,S17,1.0,1079,alta,cadena,1.0,,798633350.3333334
210320,Sauces: tomato ketchup and other tomato sauces,S17,1.0,1079,alta,cadena,1.0,,2387491182.3333335
210330,Mustard flour and meal and prepared mustard,S17,1.0,1079,alta,cadena,1.0,,438273841.0
210390,Sauces and preparations therefor: mixed condiments and mixed seasonings,S17,1.0,1079,alta,cadena,1.0,,14334729349.0
210410,Soups and broths and preparations therefor,S17,1.0,1079,alta,cadena,1.0,,3285322251.6666665
210420,Homogenised composite food preparations,S17,1.0,1079,alta,cadena,1.0,,610837628.3333334
210500,Ice cream and other edible ice: whether or not containing cocoa,S10,1.0,1050,alta,cadena,1.0,,5349096257.666667
210610,Protein: concentrates and textured protein substances,S17,1.0,1079,alta,cadena,1.0,,2790697581.6666665
210690,Food preparations: n.e.s. in item no. 2106.10,S17,0.9999999999831232,1079,alta,cadena,0.9999999999966694,,50510210766.666664
210690,Food preparations: n.e.s. in item no. 2106.10,S30,1.687681034363784e-11,2029,alta,cadena,0.9999999999966694,,50510210766.666664
220110,"Waters: mineral and aerated, including natural or artificial, (not containing added sugar or other sweetening matter nor flavoured)",S19,1.0,1104,alta,cadena,1.0,,3704878712.3333335
220190,"Waters: other than mineral and aerated, (not containing added sugar or other sweetening matter nor flavoured), ice and snow",S45,0.6,3530,media,cadena,1.0,,1438340704.6666667
220190,"Waters: other than mineral and aerated, (not containing added sugar or other sweetening matter nor flavoured), ice and snow",S46,0.3,3600,media,cadena,1.0,,1438340704.6666667
220190,"Waters: other than mineral and aerated, (not containing added sugar or other sweetening matter nor flavoured), ice and snow",S19,0.1,1104,media,cadena,1.0,,1438340704.6666667
220210,"Waters: including mineral and aerated, containing added sugar or other sweetening matter or flavoured",S19,1.0,1104,alta,cadena,1.0,,13276695427.666666
220290,"Non-alcoholic beverages: n.e.s. in item no. 2202.10, not including fruit or vegetable juices of heading no. 2009",S19,1.0,1104,alta,cadena,1.0,,12868168996.666666
220300,Beer: made from malt,S19,1.0,1103,alta,cadena,1.0,,16316768336.0
220410,Wine: sparkling,S19,1.0,1102,alta,cadena,1.0,,8590002631.0
220421,"Wine: still, in containers holding 2 litres or less",S19,1.0,1102,alta,cadena,1.0,,24361976102.333332
220429,"Wine: still, in containers holding more than 2 litres",S19,1.0,1102,alta,cadena,1.0,,3289671395.0
220430,"Grape must: n.e.s. in heading no. 2009, n.e.s. in item no. 2204.2",S19,1.0,1102,alta,cadena,1.0,,116338185.0
220510,"Vermouth and other wine of fresh grapes, flavoured with plants or aromatic substances, in containers holding 2 litres or less",S19,1.0,1102,alta,cadena,1.0,,677080120.0
220590,"Vermouth and other wine of fresh grapes, flavoured with plants or aromatic substances, in containers holding more than 2 litres",S19,1.0,1102,alta,cadena,1.0,,42817300.333333336
220600,"Beverages, fermented: (eg cider, perry, mead)",S19,1.0,1102,alta,cadena,1.0,,1719771075.0
220710,Undenatured ethyl alcohol: of an alcoholic strength by volume of 80% vol. or higher,S29,1.0,2011,alta,cadena,1.0,biocombustible_posible,9098292900.0
220720,"Ethyl alcohol and other spirits: denatured, of any strength",S29,1.0,2011,alta,cadena,1.0,biocombustible_posible,3351856671.3333335
220810,"Alcoholic preparations: compound, of a kind used for the manufacture of beverages",S17,0.5819477934458295,1079,baja,cadena,1.0,,2549387761.0
220810,"Alcoholic preparations: compound, of a kind used for the manufacture of beverages",S30,0.4180522065541705,2029,baja,cadena,1.0,,2549387761.0
220820,Spirits obtained by distilling grape wine or grape marc,S19,1.0,1101,alta,cadena,1.0,,6268496473.333333
220830,Whiskies,S19,1.0,1101,alta,cadena,1.0,,13407000700.0
220840,Rum and tafia,S19,1.0,1101,alta,cadena,1.0,,1704646164.3333333
220850,Gin and geneva,S19,1.0,1101,alta,cadena,1.0,,1445151266.6666667
220890,"Spirits, liqueurs and other spirituous beverages: n.e.s. in heading no. 2208",S19,1.0,1101,alta,cadena,1.0,,14504902607.333334
220900,Vinegar and substitutes for vinegar: obtained from acetic acid,S17,1.0,1079,alta,cadena,1.0,,836408896.3333334
230110,"Flours, meals and pellets: of meat or meat offal, greaves",S09,1.0,1010,alta,cadena,1.0,,2937132351.0
230120,"Flours, meals and pellets: of fish or of crustaceans, molluscs or other aquatic invertebrates",S15,1.0,1020,alta,cadena,1.0,,5657613680.0
230210,"Bran, sharps and other residues: of maize (corn), whether or not in the form of pellets, derived from the sifting, milling or other workings thereof",S47,1.0,3830,media,regla_residuos,1.0,,518679340.6666667
230220,"Bran, sharps and other residues: of rice, whether or not in the form of pellets, derived from the sifting, milling or other workings thereof",S47,1.0,3830,media,regla_residuos,1.0,,89843243.0
230230,"Bran, sharps and other residues: of wheat, whether or not in the form of pellets, derived from the sifting, milling or other workings thereof",S47,1.0,3830,media,regla_residuos,1.0,,1615737912.0
230240,"Bran, sharps and other residues: of other cereals, whether or not in the form of pellets, derived from the sifting, milling or other workings thereof",S47,1.0,3830,media,regla_residuos,1.0,,335285873.6666667
230250,"Bran, sharps and other residues: of leguminous plants, whether or not in the form of pellets, derived from the sifting, milling or other workings thereof",S47,1.0,3830,media,regla_residuos,1.0,,477235561.6666667
230310,Residues of starch manufacture and similar residues: whether or not in the form of pellets,S47,1.0,3830,media,regla_residuos,1.0,,1844102101.6666667
230320,"Beet-pulp, bagasse and other waste of sugar manufacture: whether or not in the form of pellets",S47,1.0,3830,media,regla_residuos,1.0,,801991333.3333334
230330,Brewing or distilling dregs and waste: whether or not in the form of pellets,S47,1.0,3830,media,regla_residuos,1.0,,3961477933.6666665
230400,"Oil-cake and other solid residues: whether or not ground or in the form of pellets, resulting from the extraction of soya-bean oil",S11,1.0,1040,alta,cadena,1.0,,31108636593.0
230500,"Oil-cake and other solid residues: whether or not ground or in the form of pellets, resulting from the extraction of ground-nut oil",S11,1.0,1040,alta,cadena,1.0,,78903086.0
230610,"Oil-cake and other solid residues: whether or not ground or in the form of pellets, resulting from the extraction of cotton seed oils",S11,1.0,1040,alta,cadena,1.0,,108967902.33333333
230620,"Oil-cake and other solid residues: whether or not ground or in the form of pellets, resulting from the extraction of linseed oils",S11,1.0,1040,alta,cadena,1.0,,86232944.33333333
230630,"Oil-cake and other solid residues: whether or not ground or in the form of pellets, resulting from the extraction of sunflower seed oils",S11,1.0,1040,alta,cadena,1.0,,2676897648.3333335
230640,"Oil-cake and other solid residues: whether or not ground or in the form of pellets, resulting from the extraction of rape or colza seed oils",S11,1.0,1040,alta,cadena,1.0,,4699348250.666667
230650,"Oil-cake and other solid residues: whether or not ground or in the form of pellets, resulting from the extraction of coconut or copra seed oils",S11,1.0,1040,alta,cadena,1.0,,138911977.33333334
230660,"Oil-cake and other solid residues: whether or not ground or in the form of pellets, resulting from the extraction of palm nuts or kernels oils",S11,1.0,1040,alta,cadena,1.0,,1348954010.3333333
230690,"Oil-cake and other solid residues: whether or not ground or in the form of pellets, resulting from the extraction of oils, n.e.s. in heading no. 2306",S11,1.0,1040,alta,cadena,1.0,,1503611712.3333333
230700,Wine lees: argol,S47,1.0,3830,media,regla_residuos,1.0,,14886523.666666666
230810,"Vegetable materials and vegetable waste, vegetable residues and bi-products: whether or not in the form of pellets, of a kind used in animal feeding, acorns and horse-chestnuts",S47,1.0,3830,media,regla_residuos,1.0,,95918493.0
230890,"Vegetable materials and vegetable waste, vegetable residues and bi-products: whether or not in the form of pellets, of a kind used in animal feeding, other than acorns or horse-chestnuts",S47,1.0,3830,media,regla_residuos,1.0,,924410331.0
230910,"Dog or cat food: put up for retail sale, used in animal feeding",S18,1.0,1080,alta,cadena,1.0,,22327460181.0
230990,"Dog or cat food: (not put up for retail sale), used in animal feeding",S18,1.0,1080,alta,cadena,1.0,,19926500752.666668
240110,"Tobacco, (not stemmed or stripped)",S01,1.0,0115,alta,cadena,1.0,,1821504579.6666667
240120,Tobacco: partly or wholly stemmed or stripped,S20,1.0,1200,alta,cadena,1.0,,8495733299.666667
240130,Tobacco refuse,S47,1.0,3830,media,regla_residuos,1.0,,300982285.3333333
240210,"Cigars, cheroots and cigarillos: containing tobacco including the weight of every band, wrapper or attachment thereto",S20,1.0,1200,alta,cadena,1.0,,3046548814.6666665
240220,Cigarettes: containing tobacco,S20,1.0,1200,alta,cadena,1.0,,19347998206.666668
240290,"Cigars, cigarillos and cheroots: containing tobacco substitutes including the weight of every band, wrapper or attachment thereto",S20,1.0,1200,alta,cadena,1.0,,196586535.66666666
240310,"Tobacco, smoking: whether or not containing tobacco substitutes in any proportion",S20,1.0,1200,alta,cadena,1.0,,4229802600.0
240391,"Tobacco: ""homogenised"" or ""reconstituted""",S20,1.0,1200,alta,cadena,1.0,,963031465.0
240399,"Tobacco: other than ""homogenised"" or ""reconstituted"" or ""smoking""",S20,1.0,1200,alta,cadena,1.0,,4956974254.666667
250100,Salt (including table salt and denatured salt): pure sodium chloride whether or not in aqueous solution: sea water,S08,0.5,0893,baja,cadena,1.0,,3536379278.3333335
250100,Salt (including table salt and denatured salt): pure sodium chloride whether or not in aqueous solution: sea water,S17,0.5,1079,baja,cadena,1.0,,3536379278.3333335
250200,Iron pyrites: unroasted,S08,1.0,0891,alta,cadena,1.0,,134570366.33333334
250310,Sulphur: crude or unrefined,S29,1.0,2011,alta,cadena,1.0,,3990782995.0
250390,"Sulphur: other kinds excluding crude, unrefined, sublimed, precipitated and colloidal",S29,1.0,2011,alta,cadena,1.0,,811219103.0
250410,"Graphite: natural, in powder or in flakes",S08,1.0,0899,alta,cadena,1.0,,505979064.0
250490,"Graphite: natural, in other forms, excluding powder or flakes",S08,1.0,0899,alta,cadena,1.0,,49150556.666666664
250510,"Sands: natural, silica and quartz sands, whether or not coloured",S08,1.0,0810,alta,cadena,1.0,,1597856551.0
250590,"Sands: natural, (other than silica and quartz sands), whether or not coloured, (other than metal-bearing sands of chapter 26)",S08,1.0,0810,alta,cadena,1.0,,712351203.6666666
250610,Quartz: other than natural sands,S08,1.0,0899,alta,cadena,1.0,,756788567.6666666
250621,Quartzite: crude or roughly trimmed,S08,1.0,0810,alta,cadena,1.0,,194727195.0
250629,"Quartzite: cut, by sawing or otherwise, into blocks or slabs of a rectangular (including square) shape, (excluding crude or roughly trimmed)",S08,1.0,0810,alta,cadena,1.0,,37765406.0
250700,Kaolin and other kaolinic clays: whether or not calcined,S08,1.0,0810,alta,cadena,1.0,,1636215829.3333333
250810,"Clays (excluding expanded clays of heading no. 6806): bentonite, whether or not calcined",S08,1.0,0810,alta,cadena,1.0,,943262399.6666666
250820,Clays (excluding expanded clays of heading no. 6806): decolourising,S08,1.0,0810,alta,cadena,1.0,,120074106.66666667
250830,"Clays (excluding expanded clays of heading no. 6806): fireclay, whether or not calcined",S08,1.0,0810,alta,cadena,1.0,,354700459.6666667
250840,"Clays (excluding expanded clays of heading no. 6806): n.e.s. in heading no. 2508, whether or not calcined",S08,1.0,0810,alta,cadena,1.0,,459874845.0
250850,"Clays (excluding expanded clays of heading no. 6806): andalusite, kyanite and sillimanite, whether or not calcined",S08,1.0,0810,alta,cadena,1.0,,127779564.0
250860,Clays (excluding expanded clays of heading no. 6806): mullite,S08,1.0,0810,alta,cadena,1.0,,109954583.33333333
250870,Clays (excluding expanded clays of heading no. 6806): chamotte or dinas earths,S08,1.0,0810,alta,cadena,1.0,,88523857.33333333
250900,Chalk,S08,1.0,0810,alta,cadena,1.0,,107249918.66666667
251010,"Natural calcium phosphates, natural aluminium calcium phosphates and phosphatic chalk: unground",S08,1.0,0891,alta,cadena,1.0,,3070750165.0
251020,"Natural calcium phosphates, natural aluminium calcium phosphates and phosphatic chalk: ground",S08,1.0,0891,alta,cadena,1.0,,1316967944.3333333
251110,Barium sulphate (barytes): natural,S08,1.0,0891,alta,cadena,1.0,,740026631.0
251120,"Barium carbonate (witherite): natural, whether or not calcined, other than barium oxide of heading no. 2816",S08,1.0,0891,alta,cadena,1.0,,3029937.0
251200,"Siliceous fossil meals (eg kieselguhr, tripolite and diatomite) and similar siliceous earths: whether or not calcined, of an apparent specific gravity of 1 or less",S08,1.0,0899,alta,cadena,1.0,,196801427.66666666
251311,"Pumice stone: crude or in irregular pieces, including crushed pumice (""bimskies""), whether or not heat-treated",S08,1.0,0899,alta,cadena,1.0,,81079346.66666667
251319,"Pumice stone: in forms other than specified in item no. 2513.11, whether or not heat-treated",S08,1.0,0899,alta,cadena,1.0,,23291377.333333332
251321,"Emery, corundum, garnet and other abrasives: natural, crude or in irregular pieces, whether or not heat-treated",S08,1.0,0899,alta,cadena,1.0,,117689151.66666667
251329,"Emery, corundum, garnet and other abrasives: natural, in other forms excluding crude or in irregular pieces, whether or not heat-treated",S08,1.0,0899,alta,cadena,1.0,,130553431.66666667
251400,"Slate: whether or not roughly trimmed or merely cut, by sawing or otherwise, into blocks or slabs of a rectangular (including square) shape",S08,1.0,0810,alta,cadena,1.0,,64753778.666666664
251511,"Marble and travertine: having a specific gravity of 2.5 or more, crude or roughly trimmed by sawing or otherwise, into blocks or slabs of a rectangular (including square) shape",S08,1.0,0810,alta,cadena,1.0,,519124246.3333333
251512,"Marble and travertine: merely cut, by sawing or otherwise, into blocks or slabs of a rectangular (including square) shape, having a specific gravity of 2.5 or more",S08,1.0,0810,alta,cadena,1.0,,1069971145.0
251520,"Ecaussine and other calcareous monumental or building stone: alabaster, having a specific gravity of 2.5 or more",S08,1.0,0810,alta,cadena,1.0,,183669755.33333334
251611,Granite: crude or roughly trimmed,S08,1.0,0810,alta,cadena,1.0,,665565614.6666666
251612,"Granite: merely cut, by sawing or otherwise, into blocks or slabs of a rectangular (including square) shape",S08,1.0,0810,alta,cadena,1.0,,474018165.6666667
251621,Sandstone: crude or roughly trimmed,S08,1.0,0810,alta,cadena,1.0,,38020854.666666664
251622,"Sandstone: merely cut, by sawing or otherwise, into blocks or slabs of a rectangular (including square) shape",S08,1.0,0810,alta,cadena,1.0,,71101098.66666667
251690,"Monumental or building stone: n.e.s. in heading no. 2516, whether or not roughly trimmed or merely cut, by sawing or otherwise, into blocks or slabs of a rectangular (including square) shape",S08,1.0,0810,alta,cadena,1.0,,244590842.0
251710,"Pebbles, gravel, broken or crushed stone: of a kind commonly used for concrete aggregates, for road metalling or for railway or other ballast, shingle and flint, whether or not heat-treated",S08,1.0,0810,alta,cadena,1.0,,1890601915.0
251720,"Macadam of slag, dross or similar industrial waste: whether or not incorporating the materials in item no. 2517.10",S08,1.0,0810,alta,cadena,1.0,,41152784.333333336
251730,Tarred macadam,S35,1.0,2399,alta,cadena,1.0,,33871894.333333336
251741,"Stones: of marble, in granules, chippings and powder, whether or not heat-treated",S08,1.0,0810,alta,cadena,1.0,,511651967.0
251749,"Stones: of heading no. 2515 or 2516 (excluding marble), in granules, chippings and powder, whether or not heat-treated",S08,1.0,0810,alta,cadena,1.0,,440728100.0
251810,"Dolomite: (not calcined), roughly trimmed or merely cut, by sawing or otherwise, into blocks or slabs of a rectangular (including square) shape",S08,1.0,0810,alta,cadena,1.0,,348037939.0
251820,"Dolomite: calcined, roughly trimmed or merely cut, by sawing or otherwise, into blocks or slabs of a rectangular (including square) shape",S33,1.0,2394,alta,cadena,1.0,,210666633.0
251830,Dolomite: agglomerated (including tarred),S33,1.0,2394,alta,cadena,1.0,,186927286.0
251910,Magnesium carbonate (magnesite): natural,S08,1.0,0899,alta,cadena,1.0,,95274496.0
251990,"Magnesia, fused or dead-burned (sintered): whether or not containing small quantities of other oxides added before sintering, other magnesium oxide, whether or not pure, (not natural magnesium carbonate)",S08,1.0,0899,alta,cadena,1.0,,1869854908.0
252010,Gypsum: anhydrite,S08,1.0,0810,alta,cadena,1.0,,930581134.0
252020,"Plasters: (consisting of calcined gypsum or calcium sulphate), whether or not coloured, with or without small quantities of accelerators or retarders",S33,1.0,2394,alta,cadena,1.0,,622473855.6666666
252100,"Limestone flux: limestone and other calcareous stone, of a kind used for the manufacture of lime or cement",S08,1.0,0810,alta,cadena,1.0,,915422353.6666666
252210,Quicklime: excluding calcium oxide and hydroxide of heading no. 2825,S33,1.0,2394,alta,cadena,1.0,,1042427327.6666666
252220,Slaked lime: excluding calcium oxide and hydroxide of heading no. 2825,S33,1.0,2394,alta,cadena,1.0,,229792541.66666666
252230,Hydraulic lime: excluding calcium oxide and hydroxide of heading no. 2825,S33,1.0,2394,alta,cadena,1.0,,44081724.666666664
252310,Cement clinkers (whether or not coloured),S33,1.0,2394,alta,cadena,1.0,,3859366660.3333335
252321,"Cement: portland, white, whether or not artificially coloured",S33,1.0,2394,alta,cadena,1.0,,763726006.0
252329,"Cement: portland, other than white, whether or not artificially coloured",S33,1.0,2394,alta,cadena,1.0,,7660259843.666667
252330,"Cement: aluminous (""ciment fondu""), whether or not coloured or in the form of clinkers",S33,1.0,2394,alta,cadena,1.0,,402966162.6666667
252390,Cement: hydraulic kinds n.e.s. in heading no. 2523,S33,1.0,2394,alta,cadena,1.0,,866688180.6666666
252400,Asbestos,S08,1.0,0899,alta,cadena,1.0,,417234460.3333333
252510,Mica: crude and rifted into sheets or splittings,S08,1.0,0899,alta,cadena,1.0,,51137677.0
252520,Mica: powder,S08,1.0,0899,alta,cadena,1.0,,139045143.33333334
252530,Mica: waste,S47,1.0,3830,media,regla_residuos,1.0,,7928842.666666667
252610,"Steatite: natural, (not crushed or powdered), whether or not roughly trimmed or merely cut, by sawing or otherwise, into blocks or slabs of a rectangular (including square) shape: talc",S08,1.0,0899,alta,cadena,1.0,,129030544.33333333
252620,"Steatite: natural, crushed, powdered, whether or not roughly trimmed or merely cut, by sawing or otherwise, into blocks or slabs of a rectangular (including square) shape: talc",S08,1.0,0899,alta,cadena,1.0,,831900547.3333334
252700,Cryolite and chiolite: natural,S08,1.0,0891,alta,cadena,1.0,,151156508.66666666
252810,"Sodium borates: natural, whether or not calcined",S08,1.0,0891,alta,cadena,1.0,,24356718.0
252890,"Borates: natural, and concentrates thereof, n.e.s. in heading no. 2528, excluding borates separated from natural brine: natural boric acid containing not more than 85% of H3Bo3 calculated on the dry weight",S08,1.0,0891,alta,cadena,1.0,,371480609.6666667
252910,Felspar,S08,1.0,0899,alta,cadena,1.0,,605878996.3333334
252921,Fluorspar: containing by weight 97% or less of calcium fluoride,S08,1.0,0891,alta,cadena,1.0,,406903843.3333333
252922,Fluorspar: containing by weight more than 97% of calcium fluoride,S08,1.0,0891,alta,cadena,1.0,,392226306.0
252930,Leucite: nepheline and nepheline syenite,S08,1.0,0899,alta,cadena,1.0,,164680758.66666666
253010,"Vermiculite, perlite and chlorites: unexpanded",S08,1.0,0899,alta,cadena,1.0,,228905649.66666666
253020,"Kieserite, epsomite (natural magnesium sulphates)",S08,1.0,0891,alta,cadena,1.0,,133361386.0
253030,Earth colours,S08,1.0,0891,alta,cadena,1.0,,252169203.66666666
253040,Natural micaceous iron oxides,S08,1.0,0891,alta,cadena,1.0,,334645314.0
253090,Mineral substances: n.e.s. in chapter 25,S08,1.0,0891,alta,cadena,1.0,,8641797886.0
260111,Iron ores and concentrates: non-agglomerated,S08,1.0,0710,alta,cadena,1.0,,127280855129.0
260112,Iron ores and concentrates: agglomerated (excluding roasted iron pyrites),S08,1.0,0710,alta,cadena,1.0,,18365071951.666668
260120,Iron pyrites: roasted,S29,1.0,2011,alta,cadena,1.0,,241468077.66666666
260200,"Manganese ores and concentrates, including manganiferous iron ores and concentrates with a manganese content of 20% or more, calculated on the dry weight",S08,1.0,0729,alta,cadena,1.0,,5558652819.666667
260300,Copper ores and concentrates,S08,1.0,0729,alta,cadena,1.0,,90090536071.33333
260400,Nickel ores and concentrates,S08,1.0,0729,alta,cadena,1.0,,3916281982.3333335
260500,Cobalt ores and concentrates,S08,1.0,0729,alta,cadena,1.0,,91380719.0
260600,Aluminium ores and concentrates,S08,1.0,0729,alta,cadena,1.0,,7901041864.0
260700,Lead ores and concentrates,S08,1.0,0729,alta,cadena,1.0,,6357758637.666667
260800,Zinc ores and concentrates,S08,1.0,0729,alta,cadena,1.0,,10548661802.666666
260900,Tin ores and concentrates,S08,1.0,0729,alta,cadena,1.0,,979447956.6666666
261000,Chromium ores and concentrates,S08,1.0,0729,alta,cadena,1.0,,4452349461.0
261100,Tungsten ores and concentrates,S08,1.0,0729,alta,cadena,1.0,,214065176.0
261210,Uranium ores and concentrates,S08,1.0,0721,alta,cadena,1.0,,828784789.6666666
261220,Thorium ores and concentrates,S08,1.0,0721,alta,cadena,1.0,,107855342.66666667
261310,Molybdenum ores and concentrates: roasted,S08,1.0,0729,alta,cadena,1.0,,3923655406.3333335
261390,Molybdenum ores and concentrates: other than roasted,S08,1.0,0729,alta,cadena,1.0,,3152067173.0
261400,Titanium ores and concentrates,S08,1.0,0729,alta,cadena,1.0,,2537177489.0
261510,Zirconium ores and concentrates,S08,1.0,0729,alta,cadena,1.0,,1498919046.6666667
261590,"Niobium, tantalum, vanadium ores and concentrates",S08,1.0,0729,alta,cadena,1.0,,421240879.0
261610,Silver ores and concentrates,S08,1.0,0729,alta,cadena,1.0,,3129984270.0
261690,Precious metal ores and concentrates: (excluding silver),S08,1.0,0729,alta,cadena,1.0,,10166973062.0
261710,Antimony ores and concentrates,S08,1.0,0729,alta,cadena,1.0,,285553515.6666667
261790,Ores and concentrates n.e.s. in chapter 26: other than antimony,S08,1.0,0729,alta,cadena,1.0,,486073598.0
261800,"Slag, granulated (slag sand): from the manufacture or iron or steel",S47,1.0,3830,media,regla_residuos,1.0,,874198932.0
261900,"Slag, dross: (other than granulated slag), scalings and other waste from the manufacture of iron or steel",S47,1.0,3830,media,regla_residuos,1.0,,556786103.3333334
262011,"Ash and residues: (not from the manufacture of iron or steel), containing mainly zinc, hard zinc spelter",S47,1.0,3830,media,regla_residuos,1.0,,258167632.66666666
262019,"Ash and residues: (not from the manufacture of iron or steel), containing mainly zinc, other than hard zinc spelter",S47,1.0,3830,media,regla_residuos,1.0,,752854475.0
262020,"Ash and residues: (not from the manufacture of iron or steel), containing mainly lead",S47,1.0,3830,media,regla_residuos,1.0,,143299370.66666666
262030,"Ash and residues: (not from the manufacture of iron or steel), containing mainly copper",S47,1.0,3830,media,regla_residuos,1.0,,819294612.3333334
262040,"Ash and residues: (not from the manufacture of iron or steel), containing mainly aluminium",S47,1.0,3830,media,regla_residuos,1.0,,310550091.6666667
262050,"Ash and residues: (not from the manufacture of iron or steel), containing mainly vanadium",S47,1.0,3830,media,regla_residuos,1.0,,51493229.0
262090,"Ash and residues: (not from the manufacture or iron or steel), containing mainly metals or metal compounds n.e.s. in heading no. 2620",S47,1.0,3830,media,regla_residuos,0.9999154431094737,,4113678805.6666665
262100,"Slag and ash: including seaweed ash (kelp), n.e.s. in chapter 26",S47,1.0,3830,media,regla_residuos,1.0,,451768839.0
270111,"Coal: anthracite, whether or not pulverised, but not agglomerated",S08,1.0,0510,alta,cadena,1.0,,7130763356.666667
270112,"Coal: bituminous, whether or not pulverised, but not agglomerated",S08,1.0,0510,alta,cadena,1.0,,136222491216.33333
270119,"Coal: (other than anthracite and bituminous), whether or not pulverised but not agglomerated",S08,1.0,0510,alta,cadena,1.0,,50185783911.0
270120,"Briquettes, ovoids and similar solid fuels: manufactured from coal",S28,1.0,1920,alta,cadena,1.0,,176672813.66666666
270210,"Lignite: whether or not pulverised, but not agglomerated, excluding jet",S08,1.0,0520,alta,cadena,1.0,,8359157909.0
270220,"Lignite: agglomerated, excluding jet",S28,1.0,1920,alta,cadena,1.0,,117764218.0
270300,"Peat: (including peat litter), whether or not agglomerated",S08,1.0,0892,alta,cadena,1.0,,1665329115.3333333
270400,"Coke and semi-coke: of coal, lignite or peat, whether or not agglomerated: retort carbon",S28,1.0,1910,alta,cadena,1.0,,11025295175.666666
270500,"Gases: coal, water, producer and similar gases (excluding petroleum and other gaseous hydrocarbons)",S45,1.0,3520,alta,cadena,1.0,,14373879.333333334
270600,"Tar: distilled from coal, lignite or peat, and other mineral tars, whether or not dehydrated or partially distilled, including reconstituted tars",S28,1.0,1910,alta,cadena,1.0,,763453299.3333334
270710,Oils and products of the distillation of high temperature coal tar: benzole,S29,1.0,2011,alta,cadena,1.0,,1016195884.6666666
270720,Oils and products of the distillation of high temperature coal tar: toluole,S29,1.0,2011,alta,cadena,1.0,,397518747.3333333
270730,Oils and products of the distillation of high temperature coal tar: xylole,S29,1.0,2011,alta,cadena,1.0,,3808884159.3333335
270740,Oils and products of the distillation of high temperature coal tar: naphthalene,S29,1.0,2011,alta,cadena,1.0,,236971233.66666666
270750,"Aromatic hydrocarbon mixtures: n.e.s. in heading no. 2707, of which 65% or more by volume (including losses) distils at 250 degrees celsius by the ASTM D 86 method",S29,1.0,2011,alta,cadena,1.0,,10550441894.666666
270760,Oils and other products of the distillation of high temperature coal tar: phenols,S29,1.0,2011,alta,cadena,1.0,,6194785110.0
270791,Oils and other products of the distillation of high temperature coal tar: creosote oils,S29,1.0,2011,alta,cadena,1.0,,216320130.33333334
270799,Oils and other products of the distillation of high temperature coal tar: n.e.s. in heading no. 2707,S29,1.0,2011,alta,cadena,1.0,,9331331591.333334
270810,Pitch: obtained from coal tar or from other mineral tars,S29,1.0,2011,alta,cadena,1.0,,1616873178.6666667
270820,Pitch coke: obtained from coal tar or from other mineral tars,S29,1.0,2011,alta,cadena,1.0,,250189517.33333334
270900,"Oils: petroleum oils and oils obtained from bituminous minerals, crude",S08,1.0,0610,alta,cadena,1.0,,1106414344836.6667
271000,"Petroleum oils and oils from bituminous minerals, not crude: preparations n.e.c. containing by weight 70% or more of petroleum oils or oils from bituminous minerals: these being the basic constituents of the preparations: waste oils",S28,0.9901532445861074,1920,media,cadena_prefijo,1.0000242536668464,,578709562256.3334
271000,"Petroleum oils and oils from bituminous minerals, not crude: preparations n.e.c. containing by weight 70% or more of petroleum oils or oils from bituminous minerals: these being the basic constituents of the preparations: waste oils",S47,0.009846755413892433,3830,media,cadena_prefijo,1.0000242536668464,,578709562256.3334
271111,"Petroleum gases and other gaseous hydrocarbons: liquefied, natural gas",S08,1.0,0620,alta,cadena,1.0,,189138496194.66666
271112,"Petroleum gases and other gaseous hydrocarbons: liquefied, propane",S28,1.0,1920,alta,cadena,1.0,,56779849598.333336
271113,"Petroleum gases and other gaseous hydrocarbons: liquefied, butanes",S28,1.0,1920,alta,cadena,1.0,,21682870309.0
271114,"Petroleum gases and other gaseous hydrocarbons: liquefied, ethylene, propylene, butylene and butadiene",S28,1.0,1920,alta,cadena,1.0,,1788086881.3333333
271119,"Petroleum gases and other gaseous hydrocarbons: liquefied, n.e.s. in heading no. 2711",S28,1.0,1920,alta,cadena,1.0,,7170649279.0
271121,"Petroleum gases and other gaseous hydrocarbons: in gaseous state, natural gas",S08,1.0,0620,alta,cadena,1.0,,193169713276.33334
271129,"Petroleum gases and other gaseous hydrocarbons: in gaseous state, other than natural gas",S28,1.0,1920,alta,cadena,1.0,,3017640404.0
271210,Petroleum jelly,S28,1.0,1920,alta,cadena,1.0,,418730969.0
271220,"Paraffin wax: containing by weight less than 0.75% of oil, obtained by synthesis or by other processes, whether or not coloured",S28,1.0,1920,alta,cadena,1.0,,1892437206.3333333
271290,"Paraffin wax: containing by weight 0.75% or more of oil, obtained by synthesis or by other processes, whether or not coloured",S28,1.0,1920,alta,cadena,1.0,,1587660540.3333333
271311,"Petroleum coke: (not calcined), obtained from bituminous minerals",S28,1.0,1920,alta,cadena,1.0,,8690051179.333334
271312,"Petroleum coke: calcined, obtained from bituminous minerals",S28,1.0,1920,alta,cadena,1.0,,4143451191.6666665
271320,Petroleum bitumen: obtained from bituminous minerals,S28,1.0,1920,alta,cadena,1.0,,12847237132.666666
271390,Residues: of petroleum oils or of oils obtained from bituminous minerals,S28,1.0,1920,alta,cadena,1.0,,1526079332.3333333
271410,Bituminous or oil shale and tar sands,S08,1.0,0610,alta,cadena,1.0,,56269264.0
271490,"Bitumen and asphalt, natural: asphaltites and asphaltic rock",S08,1.0,0899,alta,cadena,1.0,,550099897.0
271500,"Bituminous mixtures based on natural asphalt, on natural bitumen, on petroleum bitumen, on mineral tar or on mineral tar pitch (eg bituminous mastics, cut-backs)",S35,1.0,2399,alta,cadena,1.0,,1883427942.6666667
271600,Electrical energy,S45,1.0,3510,alta,cadena,1.0,excluir_energia_binacional,78246685780.66667
280110,Chlorine,S29,1.0,2011,alta,cadena,1.0,,306215299.6666667
280120,Iodine,S29,1.0,2011,alta,cadena,1.0,,1958768705.0
280130,Fluorine: bromine,S29,1.0,2011,alta,cadena,1.0,,322702407.3333333
280200,"Sulphur: sublimed or precipitated, colloidal sulphur",S29,1.0,2011,alta,cadena,1.0,,467927572.3333333
280300,Carbon: carbon blacks and other forms of carbon n.e.s.,S29,1.0,2011,alta,cadena,1.0,,6462333200.333333
280410,Hydrogen,S29,1.0,2011,alta,cadena,1.0,,246214310.0
280421,"Gases, rare: argon",S29,1.0,2011,alta,cadena,1.0,,339418597.3333333
280429,"Gases, rare: other than argon",S29,1.0,2011,alta,cadena,1.0,,2762740065.3333335
280430,Nitrogen,S29,1.0,2011,alta,cadena,1.0,,290519361.3333333
280440,Oxygen,S29,1.0,2011,alta,cadena,1.0,,233308368.33333334
280450,Boron: tellurium,S29,1.0,2011,alta,cadena,1.0,,194187089.33333334
280461,Silicon: containing by weight not less than 99.99% of silicon,S29,1.0,2011,alta,cadena,1.0,,4571886177.333333
280469,Silicon: containing by weight less than 99.99% of silicon,S29,1.0,2011,alta,cadena,1.0,,3810555884.0
280470,Phosphorus,S29,1.0,2011,alta,cadena,1.0,,779473780.6666666
280480,Arsenic,S29,1.0,2011,alta,cadena,1.0,,14599916.0
280490,Selenium,S29,1.0,2011,alta,cadena,1.0,,94687026.33333333
280511,Alkali metals: sodium,S29,1.0,2011,alta,cadena,1.0,,83883826.0
280519,Alkali metals: other than sodium,S29,1.0,2011,alta,cadena,1.0,,291229190.0
280521,Alkaline-earth metals: calcium,S29,1.0,2011,alta,cadena,1.0,,163950648.66666666
280522,Alkaline-earth metals: strontium and barium,S29,1.0,2011,alta,cadena,1.0,,25512541.333333332
280530,"Earth-metals, rare: scandium and yttrium, whether or not intermixed or interalloyed",S29,1.0,2011,alta,cadena,1.0,,570930635.3333334
280540,Mercury,S29,1.0,2011,alta,cadena,1.0,,32016045.666666668
280610,Hydrogen chloride (hydrochloric acid),S29,1.0,2011,alta,cadena,1.0,,434016035.3333333
280620,Chlorosulphuric acid,S29,1.0,2011,alta,cadena,1.0,,13439869.333333334
280700,Sulphuric acid: oleum,S29,1.0,2011,alta,cadena,1.0,,1805340177.0
280800,Nitric acid: sulphonitric acids,S29,1.0,2012,alta,cadena,1.0,,447263656.6666667
280910,Diphosphorus pentoxide,S29,1.0,2011,alta,cadena,1.0,,52575954.0
280920,Phosphoric acid and polyphosphoric acids,S29,1.0,2011,alta,cadena,1.0,,5905530072.0
281000,Oxides of boron: boric acids,S29,1.0,2011,alta,cadena,1.0,,606416791.3333334
281111,Hydrogen fluoride (hydrofluoric acid),S29,1.0,2011,alta,cadena,1.0,,905783992.6666666
281119,Inorganic acids: other than hydrogen fluoride,S29,1.0,2011,alta,cadena,1.0,,569426089.6666666
281121,Carbon dioxide,S29,1.0,2011,alta,cadena,1.0,,579903760.3333334
281122,Silicon dioxide,S29,1.0,2011,alta,cadena,1.0,,3267935164.3333335
281123,Sulphur dioxide,S29,1.0,2011,alta,cadena,1.0,,376091044.0
281129,"Inorganic oxygen compounds: of non-metals, n.e.s. in item no. 2811.2",S29,1.0,2011,alta,cadena,1.0,,265901848.33333334
281210,Chlorides and chloride oxides,S29,1.0,2011,alta,cadena,1.0,,280294219.3333333
281290,Halides and halide oxides of non-metals: excluding chloride,S29,1.0,2011,alta,cadena,1.0,,553453563.0
281310,Carbon disulphide,S29,1.0,2011,alta,cadena,1.0,,100401608.66666667
281390,"Sulphides of non-metals, (excluding carbon): commercial phosphorus trisulphide",S29,1.0,2011,alta,cadena,1.0,,126005910.66666667
281410,Ammonia: anhydrous,S29,1.0,2012,alta,cadena,1.0,,9212815273.0
281420,Ammonia: in aqueous solution,S29,1.0,2012,alta,cadena,1.0,,221051604.66666666
281511,Sodium hydroxide (caustic soda): solid,S29,1.0,2011,alta,cadena,1.0,,973077046.3333334
281512,Sodium hydroxide (caustic soda): in aqueous solution (soda lye or liquid soda),S29,1.0,2011,alta,cadena,1.0,,6368623494.666667
281520,Potassium hydroxide (caustic potash),S29,1.0,2011,alta,cadena,1.0,,948930827.0
281530,Peroxides of sodium or potassium,S29,1.0,2011,alta,cadena,1.0,,14027954.0
281610,Hydroxide and peroxide of magnesium,S29,1.0,2011,alta,cadena,1.0,,230787404.0
281620,"Oxide, hydroxide and peroxide of strontium",S29,1.0,2011,alta,cadena,1.0,,5191597.0
281630,"Oxide, hydroxide and peroxide of barium",S29,1.0,2011,alta,cadena,1.0,,30500129.333333332
281700,Zinc: oxide and peroxide,S29,1.0,2011,alta,cadena,1.0,,1593185808.3333333
281810,Aluminium oxide: artificial corundum,S35,1.0,2399,alta,cadena,1.0,,1438050251.0
281820,Aluminium oxide: other than artificial corundum,S37,1.0,2420,alta,cadena,1.0,,15225301672.666666
281830,Aluminium hydroxide,S29,1.0,2011,alta,cadena,1.0,,1674132504.6666667
281910,Chromium trioxide,S29,1.0,2011,alta,cadena,1.0,,208663875.33333334
281990,Chromium oxides and hydroxides: excluding chromium trioxide,S29,1.0,2011,alta,cadena,1.0,,285009071.0
282010,Manganese dioxide,S29,1.0,2011,alta,cadena,1.0,,225540847.33333334
282090,Manganese oxides: excluding manganese dioxide,S29,1.0,2011,alta,cadena,1.0,,192214372.66666666
282110,Iron oxides and hydroxides,S29,1.0,2011,alta,cadena,1.0,,1101880542.3333333
282120,Earth colours: containing 70% or more by weight of combined iron evaluated as Fe2o3,S29,1.0,2011,alta,cadena,1.0,,13362046.666666666
282200,Cobalt oxides and hydroxides: commercial cobalt oxides,S29,1.0,2011,alta,cadena,1.0,,2085772863.0
282300,Titanium oxides,S29,1.0,2011,alta,cadena,1.0,,653986618.6666666
282410,"Lead: lead monoxide (litharge, massicot)",S29,1.0,2011,alta,cadena,1.0,,58902658.0
282420,Lead: red and orange,S29,1.0,2011,alta,cadena,1.0,,59631015.666666664
282490,Lead oxides: n.e.s. in heading no. 2824,S29,1.0,2011,alta,cadena,1.0,,27549741.666666668
282510,Hydrazine and hydroxylamine and their inorganic salts,S29,1.0,2011,alta,cadena,1.0,,277556101.6666667
282520,Lithium oxide and hydroxide,S29,1.0,2011,alta,cadena,1.0,,5159995955.333333
282530,Vanadium oxides and hydroxides,S29,1.0,2011,alta,cadena,1.0,,458000019.0
282540,Nickel oxides and hydroxides,S29,1.0,2011,alta,cadena,1.0,,1324984109.6666667
282550,Copper oxides and hydroxides,S29,1.0,2011,alta,cadena,1.0,,548670949.6666666
282560,Germanium oxides and zirconium dioxide,S29,1.0,2011,alta,cadena,1.0,,396277838.0
282570,Molybdenum oxides and hydroxides,S29,1.0,2011,alta,cadena,1.0,,782394651.0
282580,Antimony oxides,S29,1.0,2011,alta,cadena,1.0,,754673245.3333334
282590,"Inorganic bases, metal oxides, hydroxides and peroxides: n.e.s. in heading no. 2825",S29,1.0,2011,alta,cadena,1.0,,1044901673.0
282611,Fluorides: of ammonium or of sodium,S29,1.0,2011,alta,cadena,1.0,,150581493.66666666
282612,Fluorides: of aluminium,S29,1.0,2011,alta,cadena,1.0,,606870720.6666666
282619,Fluorides: other than of ammonium or sodium or aluminium,S29,1.0,2011,alta,cadena,1.0,,298966815.0
282620,Fluorosilicates of sodium or of potassium,S29,1.0,2011,alta,cadena,1.0,,11096769.333333334
282630,Sodium hexafluoroaluminate (synthetic cryolite),S29,1.0,2011,alta,cadena,1.0,,59020308.333333336
282690,"Fluorides: fluorosilicates, fluoroaluminates and other complex fluorine salts, n.e.s. in heading no. 2826",S29,1.0,2011,alta,cadena,1.0,,623330450.6666666
282710,Chlorides: of ammonium,S29,1.0,2012,alta,cadena,1.0,,196042439.33333334
282720,Chlorides: of calcium,S29,1.0,2011,alta,cadena,1.0,,596661044.3333334
282731,Chlorides: of magnesium,S29,1.0,2011,alta,cadena,1.0,,140994719.33333334
282732,Chlorides: of aluminium,S29,1.0,2011,alta,cadena,1.0,,229542197.66666666
282733,Chlorides: of iron,S29,1.0,2011,alta,cadena,1.0,,77380064.33333333
282734,Chlorides: of cobalt,S29,1.0,2011,alta,cadena,1.0,,60756500.0
282735,Chlorides: of nickel,S29,1.0,2011,alta,cadena,1.0,,53365988.333333336
282736,Chlorides: of zinc,S29,1.0,2011,alta,cadena,1.0,,34751416.666666664
282737,Chlorides: of tin,S29,1.0,2011,alta,cadena,1.0,,123742310.33333333
282738,Chlorides: of barium,S29,1.0,2011,alta,cadena,1.0,,104267250.33333333
282739,Chlorides: of metals n.e.s. in heading no. 2827,S29,1.0,2011,alta,cadena,1.0,,425621105.3333333
282741,Chloride oxides and chloride hydroxides: of copper,S29,1.0,2011,alta,cadena,1.0,,82863544.33333333
282749,Chloride oxides and chloride hydroxides: other than of copper,S29,1.0,2011,alta,cadena,1.0,,358875913.0
282751,Bromides: of sodium or of potassium,S29,1.0,2011,alta,cadena,1.0,,293878419.3333333
282759,Bromides and bromide oxides: other than item no. 2827.51,S29,1.0,2011,alta,cadena,1.0,,404419413.0
282760,Iodides and iodide oxides,S29,1.0,2011,alta,cadena,1.0,,360848641.3333333
282810,Hypochlorites: commercial calcium hypochlorite and other calcium hypochlorites,S29,1.0,2011,alta,cadena,1.0,,262610122.66666666
282890,Hypochlorites: n.e.s. in heading no. 2828,S29,1.0,2011,alta,cadena,1.0,,456992564.0
282911,Chlorates: of sodium,S29,1.0,2011,alta,cadena,1.0,,461982372.0
282919,Chlorates: other than sodium,S29,1.0,2011,alta,cadena,1.0,,37960632.666666664
282990,Perchlorates: bromates and perbromates: iodates and periodates,S29,1.0,2011,alta,cadena,1.0,,244968722.66666666
283010,Sulphides: of sodium,S29,1.0,2011,alta,cadena,1.0,,319131418.0
283020,Sulphides: of zinc,S29,1.0,2011,alta,cadena,1.0,,52120504.666666664
283030,Sulphides: of cadmium,S29,1.0,2011,alta,cadena,1.0,,
283090,Sulphides and polysulphides: n.e.s. in heading no. 2830,S29,1.0,2011,alta,cadena,1.0,,316489777.6666667
283110,Dithionites and sulphoxylates: of sodium,S29,1.0,2011,alta,cadena,1.0,,252133457.33333334
283190,Dithionites and sulphoxylates: other than sodium,S29,1.0,2011,alta,cadena,1.0,,26087321.333333332
283210,Sulphites: of sodium,S29,1.0,2011,alta,cadena,1.0,,428254604.0
283220,Sulphites: other than of sodium,S29,1.0,2011,alta,cadena,1.0,,99381633.33333333
283230,Thiosulphates,S29,1.0,2011,alta,cadena,1.0,,122991995.0
283311,Sodium sulphates: disodium sulphate,S29,1.0,2011,alta,cadena,1.0,,610874443.6666666
283319,Sodium sulphates: other than disodium sulphate,S29,1.0,2011,alta,cadena,1.0,,95078653.0
283321,Sulphates: of magnesium,S29,1.0,2011,alta,cadena,1.0,,352185522.3333333
283322,Sulphates: of aluminium,S29,1.0,2011,alta,cadena,1.0,,140512948.0
283323,Sulphates: of chromium,S29,1.0,2011,alta,cadena,1.0,,70639609.0
283324,Sulphates: of nickel,S29,1.0,2011,alta,cadena,1.0,,1285416494.3333333
283325,Sulphates: of copper,S29,1.0,2011,alta,cadena,1.0,,838876973.3333334
283326,Sulphates: of zinc,S29,1.0,2011,alta,cadena,1.0,,567501004.3333334
283327,Sulphates: of barium,S29,1.0,2011,alta,cadena,1.0,,153102249.66666666
283329,Sulphates: n.e.s. in item no. 2833.2,S29,1.0,2011,alta,cadena,1.0,,1012438249.3333334
283330,Alums,S29,1.0,2011,alta,cadena,1.0,,24394194.0
283340,Peroxosulphates (persulphates),S29,1.0,2011,alta,cadena,1.0,,191173347.0
283410,Nitrites,S29,1.0,2012,alta,cadena,1.0,,112982484.0
283421,Nitrates: of potassium,S29,1.0,2012,alta,cadena,1.0,,943096718.3333334
283422,Nitrates: of bismuth,S29,1.0,2011,alta,cadena,1.0,,72514148.0
283429,Nitrates: of other than potassium or bismuth,S29,1.0,2011,alta,cadena,1.0,,353549837.3333333
283510,Phosphinates (hypophosphites) and phosphonates (phosphites),S29,1.0,2011,alta,cadena,1.0,,215392568.0
283521,Phosphates: of triammonium,S29,1.0,2011,alta,cadena,1.0,,89420798.66666667
283522,Phosphates: of mono- or disodium,S29,1.0,2011,alta,cadena,1.0,,169919663.33333334
283523,Phosphates: of trisodium,S29,1.0,2011,alta,cadena,1.0,,72176819.33333333
283524,Phosphates: of potassium,S29,1.0,2011,alta,cadena,1.0,,568554466.3333334
283525,"Phosphates: calcium hydrogenorthophosphate (""dicalcium phosphate"")",S29,1.0,2011,alta,cadena,1.0,,453233363.6666667
283526,Phosphates: of calcium n.e.s. in item no. 2835.25,S29,1.0,2011,alta,cadena,1.0,,1438354717.6666667
283529,Phosphates: n.e.s in item no. 2835.2,S29,1.0,2011,alta,cadena,1.0,,115208641.66666667
283531,Polyphosphates: sodium triphosphate (sodium tripolyphosphate),S29,1.0,2011,alta,cadena,1.0,,573778678.3333334
283539,Polyphosphates: (other than sodium triphosphate (sodium tripolyphosphate)),S29,1.0,2011,alta,cadena,1.0,,987126385.3333334
283610,Carbonates: commercial ammonium carbonate and other ammonium carbonates,S29,1.0,2011,alta,cadena,1.0,,103366685.66666667
283620,Carbonates: disodium carbonate,S29,1.0,2011,alta,cadena,1.0,,4721310352.333333
283630,Carbonates: sodium hydrogencarbonate (sodium bicarbonate),S29,1.0,2011,alta,cadena,1.0,,950316327.6666666
283640,Carbonates: potassium carbonate,S29,1.0,2011,alta,cadena,1.0,,406613694.6666667
283650,Carbonates: calcium carbonate,S29,1.0,2011,alta,cadena,1.0,,803787905.0
283660,Carbonates: barium carbonate,S29,1.0,2011,alta,cadena,1.0,,130887962.33333333
283670,Carbonates: lead carbonate,S29,1.0,2011,alta,cadena,1.0,,6997121.666666667
283691,Carbonates: lithium carbonate,S29,1.0,2011,alta,cadena,1.0,,6791678783.0
283692,Carbonates: strontium carbonate,S29,1.0,2011,alta,cadena,1.0,,90592902.33333333
283693,Carbonates: bismuth carbonate,S29,1.0,2011,alta,cadena,1.0,,35187808.0
283699,Carbonates: n.e.s. in heading no. 2836,S29,1.0,2011,alta,cadena,1.0,,879799532.0
283711,Cyanides and cyanide oxides: of sodium,S29,1.0,2011,alta,cadena,1.0,,1238821984.6666667
283719,Cyanides and cyanide oxides: other than of sodium,S29,1.0,2011,alta,cadena,1.0,,51658615.0
283720,Complex cyanides,S29,1.0,2011,alta,cadena,1.0,,56728544.333333336
283800,"Fulminates, cyanates and thiocyanates",S29,1.0,2011,alta,cadena,1.0,,1040639529.3333334
283911,Silicates: sodium metasilicates,S29,1.0,2011,alta,cadena,1.0,,67632005.0
283919,Silicates: of sodium (excluding sodium metasilicates),S29,1.0,2011,alta,cadena,1.0,,510747649.0
283920,Silicates: of potassium,S29,1.0,2011,alta,cadena,1.0,,112735554.66666667
283990,"Silicates: commercial alkali metal silicates, other than of sodium or potassium",S29,1.0,2011,alta,cadena,1.0,,161689283.66666666
284011,"Borates: disodium tetraborate (refined borax), anhydrous",S29,1.0,2011,alta,cadena,1.0,,92598124.66666667
284019,"Borates: disodium tetraborate (refined borax), other than anhydrous",S29,1.0,2011,alta,cadena,1.0,,1021943249.6666666
284020,Borates: n.e.s. in heading no. 2840,S29,1.0,2011,alta,cadena,1.0,,147875195.66666666
284030,Peroxoborates (perborates),S29,1.0,2011,alta,cadena,1.0,,15878835.0
284110,Salts: aluminates,S29,1.0,2011,alta,cadena,1.0,,4994605646.333333
284120,Salts: chromates of zinc or of lead,S29,1.0,2011,alta,cadena,1.0,,10185466.333333334
284130,Salts: sodium dichromate,S29,1.0,2011,alta,cadena,1.0,,117348223.33333333
284140,Salts: potassium dichromate,S29,1.0,2011,alta,cadena,1.0,,1929325.6666666667
284150,"Salts: chromates, dichromates, peroxochromates: n.e.s. in heading no. 2841",S29,1.0,2011,alta,cadena,1.0,,15454273.666666666
284160,"Salts: manganites, manganates and permanganates",S29,1.0,2011,alta,cadena,1.0,,123954237.33333333
284170,Salts: molybdates,S29,1.0,2011,alta,cadena,1.0,,287291011.6666667
284180,Salts: tungstates (wolframates),S29,1.0,2011,alta,cadena,1.0,,210851927.66666666
284190,Salts of oxometallic or peroxometallic acids: n.e.s. in heading no. 2841,S29,1.0,2011,alta,cadena,1.0,,8016167029.666667
284210,Salts: double or complex silicates,S29,1.0,2011,alta,cadena,1.0,,829372701.6666666
284290,"Salts: of inorganic acids or peroxoacids, excluding azides",S29,1.0,2011,alta,cadena,1.0,,3004152846.0
284310,Colloidal precious metals: whether or not chemically defined,S29,1.0,2011,alta,cadena,1.0,,214281697.0
284321,Silver compounds: silver nitrates,S29,1.0,2011,alta,cadena,1.0,,306659136.3333333
284329,Silver compounds: excluding silver nitrates,S29,1.0,2011,alta,cadena,1.0,,392682229.3333333
284330,Gold compounds,S29,1.0,2011,alta,cadena,1.0,,1916054619.3333333
284390,"Inorganic or organic compounds: of precious metals (excluding gold and silver), whether or not chemically defined, amalgams of precious metals",S29,1.0,2011,alta,cadena,1.0,,8134641805.0
284410,"Uranium: natural uranium and its compounds, alloys, dispersions (including cermets), ceramic products and mixtures containing natural uranium or natural uranium compounds",S29,1.0,2011,alta,cadena,1.0,,7292072403.666667
284420,"Uranium: enriched in U235, plutonium, their compounds, alloys dispersions (including cermets), ceramic products and mixtures containing uranium enriched in U235, plutonium or compounds of these products",S29,1.0,2011,alta,cadena,1.0,,8496362841.666667
284430,"Uranium: depleted in U235, thorium, their compounds, alloys, dispersions (including cermets), ceramic products and mixtures containing uranium depleted in U235, thorium: compounds of these products",S29,1.0,2011,alta,cadena,1.0,,85792781.0
284440,"Radioactive elements, isotopes, compounds, n.e.s. in heading no. 2844 alloys, dispersions (including cermets), ceramic products and mixtures containing these elements, isotopes or compounds: radioactive residues",S29,1.0,2011,alta,cadena,1.0,,2153131737.0
284450,Spent (irradiated) fuel elements (cartridges) of nuclear reactors,S45,1.0,3510,alta,cadena,1.0,,3634219.0
284510,Heavy water (deuterium oxide),S29,1.0,2011,alta,cadena,1.0,,136755829.33333334
284590,"Isotopes (excluding those of heading no. 2844): compounds, inorganic or organic, of such isotopes, whether or not chemically defined",S29,1.0,2011,alta,cadena,1.0,,1615818782.6666667
284610,Cerium compounds,S29,1.0,2011,alta,cadena,1.0,,187032417.66666666
284690,"Compounds, inorganic or organic (excluding cerium), of rare-earth metals, of yttrium, scandium or of mixtures of these metals",S29,1.0,2011,alta,cadena,1.0,,2710407599.0
284700,Hydrogen peroxide: whether or not solidified with urea,S29,1.0,2011,alta,cadena,1.0,,968806038.3333334
284810,"Phosphides: of copper (phosphor copper), containing more than 15% by weight of phosphorus, whether or not chemically defined, excluding ferrophosphorus",S29,1.0,2011,alta,cadena,1.0,,234056874.0
284890,"Phosphides: of metals or non-metals (excluding copper), whether or not chemically defined (excluding ferrophosphorus)",S29,1.0,2011,alta,cadena,1.0,,757400341.0
284910,"Carbides: of calcium, whether or not chemically defined",S29,1.0,2011,alta,cadena,1.0,,278138274.3333333
284920,"Carbides: of silicon, whether or not chemically defined",S29,1.0,2011,alta,cadena,1.0,,975448162.3333334
284990,"Carbides: whether or not chemically defined, n.e.s. in heading no. 2849",S29,1.0,2011,alta,cadena,1.0,,699622882.3333334
285000,"Hydrides, nitrides, azides, silicides and borides, whether or not chemically defined, other than compounds which are also carbides of heading no. 2849",S29,1.0,2011,alta,cadena,1.0,,683704028.0
285100,"Inorganic compounds n.e.s. (including distilled or conductivity water and water of similar purity): liquid air (rare gases removed or not): compressed air: amalgams, other than precious metal amalgams",S29,1.0,2011,alta,cadena,1.0,,2095188913.6666667
290110,Acyclic hydrocarbons: saturated,S29,1.0,2011,alta,cadena,1.0,,7121795424.666667
290121,"Acyclic hydrocarbons: unsaturated, ethylene",S29,1.0,2011,alta,cadena,1.0,,6060875931.0
290122,"Acyclic hydrocarbons: unsaturated, propene (propylene)",S29,1.0,2011,alta,cadena,1.0,,5659566037.666667
290123,"Acyclic hydrocarbons: unsaturated, butene (butylene) and isomers thereof",S29,1.0,2011,alta,cadena,1.0,,776437993.3333334
290124,"Acyclic hydrocarbons: unsaturated, buta-1,3-diene and isoprene",S29,1.0,2011,alta,cadena,1.0,,2120248660.3333333
290129,"Acyclic hydrocarbons: unsaturated, n.e.s. in heading no. 2901",S29,1.0,2011,alta,cadena,1.0,,2664763040.6666665
290211,Cyclic hydrocarbons: cyclohexane,S29,1.0,2011,alta,cadena,1.0,,739769462.3333334
290219,"Cyclic hydrocarbons: cyclanes, cyclenes and cycloterpenes, excluding cyclohexane",S29,1.0,2011,alta,cadena,1.0,,946867662.6666666
290220,Cyclic hydrocarbons: benzene,S29,1.0,2011,alta,cadena,1.0,,9558354701.333334
290230,Cyclic hydrocarbons: toluene,S29,1.0,2011,alta,cadena,1.0,,2966687179.0
290241,Cyclic hydrocarbons: o-xylene,S29,1.0,2011,alta,cadena,1.0,,831921299.6666666
290242,Cyclic hydrocarbons: m-xylene,S29,1.0,2011,alta,cadena,1.0,,115414901.33333333
290243,Cyclic hydrocarbons: p-xylene,S29,1.0,2011,alta,cadena,1.0,,15391123472.0
290244,Cyclic hydrocarbons: mixed xylene isomers,S29,1.0,2011,alta,cadena,1.0,,573419175.3333334
290250,Cyclic hydrocarbons: styrene,S29,1.0,2011,alta,cadena,1.0,,8420154284.333333
290260,Cyclic hydrocarbons: ethylbenzene,S29,1.0,2011,alta,cadena,1.0,,300631709.0
290270,Cyclic hydrocarbons: cumene,S29,1.0,2011,alta,cadena,1.0,,763603655.3333334
290290,Cyclic hydrocarbons: n.e.s. in heading no. 2902,S29,1.0,2011,alta,cadena,1.0,,811242650.6666666
290311,Saturated chlorinated derivatives of acyclic hydrocarbons: chloromethane (methyl chloride) and chloroethane (ethyl chloride),S29,1.0,2011,alta,cadena,1.0,,104033745.66666667
290312,Saturated chlorinated derivatives of acyclic hydrocarbons: dichloromethane (methylene chloride),S29,1.0,2011,alta,cadena,1.0,,267418141.66666666
290313,Saturated chlorinated derivatives of acyclic hydrocarbons: chloroform (trichloromethane),S29,1.0,2011,alta,cadena,1.0,,72396126.0
290314,Saturated chlorinated derivatives of acyclic hydrocarbons: carbon tetrachloride,S29,1.0,2011,alta,cadena,1.0,,15030553.666666666
290315,"Saturated chlorinated derivatives of acyclic hydrocarbons: 1,2-dichloroethane (ethylene dichloride)",S29,1.0,2011,alta,cadena,1.0,,1111709442.6666667
290316,"Saturated chlorinated derivatives of acyclic hydrocarbons: 1,2-dichloropropane (propylene dichloride) and dichlorobutanes",S29,1.0,2011,alta,cadena,1.0,,7400260.0
290319,Saturated chlorinated derivatives of acyclic hydrocarbons: n.e.s. in item no. 2903.1,S29,1.0,2011,alta,cadena,1.0,,104149554.33333333
290321,Unsaturated chlorinated derivatives of acyclic hydrocarbons: vinyl chloride (chloroethylene),S29,1.0,2011,alta,cadena,1.0,,3164488421.3333335
290322,Unsaturated chlorinated derivatives of acyclic hydrocarbons: trichloroethylene,S29,1.0,2011,alta,cadena,1.0,,48435648.0
290323,Unsaturated chlorinated derivatives of acyclic hydrocarbons: tetrachloroethylene (perchloroethylene),S29,1.0,2011,alta,cadena,1.0,,154363137.0
290329,Unsaturated chlorinated derivatives of acyclic hydrocarbons: n.e.s. in item no. 2903.2,S29,1.0,2011,alta,cadena,1.0,,242087339.66666666
290330,"Fluorinated, brominated or iodinated derivatives of acyclic hydrocarbons",S29,1.0,2011,alta,cadena,1.0,,3758712342.3333335
290340,Halogenated derivatives of acyclic hydrocarbons containing two or more different halogens,S29,1.0,2011,alta,cadena,0.9999999999999999,,864049644.6666666
290351,"Halogenated derivatives of cyclanic, cyclenic or cycloterpenic hydrocarbons: 1,2,3,4,5,6- hexachlorocyclohexane",S29,1.0,2011,alta,cadena,1.0,,1007750.6666666666
290359,"Halogenated derivatives of cyclanic, cyclenic or cycloterpenic hydrocarbons: other kinds n.e.s. in item no. 2903.5",S29,1.0,2011,alta,cadena,1.0,,118767375.33333333
290361,"Halogenated derivatives of aromatic hydrocarbons: chlorobenzene, o-dichlorobenzene and p-dichlorobenzene",S29,1.0,2011,alta,cadena,1.0,,195566204.33333334
290362,"Halogenated derivatives of aromatic hydrocarbons: hexachlorobenzene and DDT (1,1,1-tri-chloro-2,2-bis (p-chlorophenyl) ethane)",S29,1.0,2011,alta,cadena,1.0,,4876251.333333333
290369,Halogenated derivatives of aromatic hydrocarbons: n.e.s. in item no. 2903.6,S29,1.0,2011,alta,cadena,1.0,,1001141768.0
290410,"Derivatives of hydrocarbons: containing only sulpho groups, their salts and ethyl esters, whether or not halogenated",S29,1.0,2011,alta,cadena,1.0,,576395850.0
290420,"Derivatives of hydrocarbons: containing only nitro or only nitroso groups, whether or not halogenated",S29,1.0,2011,alta,cadena,1.0,,357305130.0
290490,"Derivatives of hydrocarbons: n.e.s. in heading no. 2904, whether or not halogenated",S29,1.0,2011,alta,cadena,0.9999999999999999,,1177302577.0
290511,"Alcohols: saturated monohydric, methanol (methyl alcohol)",S29,1.0,2011,alta,cadena,1.0,,9514829492.333334
290512,"Alcohols: saturated monohydric, propan-1-ol (propyl alcohol) and propan-2-ol (isopropyl alcohol)",S29,1.0,2011,alta,cadena,1.0,,1503514841.6666667
290513,"Alcohols: saturated monohydric, butan-1-ol (n-butyl alcohol)",S29,1.0,2011,alta,cadena,1.0,,669411502.0
290514,"Alcohols: saturated monohydric, butanols excluding item no. 2905.13",S29,1.0,2011,alta,cadena,1.0,,544776517.6666666
290515,"Alcohols: saturated monohydric, pentanol (amyl alcohol) and isomers thereof",S29,1.0,2011,alta,cadena,1.0,,197477093.33333334
290516,"Alcohols: saturated monohydric, octanol (octyl alcohol) and isomers thereof",S29,1.0,2011,alta,cadena,1.0,,1426193791.3333333
290517,"Alcohols: saturated monohydric, dodecan-1-ol (lauryl alcohol), hexadecan-1-ol (cetyl alcohol) and octadecan-1-ol (stearyl alcohol)",S29,1.0,2011,alta,cadena,1.0,,578503852.6666666
290519,"Alcohols: saturated monohydric, n.e.s. in item no. 2905.1",S29,1.0,2011,alta,cadena,1.0,,1850254221.0
290521,"Alcohols: unsaturated monohydric, allyl alcohol",S29,1.0,2011,alta,cadena,1.0,,121269097.0
290522,"Alcohols: unsaturated monohydric, acyclic terpene alcohols",S29,1.0,2011,alta,cadena,1.0,,495608992.6666667
290529,"Alcohols: acyclic, unsaturated monohydric, n.e.s in item no. 2905.2",S29,1.0,2011,alta,cadena,1.0,,320634179.0
290531,"Alcohols: acyclic, diols: ethylene glycol (ethanediol)",S29,1.0,2011,alta,cadena,1.0,,6667980266.333333
290532,"Alcohols: acyclic, diols: propylene glycol (propane-1, 2-diol)",S29,1.0,2011,alta,cadena,1.0,,1746830628.6666667
290539,"Alcohols: acyclic, diols, n.e.s. in item no. 2905.3",S29,1.0,2011,alta,cadena,1.0,,2379460608.0
290541,"Alcohols: polyhydric, 2-ethyl-2- (hydroxymethyl) propane-1,3-diol (trimethylolpropane)",S29,1.0,2011,alta,cadena,1.0,,198466727.0
290542,"Alcohols: polyhydric, pentaerythritol",S29,1.0,2011,alta,cadena,1.0,,369958543.0
290543,"Alcohols: polyhydric, mannitol",S29,1.0,2011,alta,cadena,1.0,,303114130.6666667
290544,"Alcohols: polyhydric, d-glucitol (sorbitol)",S29,1.0,2011,alta,cadena,1.0,,511757190.3333333
290549,"Alcohols: polyhydric, n.e.s. in item no. 2905.4",S29,1.0,2011,alta,cadena,1.0,,477572820.6666667
290550,"Alcohols: acyclic: halogenated, sulphonated, nitrated or nitrosated derivatives thereof",S29,1.0,2011,alta,cadena,1.0,,215666551.66666666
290611,"Alcohols: cyclanic, cyclenic or cycloterpenic and derivatives, menthol",S29,1.0,2011,alta,cadena,1.0,,607272236.0
290612,"Alcohols: cyclanic, cyclenic or cycloterpenic and derivatives, cyclohexanol, methylcyclohexanols and dimethylcyclohexanols",S29,1.0,2011,alta,cadena,1.0,,129946979.33333333
290613,"Alcohols: cyclanic, cyclenic or cycloterpenic and derivatives, sterols and inositols",S29,1.0,2011,alta,cadena,1.0,,1187871914.3333333
290614,"Alcohols: cyclanic, cyclenic or cycloterpenic and derivatives, terpineols",S29,1.0,2011,alta,cadena,1.0,,69677907.0
290619,"Alcohols: cyclanic, cyclenic or cycloterpenic and derivatives, n.e.s. in item no. 2906.1",S29,1.0,2011,alta,cadena,1.0,,498436187.0
290621,"Alcohols: aromatic alcohols and derivatives, benzyl alcohol",S29,1.0,2011,alta,cadena,1.0,,201413158.0
290629,"Alcohols: aromatic and derivatives, other than benzyl alcohol",S29,1.0,2011,alta,cadena,1.0,,391524511.6666667
290711,Monophenols: phenol (hydroxybenzene) and its salts,S29,1.0,2011,alta,cadena,1.0,,1974590891.0
290712,Monophenols: cresols and their salts,S29,1.0,2011,alta,cadena,1.0,,247508439.66666666
290713,"Monophenols: octylphenol, nonylphenol and their isomers, salts thereof",S29,1.0,2011,alta,cadena,1.0,,155865272.66666666
290714,Monophenols: xylenols and their salts,S29,1.0,2011,alta,cadena,1.0,,115939375.0
290715,Monophenols: naphthols and their salts,S29,1.0,2011,alta,cadena,1.0,,68420300.66666667
290719,Monophenols: n.e.s. in item no. 2907.1,S29,1.0,2011,alta,cadena,1.0,,680959073.6666666
290721,Polyphenols: resorcinol and its salts,S29,1.0,2011,alta,cadena,1.0,,176633130.0
290722,Polyphenols: hydroquinone (quinol) and its salts,S29,1.0,2011,alta,cadena,1.0,,217417855.66666666
290723,"Polyphenols: 4,4'-isopropylidenediphenol (bisphenol A, diphenylolpropane) and its salts",S29,1.0,2011,alta,cadena,1.0,,1138731282.6666667
290729,Polyphenols: n.e.s. in item no. 2907.2,S29,1.0,2011,alta,cadena,1.0,,621620394.6666666
290730,Phenol-alcohols,S29,1.0,2011,alta,cadena,1.0,,72460282.0
290810,Phenol or phenol-alcohol derivatives: containing only halogen substituents and their salts,S29,1.0,2011,alta,cadena,1.0,,552487587.0
290820,"Phenol or phenol-alcohol derivatives: containing only sulpho groups, their salts and esters",S29,1.0,2011,alta,cadena,1.0,,75375387.0
290890,"Phenol or phenol-alcohol derivatives: containing only nitrated or nitrosated groups, their salts and esters",S29,1.0,2011,alta,cadena,1.0,,45043120.0
290911,"Ethers: acyclic, and their halogenated, sulphonated, nitrated or nitrosated derivatives, diethyl ether",S29,1.0,2011,alta,cadena,1.0,,30686790.666666668
290919,"Ethers: acyclic, and their halogenated, sulphonated, nitrated or nitrosated derivatives, other than diethyl ether",S29,1.0,2011,alta,cadena,1.0,,10901143500.333334
290920,"Ethers: cyclanic, cyclenic or cycloterpenic and their halogenated, sulphonated, nitrated or nitrosated derivatives",S29,1.0,2011,alta,cadena,1.0,,74635381.33333333
290930,"Ethers: aromatic, and their halogenated, sulphonated, nitrated or nitrosated derivatives",S29,1.0,2011,alta,cadena,1.0,,593315091.0
290941,"Ether-alcohols and their halogenated, sulphonated, nitrated or nitrosated derivatives: 2,2-oxydiethanol (diethylene glycol, digol)",S29,1.0,2011,alta,cadena,1.0,,677151021.0
290942,"Ether-alcohols and their halogenated, sulphonated, nitrated or nitrosated derivatives: monomethyl ethers of ethylene glycol or of diethylene glycol",S29,1.0,2011,alta,cadena,1.0,,75594062.66666667
290943,"Ether-alcohols and their halogenated, sulphonated, nitrated or nitrosated derivatives: monobutyl ethers of ethylene glycol or of diethylene glycol",S29,1.0,2011,alta,cadena,1.0,,1732213226.6666667
290944,"Ether-alcohols and their halogenated, sulphonated, nitrated or nitrosated derivatives: monoalkylethers of ethylene glycol or of diethylene glycol n.e.s. in heading no. 2909",S29,1.0,2011,alta,cadena,1.0,,163468298.66666666
290949,"Ether-alcohols and their halogenated, sulphonated, nitrated or nitrosated derivatives: n.e.s. in item no. 2909.4",S29,1.0,2011,alta,cadena,1.0,,1852217487.0
290950,"Ether-phenols, ether-alcohol-phenols and their halogenated, sulphonated, nitrated or nitrosated derivatives",S29,1.0,2011,alta,cadena,1.0,,311922171.6666667
290960,"Alcohol peroxides, ether peroxides, ketone peroxides and their halogenated, sulphonated, nitrated or nitrosated derivatives",S29,1.0,2011,alta,cadena,1.0,,488191301.0
291010,"Epoxides, epoxyalcohols, epoxyphenols and epoxyethers: with a three-membered ring and their halogenated, sulphonated, nitrated or nitrosated derivatives: oxirane (ethylene oxide)",S29,1.0,2011,alta,cadena,1.0,,412524894.6666667
291020,"Epoxides, epoxyalcohols, epoxyphenols and epoxyethers: with a three-membered ring and their halogenated, sulphonated, nitrated or nitrosated derivatives, methyloxirane (propylene oxide)",S29,1.0,2011,alta,cadena,1.0,,1747452410.0
291030,"Epoxides, epoxyalcohols, epoxyphenols and epoxyethers: with a three-membered ring and their halogenated, sulphonated, nitrated or nitrosated derivatives, 1-chloro-2,3-epoxypropane (epichlorohydrin)",S29,1.0,2011,alta,cadena,1.0,,646658429.3333334
291090,"Epoxides, epoxyalcohols, epoxyphenols and epoxyethers: with a three-membered ring and their halogenated, sulphonated, nitrated or nitrosated derivatives, n.e.s. in heading no. 2910",S29,1.0,2011,alta,cadena,1.0,,516878666.6666667
291100,"Acetals and hemiacetals: whether or not with other oxygen function, and their halogenated, sulphonated, nitrated or nitrosated derivatives",S29,1.0,2011,alta,cadena,1.0,,102642280.33333333
291211,"Aldehydes: acyclic, without other oxygen function, methanal (formaldehyde)",S29,1.0,2011,alta,cadena,1.0,,157553854.33333334
291212,"Aldehydes: acyclic, without other oxygen function, ethanal (acetaldehyde)",S29,1.0,2011,alta,cadena,1.0,,68142405.0
291213,"Aldehydes: acyclic, without other oxygen function, butanal (butyraldehyde, normal isomer)",S29,1.0,2011,alta,cadena,1.0,,117750044.33333333
291219,"Aldehydes: acyclic, without other oxygen function, n.e.s. in item no. 2912.1",S29,1.0,2011,alta,cadena,1.0,,613673115.3333334
291221,"Aldehydes: cyclic, without other oxygen function, benzaldehyde",S29,1.0,2011,alta,cadena,1.0,,74155569.66666667
291229,"Aldehydes: cyclic, without other oxygen function, other than benzaldehyde",S29,1.0,2011,alta,cadena,1.0,,477019793.6666667
291230,Aldehyde-alcohols,S29,1.0,2011,alta,cadena,1.0,,53997905.333333336
291241,"Aldehyde-ethers, aldehyde-phenols and aldehydes with other oxygen function: vanillin (4-hydroxy-3-methoxybenzaldehyde)",S29,1.0,2011,alta,cadena,1.0,,436102444.3333333
291242,"Aldehyde-ethers, aldehyde-phenols and aldehydes with other oxygen function: ethylvanillin (3-ethoxy-4-hydroxybenzaldehyde)",S29,1.0,2011,alta,cadena,1.0,,132786632.33333333
291249,"Aldehyde-ethers, aldehyde-phenols and aldehydes with other oxygen function: n.e.s. in item no. 2912.4",S29,1.0,2011,alta,cadena,1.0,,123019774.0
291250,Aldehydes: cyclic polymers of aldehydes,S29,1.0,2011,alta,cadena,1.0,,38071497.0
291260,Paraformaldehyde,S29,1.0,2011,alta,cadena,1.0,,166505299.0
291300,"Aldehydes: halogenated, sulphonated, nitrated or nitrosated derivatives of products of heading no. 2912",S29,1.0,2011,alta,cadena,1.0,,77973191.66666667
291411,"Ketones: acyclic, without other oxygen function, acetone",S29,1.0,2011,alta,cadena,1.0,,1295205813.3333333
291412,"Ketones: acyclic, without other oxygen function, butanone (methyl ethyl ketone)",S29,1.0,2011,alta,cadena,1.0,,845004784.6666666
291413,"Ketones: acyclic, without other oxygen function, 4-methylpentan-2-one (methyl isobutyl ketone)",S29,1.0,2011,alta,cadena,1.0,,231877640.66666666
291419,"Ketones: acyclic, without other oxygen function, n.e.s. in item no. 2914.1",S29,1.0,2011,alta,cadena,1.0,,321810493.3333333
291421,"Ketones: cyclanic, cyclenic or cycloterpenic, without other oxygen function, camphor",S29,1.0,2011,alta,cadena,1.0,,101032649.0
291422,"Ketones: cyclanic, cyclenic or cycloterpenic, without other oxygen function, cyclohexanone and methylcyclohexanones",S29,1.0,2011,alta,cadena,1.0,,386567949.6666667
291423,"Ketones: cyclanic, cyclenic or cycloterpenic, without other oxygen function, ionones and methylionones",S29,1.0,2011,alta,cadena,1.0,,138650901.33333334
291429,"Ketones: cyclanic, cyclenic or cycloterpenic, without other oxygen function, n.e.s. in item no. 2914.2",S29,1.0,2011,alta,cadena,1.0,,919694513.0
291430,"Ketones: aromatic, without other oxygen function",S29,1.0,2011,alta,cadena,0.9999999999999999,,279216419.3333333
291441,Ketone-alcohols and ketone-aldehydes: 4- hydroxy-4-methylpentan-2-one (diacetone alcohol),S29,1.0,2011,alta,cadena,1.0,,50610029.0
291449,Ketone-alcohols and ketone-aldehydes: n.e.s. in item no. 2914.41,S29,1.0,2011,alta,cadena,1.0,,157226199.33333334
291450,Ketone-phenols and ketones with other oxygen function,S29,0.9857,2011,alta,cadena,1.0,,469782466.0
291450,Ketone-phenols and ketones with other oxygen function,S31,0.0143,2100,alta,cadena,1.0,,469782466.0
291461,Quinones: anthraquinone,S29,1.0,2011,alta,cadena,1.0,,44661165.333333336
291469,Quinones: other than anthraquinone,S29,1.0,2011,alta,cadena,1.0,,495214385.0
291470,"Ketones and quinones: halogenated, sulphonated, nitrated or nitrosated derivatives",S29,1.0,2011,alta,cadena,1.0,,597488885.6666666
291511,Acids: saturated acyclic monocarboxylic acids: formic acid,S29,1.0,2011,alta,cadena,1.0,,339161310.6666667
291512,Acids: saturated acyclic monocarboxylic acids: salts of formic acids,S29,1.0,2011,alta,cadena,1.0,,340810517.3333333
291513,Acids: saturated acyclic monocarboxylic acids: esters of formic acid,S29,1.0,2011,alta,cadena,1.0,,38244784.333333336
291521,Acids: saturated acyclic monocarboxylic acids: acetic acid,S29,1.0,2011,alta,cadena,1.0,,1893750526.0
291522,Acids: saturated acyclic monocarboxylic acids: sodium acetate,S29,1.0,2011,alta,cadena,1.0,,105608908.33333333
291523,Acids: saturated acyclic monocarboxylic acids: cobalt acetates,S29,1.0,2011,alta,cadena,1.0,,67942701.66666667
291524,Acids: saturated acyclic monocarboxylic acids: acetic anhydride,S29,1.0,2011,alta,cadena,1.0,,400006240.0
291529,Acids: saturated acyclic monocarboxylic acids: acetic acid and its salts n.e.s. in item no. 2915.2,S29,1.0,2011,alta,cadena,1.0,,194698159.0
291531,Acids: saturated acyclic monocarboxylic acids: ethyl acetate,S29,1.0,2011,alta,cadena,1.0,,1208138933.3333333
291532,Acids: saturated acyclic monocarboxylic acids: vinyl acetate,S29,1.0,2011,alta,cadena,1.0,,2088053329.6666667
291533,Acids: saturated acyclic monocarboxylic acids: n-butyl acetate,S29,1.0,2011,alta,cadena,1.0,,536901960.3333334
291534,Acids: saturated acyclic monocarboxylic acids: isobutyl acetate,S29,1.0,2011,alta,cadena,1.0,,299624898.3333333
291535,Acids: saturated acyclic monocarboxylic acids: 2-ethoxyethyl acetate,S29,1.0,2011,alta,cadena,1.0,,303164710.3333333
291539,Acids: saturated acyclic monocarboxylic acids: esters of acetic acid n.e.s. in item no. 2915.3,S29,1.0,2011,alta,cadena,1.0,,1399966077.3333333
291540,"Acids: saturated acyclic monocarboxylic acids: mono-, di- or trichloroacetic acids, their salts and esters",S29,1.0,2011,alta,cadena,1.0,,296190316.3333333
291550,"Acids: saturated acyclic monocarboxylic acids: propionic acid, its salts and esters",S29,1.0,2011,alta,cadena,1.0,,486119157.3333333
291560,"Acids: saturated acyclic monocarboxylic acids: butyric, valeric acids: their salts and esters",S29,1.0,2011,alta,cadena,1.0,,722648385.6666666
291570,"Acids: saturated acyclic monocarboxylic acids: palmitic acid, stearic acid, their salts and esters",S29,1.0,2011,alta,cadena,1.0,,1252085595.6666667
291590,"Acids: saturated acyclic monocarboxylic acids: anhydrides, halides, peroxides, peroxyacids and halogenated, sulphonated, nitrated or nitrosated derivatives, n.e.s. in heading no. 2915",S29,1.0,2011,alta,cadena,1.0,,3515973618.6666665
291611,Acids: unsaturated acyclic monocarboxylic acids: acrylic acid and its salts,S29,1.0,2011,alta,cadena,1.0,,877957017.3333334
291612,Acids: unsaturated acyclic monocarboxylic acids: esters of acrylic acid,S29,1.0,2011,alta,cadena,1.0,,3122676301.6666665
291613,Acids: unsaturated acyclic monocarboxylic acids: methacrylic acid and its salts,S29,1.0,2011,alta,cadena,1.0,,283413918.3333333
291614,Acids: unsaturated acyclic monocarboxylic acids: esters of methacrylic acid,S29,1.0,2011,alta,cadena,1.0,,2410930109.0
291615,"Acids: unsaturated acyclic monocarboxylic acids: oleic, linoleic or linolenic acids, their salts and esters",S29,1.0,2011,alta,cadena,1.0,,253561669.0
291619,Acids: unsaturated acyclic monocarboxylic acids: n.e.s. in item no. 2916.1,S29,1.0,2011,alta,cadena,1.0,,835013156.0
291620,"Acids: cyclanic, cyclenic or cycloterpenic monocarboxylic acids, their anhydrides, halides, peroxides, peroxyacids and their derivatives",S29,1.0,2011,alta,cadena,1.0,,615512611.0
291631,"Acids: aromatic monocarboxylic acids, benzoic acid, its salts and esters",S29,1.0,2011,alta,cadena,1.0,,630437339.0
291632,"Acids: aromatic monocarboxylic acids, benzoyl peroxide and benzoyl chloride",S29,1.0,2011,alta,cadena,1.0,,194752848.66666666
291633,"Acids: aromatic monocarboxylic acids: phenylacetic acid, its salts and esters",S29,1.0,2011,alta,cadena,0.9999999999999998,,41894573.0
291639,"Acids: aromatic monocarboxylic acids, n.e.s. in item no. 2916.3",S29,1.0,2011,alta,cadena,1.0,,709673396.6666666
291711,"Acids: acyclic polycarboxylic acids: oxalic acid, its salts and esters",S29,1.0,2011,alta,cadena,1.0,,262905252.66666666
291712,"Acids: acyclic polycarboxylic acids: adipic acid, its salts and esters",S29,1.0,2011,alta,cadena,1.0,,1486810398.3333333
291713,"Acids: acyclic polycarboxylic acids: azelaic acid, sebacic acid, their salts and esters",S29,1.0,2011,alta,cadena,1.0,,320964803.6666667
291714,Acids: acyclic polycarboxylic acids: maleic anhydride,S29,1.0,2011,alta,cadena,1.0,,589318362.0
291719,Acids: acyclic polycarboxylic acids: n.e.s. in item no. 2917.1,S29,1.0,2011,alta,cadena,1.0,,837554638.6666666
291720,"Acids: cyclanic, cyclenic or cycloterpenic polycarboxylic acids, their anhydrides, halides, peroxides, peroxyacids and derivatives",S29,1.0,2011,alta,cadena,1.0,,491665862.0
291731,Acids: aromatic polycarboxylic acids: dibutyl orthophthalates,S29,1.0,2011,alta,cadena,1.0,,40330644.666666664
291732,Acids: aromatic polycarboxylic acids: dioctyl orthophthalates,S29,1.0,2011,alta,cadena,1.0,,385861773.3333333
291733,Acids: aromatic polycarboxylic acids: dinonyl or didecyl orthophthalates,S29,1.0,2011,alta,cadena,1.0,,970099622.3333334
291734,Acids: aromatic polycarboxylic acids: other esters of orthophthalic acids,S29,1.0,2011,alta,cadena,1.0,,280782524.6666667
291735,Acids: aromatic polycarboxylic acids: phthalic anhydride,S29,1.0,2011,alta,cadena,1.0,,831307777.0
291736,Acids: aromatic polycarboxylic acids: terephthalic acid and its salts,S29,1.0,2011,alta,cadena,1.0,,7825652292.333333
291737,Acids: aromatic polycarboxylic acids: dimethyl terephthalate,S29,1.0,2011,alta,cadena,1.0,,147993203.0
291739,Acids: aromatic polycarboxylic acids: n.e.s. in item no. 2917.3,S29,1.0,2011,alta,cadena,1.0,,2154910250.0
291811,"Acids: carboxylic acids, (with alcohol function but without other oxygen function), lactic acid, its salts and esters",S29,1.0,2011,alta,cadena,1.0,,674113263.0
291812,"Acids: carboxylic acids, (with alcohol function but without other oxygen function), tartaric acid",S29,1.0,2011,alta,cadena,1.0,,252646332.66666666
291813,"Acids: carboxylic acids, (with alcohol function but without other oxygen function): salts and esters of tartaric acid",S29,1.0,2011,alta,cadena,1.0,,106031454.66666667
291814,"Acids: carboxylic acids, (with alcohol function but without other oxygen function), citric acid",S29,1.0,2011,alta,cadena,1.0,,2319977530.0
291815,"Acids: carboxylic acids, (with alcohol function but without other oxygen function), salts and esters of citric acid",S29,1.0,2011,alta,cadena,1.0,,947942858.0
291816,"Acids: carboxylic acids, (with alcohol function but without other oxygen function), gluconic acid, its salts and esters",S29,1.0,2011,alta,cadena,1.0,,292422482.0
291817,"Acids: carboxylic acids, (with alcohol function but without other oxygen function), phenylglycolic acid (mandelic acid), its salts and esters",S29,1.0,2011,alta,cadena,1.0,,442290089.6666667
291819,"Acids: carboxylic acids, (with alcohol function but without other oxygen function), n.e.s. in item no. 2918.1",S31,0.7358,2100,media,cadena,1.0,,1006742254.0
291819,"Acids: carboxylic acids, (with alcohol function but without other oxygen function), n.e.s. in item no. 2918.1",S29,0.2642,2011,media,cadena,1.0,,1006742254.0
291821,"Acids: carboxylic acids, (with phenol function but without other oxygen function), salicylic acid and its salts",S31,1.0,2100,alta,cadena,1.0,,149820610.33333334
291822,"Acids: carboxylic acids, (with phenol function but without other oxygen function), o-acetylsalicylic acid, its salts and esters",S31,1.0,2100,alta,cadena,1.0,,74203461.0
291823,"Acids: carboxylic acids, (with phenol function but without other oxygen function), other esters of salicylic acid and its salts n.e.s. in item no. 2918.2",S31,1.0,2100,alta,cadena,1.0,,272940900.6666667
291829,"Acids: carboxylic acids, (with phenol function but without other oxygen function), their anhydrides, halides, peroxides, peroxyacids and their derivatives, n.e.s. in item no. 2918.2",S29,1.0,2011,alta,cadena,1.0,,914636625.6666666
291830,"Acids: carboxylic acids, (with aldehyde or ketone function but without other oxygen function), their anhydrides, halides, peroxides, peroxyacids and their derivatives",S29,1.0,2011,alta,cadena,1.0,,1100595066.0
291890,"Acids: carboxylic acids, with additional oxygen function and their anhydrides, halides, peroxides and peroxyacids, n.e.s. in heading no. 2918",S31,0.5834,2100,baja,cadena,1.0,,1525196592.3333333
291890,"Acids: carboxylic acids, with additional oxygen function and their anhydrides, halides, peroxides and peroxyacids, n.e.s. in heading no. 2918",S29,0.4166000000000001,2011,baja,cadena,1.0,,1525196592.3333333
291900,"Esters: phosphoric, and their salts, including lactophosphates, their halogenated, sulphonated, nitrated or nitrosated derivatives",S29,1.0,2011,alta,cadena,1.0,,983277759.0
292010,"Esters: thiophosphoric (phosphorothioates) and their salts: their halogenated, sulphonated, nitrated or nitrosated derivatives",S29,1.0,2011,alta,cadena,1.0,,150623297.66666666
292090,"Esters of inorganic acids (excluding esters of hydrogen halides) and their salts, their halogenated, sulphonated, nitrated or nitrosated derivatives, n.e.s. in heading no. 2920",S29,1.0,2011,alta,cadena,1.0,,1621317242.6666667
292111,"Amine-function compounds: acyclic monoamines and their derivatives, methylamine, di- or trimethylamine and their salts",S29,1.0,2011,alta,cadena,1.0,,271876282.3333333
292112,Amine-function compounds: acyclic monoamines and their derivatives: diethylamine and its salts,S29,1.0,2011,alta,cadena,1.0,,43032770.333333336
292119,"Amine-function compounds: acyclic monoamines and their derivatives, and salts thereof, n.e.s. in item no. 2921.1",S29,1.0,2011,alta,cadena,1.0,,1206383371.0
292121,"Amine-function compounds: acyclic polyamines and their derivatives, ethylenediamine and its salts",S29,1.0,2011,alta,cadena,1.0,,551625447.0
292122,"Amine-function compounds: acyclic polyamines and their derivatives, hexamethylenediamine and its salts",S29,1.0,2011,alta,cadena,1.0,,1394322754.6666667
292129,"Amine-function compounds: acyclic polyamines and their derivatives, and salts thereof, n.e.s. in item no. 2921.2",S29,1.0,2011,alta,cadena,1.0,,1202451153.6666667
292130,"Amine-function compounds: cyclanic, cyclenic or cycloterpenic mono- or polyamines and their derivatives: salts thereof",S29,1.0,2011,alta,cadena,1.0,,704461975.0
292141,"Amine-function compounds: aromatic monoamines and their derivatives, aniline and its salts",S29,1.0,2011,alta,cadena,1.0,,1450814604.3333333
292142,"Amine-function-compounds: aromatic monoamines and their derivatives, aniline derivatives and their salts",S29,1.0,2011,alta,cadena,1.0,,647141674.0
292143,"Amine-function compounds: aromatic monoamines and their derivatives, toluidines and their derivatives: salts thereof",S29,1.0,2011,alta,cadena,1.0,,278042369.6666667
292144,"Amine-function compounds: aromatic monoamines and their derivatives, diphenylamine and its derivatives: salts thereof",S29,1.0,2011,alta,cadena,1.0,,234915862.66666666
292145,"Amine-function compounds: aromatic monoamines and their derivatives: 1-naphthylamine (alpha-naphthylamine), 2-naphthylamine (beta-naphthaylamine) and their derivatives: salts thereof",S29,1.0,2011,alta,cadena,1.0,,104763685.33333333
292149,Amine-function compounds: aromatic monoamines and their derivatives: salts thereof: n.e.s. in item no. 2921.4,S29,1.0,2011,alta,cadena,1.0,,1089853682.6666667
292151,"Amine-function compounds: aromatic amines and their derivatives: o-, m-, p-phenylenediamine, diaminotoluenes and their derivatives: salts thereof",S29,1.0,2011,alta,cadena,1.0,,1036107830.6666666
292159,"Amine-function compounds: aromatic polyamines and their derivatives, other than item no. 2921.51",S29,1.0,2011,alta,cadena,1.0,,536850788.0
292211,"Amino-alcohols, their ethers and esters: (other than those containing more than one kind of oxygen function), monoethanolamine and its salts",S29,1.0,2011,alta,cadena,1.0,,517325971.0
292212,"Amino-alcohols, their ethers and esters: (other than those containing more than one kind of oxygen function), diethanolamine and its salts",S29,1.0,2011,alta,cadena,1.0,,306366394.3333333
292213,"Amino-alcohols, their ethers and esters: (other than those containing more than one kind of oxygen function), triethanolamine and its salts",S29,1.0,2011,alta,cadena,1.0,,256782254.66666666
292219,"Amino-alcohols, their ethers and esters: (other than those containing more than one kind of oxygen function), n.e.s. in item no. 2922.1",S29,1.0,2011,alta,cadena,1.0,,2302224548.0
292221,"Amino-naphthols and other amino-phenols: their ethers and esters, (other than those containing more than one kind of oxygen function), aminohydroxynaphthalenesulphonic acids and their salts",S29,1.0,2011,alta,cadena,1.0,,136342466.33333334
292222,"Amino-naphthols and other amino-phenols: their ethers and esters, (other than those containing more than one kind of oxygen function), anisidines, dianisidines, phenetidines and their salts",S29,1.0,2011,alta,cadena,1.0,,110076351.33333333
292229,"Amino-naphthols and other amino-phenols: their ethers and esters, (other than those containing more than one kind of oxygen function), n.e.s. in item no. 2922.2",S29,1.0,2011,alta,cadena,1.0,,605643252.0
292230,"Amino-aldehydes, amino-ketones and amino-quinones: other than those containing more than one kind of oxygen function: salts thereof",S29,1.0,2011,alta,cadena,1.0,,204481849.66666666
292241,"Amino-acids: their esters, (other than those containing more than one kind of oxygen function), lysine and its esters: salts thereof",S31,1.0,2100,alta,cadena,1.0,,1892273892.0
292242,"Amino-acids: their esters, (other than those containing more than one kind of oxygen function), glutamic acid and its salts",S31,1.0,2100,alta,cadena,1.0,,1910874591.6666667
292249,"Amino-acids: their esters, (other than those containing more than one kind of oxygen function), n.e.s. in item no. 2922.4",S29,1.0,2011,alta,cadena,0.9999999999999999,,3954666338.6666665
292250,"Amino-alcohol-phenols, amino-acid-phenols and other amino-compounds with oxygen function",S29,0.9393,2011,media,cadena,1.0,,3241152715.0
292250,"Amino-alcohol-phenols, amino-acid-phenols and other amino-compounds with oxygen function",S31,0.0607,2100,media,cadena,1.0,,3241152715.0
292310,Quaternary ammonium salts and hydroxides: choline and its salts,S31,1.0,2100,alta,cadena,1.0,,331093421.6666667
292320,Lecithins and other phosphoaminolipids,S31,1.0,2100,alta,cadena,1.0,,1343473314.3333333
292390,Quaternary ammonium salts and hydroxides: n.e.s. in heading no. 2923,S31,1.0,2100,alta,cadena,1.0,,1170180751.3333333
292410,Acyclic amides (including acyclic carbamates) and their derivatives: salts thereof,S31,1.0,2100,alta,cadena,1.0,,2721863896.3333335
292421,"Cyclic amides (including cyclic carbamates) and their derivatives, ureines and their derivatives: salts thereof",S29,1.0,2011,alta,cadena,1.0,,163475414.66666666
292429,Cyclic amides (including cyclic carbamates) and their derivatives: n.e.s. in item no. 2924.2,S31,1.0,2100,alta,cadena,1.0,,5641549364.333333
292511,Imides and their derivatives: saccharin and its salts,S29,1.0,2011,alta,cadena,1.0,,167362189.33333334
292519,"Imides and their derivatives: other kinds, excluding saccharin",S29,1.0,2011,alta,cadena,1.0,,306529948.0
292520,Imines and their derivatives: salts thereof,S29,1.0,2011,alta,cadena,1.0,,1660912332.6666667
292610,Nitrile-function compounds: acrylonitrile,S29,1.0,2011,alta,cadena,1.0,,1997970604.0
292620,Nitrile-function compounds: 1-cyanoguanidine (dicyandiamide),S29,1.0,2011,alta,cadena,1.0,,220640438.33333334
292690,Nitrile-function compounds: n.e.s. in heading no. 2926,S29,1.0,2011,alta,cadena,1.0,,2448056988.6666665
292700,"Diazo-, azo- or azoxy compounds",S29,1.0,2011,alta,cadena,1.0,,640412848.0
292800,Organic derivatives of hydrazine or of hydroxylamine,S29,1.0,2011,alta,cadena,1.0,,1431235539.6666667
292910,"Nitrogen-function compounds: n.e.s. in chapter 29, isocyanates",S29,1.0,2011,alta,cadena,1.0,,5384530408.333333
292990,"Nitrogen-function compounds: n.e.s. in chapter 29, excluding isocyanates",S29,1.0,2011,alta,cadena,1.0,,743605897.3333334
293010,Organo-sulphur compounds: dithiocarbonates (xanthates),S29,1.0,2011,alta,cadena,1.0,,138042342.66666666
293020,Organo-sulphur compounds: thiocarbamates and dithiocarbamates,S29,1.0,2011,alta,cadena,1.0,,393539832.6666667
293030,"Organo-sulphur compounds: thiuram mono-, di- or tetrasulphides",S29,1.0,2011,alta,cadena,1.0,,51646991.0
293040,Organo-sulphur compounds: methionine,S29,1.0,2011,alta,cadena,1.0,,1696449122.3333333
293090,Organo-sulphur compounds: n.e.s. in heading no. 2930,S29,1.0,2011,alta,cadena,1.0,,5434165075.0
293100,Organo-inorganic compounds: n.e.s. in heading no. 2930,S29,1.0,2011,alta,cadena,1.0,,8671833033.666666
293211,"Heterocyclic compounds: containing an unfused furan ring (whether or not hydrogenated) in the structure, tetrahydrofuran",S29,1.0,2011,alta,cadena,1.0,,398010642.0
293212,"Heterocyclic compounds: containing an unfused furan ring (whether or not hydrogenated) in the structure, 2-furaldehyde (furfuraldehyde)",S29,1.0,2011,alta,cadena,1.0,,106771106.0
293213,"Heterocyclic compounds: containing an unfused furan ring (whether or not hydrogenated) in the structure, furfuryl alcohol and tetrahydrofurfuryl alcohol",S29,1.0,2011,alta,cadena,1.0,,140219902.0
293219,"Heterocyclic compounds: containing an unfused furan ring (whether or not hydrogenated) in the structure, n.e.s. in item no. 2932.10",S29,1.0,2011,alta,cadena,1.0,,3131824602.0
293221,"Heterocyclic compounds: lactones, coumarin, methylcoumarins and ethylcoumarins",S31,1.0,2100,alta,cadena,1.0,,47582662.0
293229,"Heterocyclic compounds: lactones, other lactones excluding those of item no. 2932.21",S31,1.0,2100,alta,cadena,1.0,,2088222775.6666667
293290,Heterocyclic compounds: n.e.s. in heading no. 2932,S29,1.0,2011,alta,cadena,0.9999999999999997,,3726130152.3333335
293311,"Heterocyclic compounds: containing an unfused pyrazole ring (whether or not hydrogenated) in the structure, phenazone (antipyrin) and its derivatives",S31,1.0,2100,alta,cadena,1.0,,64903276.0
293319,"Heterocyclic compounds: containing an unfused pyrazole ring (whether or not hydrogenated) in the structure, other than those of item no. 2933.11",S31,1.0,2100,alta,cadena,1.0,,5220484254.666667
293321,"Heterocyclic compounds: containing an unfused imidazole ring (whether or not hydrogenated) in the structure, hydantoin and its derivatives",S31,1.0,2100,alta,cadena,1.0,,84629856.0
293329,"Heterocyclic compounds: containing an unfused imidazole ring (whether or not hydrogenated) in the structure, other than hydantoin and its derivatives",S29,0.7487,2011,media,cadena,1.0,,1800493812.6666667
293329,"Heterocyclic compounds: containing an unfused imidazole ring (whether or not hydrogenated) in the structure, other than hydantoin and its derivatives",S31,0.2513,2100,media,cadena,1.0,,1800493812.6666667
293331,"Heterocyclic compounds: containing an unfused pyridine ring (whether or not hydrogenated) in the structure, pyridine and its salts",S29,1.0,2011,alta,cadena,1.0,,132942593.33333333
293339,"Heterocyclic compounds: containing an unfused pyridine ring (whether or not hydrogenated) in the structure, other than pyridine and its salts",S29,1.0,2011,alta,cadena,0.9999999999999999,,10557241671.666666
293340,"Heterocyclic compounds: containing a quinoline or isoquinoline ring-system (whether or not hydrogenated) in the structure, not further fused",S29,1.0,2011,alta,cadena,1.0,,1134577239.6666667
293351,"Heterocyclic compounds: containing a pyrimidine ring (whether or not hydrogenated) or piperazine ring in the structure, malonylurea (barbituric acid) and its derivatives: salts thereof",S31,1.0,2100,alta,cadena,1.0,,78210920.66666667
293359,"Heterocyclic compounds: containing a pyrimidine ring (whether or not hydrogenated) or piperazine ring in the structure, nucleic acids and their salts, excluding malonylurea",S31,0.9216955839655147,2100,media,cadena,0.9999999999999999,,20240118991.666668
293359,"Heterocyclic compounds: containing a pyrimidine ring (whether or not hydrogenated) or piperazine ring in the structure, nucleic acids and their salts, excluding malonylurea",S29,0.07830441603448533,2011,media,cadena,0.9999999999999999,,20240118991.666668
293361,"Heterocyclic compounds: containing an unfused triazine ring (whether or not hydrogenated) in the structure, melamine",S29,1.0,2011,alta,cadena,1.0,,903818616.6666666
293369,"Heterocyclic compounds: containing an unfused triazine ring (whether or not hydrogenated) in the structure, others excluding melamine",S31,1.0,2100,alta,cadena,1.0,,2554423485.0
293371,Heterocyclic compounds: lactams: 6-hexanelactam (epsilon-caprolactam),S29,1.0,2011,alta,cadena,1.0,,1414721787.0
293379,Heterocyclic compounds: lactams: other than 6-hexanelactam (epsilon caprolactam),S29,1.0,2011,alta,cadena,1.0,,24115471473.333332
293390,Heterocyclic compounds: n.e.s. in heading no. 2933,S29,0.6593340665933407,2011,media,cadena,1.0001,,24088527237.666668
293390,Heterocyclic compounds: n.e.s. in heading no. 2933,S31,0.34066593340665935,2100,media,cadena,1.0001,,24088527237.666668
293410,Heterocyclic compounds: containing an unfused thiazole ring (whether or not hydrogenated) in the structure,S29,1.0,2011,alta,cadena,1.0,,3019557021.3333335
293420,"Heterocyclic compounds: containing a benzothiazole ring-system (whether or not hydrogenated), not further fused",S29,1.0,2011,alta,cadena,1.0,,676736004.3333334
293430,"Heterocyclic compounds: containing a phenothiazine ring-system (whether or not hydrogenated), not further fused",S31,1.0,2100,alta,cadena,1.0,,102673524.0
293490,Heterocyclic compounds: n.e.s. in chapter 29,S29,0.921,2011,media,cadena,1.0,,24793291334.666668
293490,Heterocyclic compounds: n.e.s. in chapter 29,S31,0.079,2100,media,cadena,1.0,,24793291334.666668
293500,Sulphonamides,S31,1.0,2100,alta,cadena,1.0,,7486831989.333333
293610,Provitamins: unmixed,S31,1.0,2100,alta,cadena,1.0,,248051047.33333334
293621,"Vitamins: vitamins A and their derivatives, unmixed",S31,1.0,2100,alta,cadena,1.0,,786707748.3333334
293622,"Vitamins: vitamin B1 and its derivatives, unmixed",S31,1.0,2100,alta,cadena,1.0,,367565468.3333333
293623,"Vitamins: vitamin B2 and its derivatives, unmixed",S31,1.0,2100,alta,cadena,1.0,,325094235.0
293624,"Vitamins: D- or DL-pantothenic acid (vitamin B3 or vitamin B5) and its derivatives, unmixed",S31,1.0,2100,alta,cadena,1.0,,479237221.0
293625,"Vitamins: vitamin B6 and its derivatives, unmixed",S31,1.0,2100,alta,cadena,1.0,,257597102.0
293626,"Vitamins: vitamin B12 and its derivatives, unmixed",S31,1.0,2100,alta,cadena,1.0,,291704583.6666667
293627,"Vitamins: vitamin C and its derivatives, unmixed",S31,1.0,2100,alta,cadena,1.0,,1170958339.0
293628,"Vitamins: vitamin E and its derivatives, unmixed",S31,1.0,2100,alta,cadena,1.0,,2121421293.6666667
293629,"Vitamins: n.e.s. in item no. 2936.2, and their derivatives, unmixed",S31,1.0,2100,alta,cadena,1.0,,2087203062.0
293690,"Vitamins: n.e.s. in heading no. 2936, including natural concentrates",S31,1.0,2100,alta,cadena,1.0,,804658816.3333334
293710,Hormones: pituitary (anterior) or similar hormones and their derivatives,S31,1.0,2100,alta,cadena,1.0,,5416518494.666667
293721,"Hormones: cortisone, hydrocortisone, prednisone (dehydrocortisone) and prednisolone (dehydrohydrocortisone)",S31,1.0,2100,alta,cadena,1.0,,267393490.33333334
293722,Hormones: halogenated derivatives or adrenal cortical hormones,S31,1.0,2100,alta,cadena,1.0,,1902619999.0
293729,"Hormones: adrenal cortical hormones and their derivatives, n.e.s. in item no. 2937.2",S31,1.0,2100,alta,cadena,1.0,,2201175274.3333335
293791,Hormones and steroids used primarily as hormones: insulin and its salts,S31,1.0,2100,alta,cadena,1.0,,1173537383.3333333
293792,Hormones and steroids used primarily as hormones: oestrogens and progestogens,S31,1.0,2100,alta,cadena,1.0,,717496078.3333334
293799,"Hormones and steroids used primarily as hormones: (other than insulin and its salts, oestrogens and progestogens)",S31,1.0,2100,alta,cadena,0.9999,,13147294611.0
293810,Glycosides: rutoside (rutin) and its derivatives,S31,1.0,2100,alta,cadena,1.0,,156375520.66666666
293890,"Glycosides: natural or reproduced by synthesis, other than rutoside (rutin) and its derivatives",S31,1.0,2100,alta,cadena,1.0,,1497556785.0
293910,"Alkaloids, vegetable: of opium and their derivatives: salts thereof",S31,1.0,2100,alta,cadena,1.0,,532437532.3333333
293921,"Alkaloids, vegetable: of cinchona and their derivatives, quinine and its salts",S31,1.0,2100,alta,cadena,1.0,,32752788.666666668
293929,"Alkaloids, vegetable: of cinchona and their derivatives: salts thereof, other than quinine and its salts",S31,1.0,2100,alta,cadena,1.0,,26200630.666666668
293930,"Alkaloids, vegetable: caffeine and its salts",S31,1.0,2100,alta,cadena,1.0,,615311954.3333334
293940,"Alkaloids, vegetable: ephedrines and their salts",S31,1.0,2100,alta,cadena,1.0,,79887367.33333333
293950,"Alkaloids, vegetable: theophylline and aminophylline (theophyllineethylenediamine) and their derivatives: salts thereof",S31,1.0,2100,alta,cadena,1.0,,70011178.33333333
293960,"Alkaloids, vegetable: of rye ergot and their derivatives: salts thereof",S31,1.0,2100,alta,cadena,0.9999999999999998,,80859706.0
293970,"Alkaloids, vegetable: nicotine and its salts",S31,1.0,2100,alta,cadena,1.0,,180466369.33333334
293990,"Alkaloids, vegetable: natural or reproduced by synthesis, and their salts, esters and other derivatives n.e.s. in heading no. 2939",S31,1.0,2100,alta,cadena,1.0,,431779416.0
294000,"Sugars: chemically pure, other than sucrose, lactose, maltose, glucose and fructose: sugar ethers and sugar esters, and their salts, other than products of heading no. 2937, 2938 or 2939",S31,1.0,2100,alta,cadena,1.0,,1428719831.0
294110,Antibiotics: penicillins and their derivatives with a penicillanic acid structure: salts thereof,S31,1.0,2100,alta,cadena,1.0,,1880691893.0
294120,Antibiotics: streptomycins and their derivatives: salts thereof,S31,1.0,2100,alta,cadena,1.0,,55039488.666666664
294130,Antibiotics: tetracyclines and their derivatives: salts thereof,S31,1.0,2100,alta,cadena,1.0,,594304599.0
294140,Antibiotics: chloramphenicol and its derivatives: salts thereof,S31,1.0,2100,alta,cadena,1.0,,169741961.66666666
294150,Antibiotics: erythromycin and its derivatives: salts thereof,S31,1.0,2100,alta,cadena,1.0,,474008626.0
294190,Antibiotics: n.e.s. in heading no. 2941,S31,1.0,2100,alta,cadena,1.0,,6349721873.666667
294200,Organic compounds: n.e.s. in chapter 29,S29,1.0,2011,alta,cadena,1.0,,2116134857.6666667
300110,"Glands and other organs: dried, whether or not powdered",S31,1.0,2100,alta,cadena,1.0,,
300120,"Glands: extracts of glands, other organs or of their secretions, for organo-therapeutic uses",S31,1.0,2100,alta,cadena,1.0,,293537962.0
300190,"Glands: heparin and its salts: other human or animal substances prepared for therapeutic or prophylactic uses, not elsewhere specified or included",S31,1.0,2100,alta,cadena,1.0,,4543073334.333333
300210,"Blood: human and animal, antisera and other blood fractions",S31,0.888,2100,media,cadena,1.0,,228053114690.0
300210,"Blood: human and animal, antisera and other blood fractions",S47,0.112,3830,media,regla_residuos,1.0,,228053114690.0
300220,Vaccines: for human medicine,S31,1.0,2100,alta,cadena,1.0,,62110213587.0
300231,"Vaccines: for veterinary medicine, against foot and mouth disease",S31,1.0,2100,alta,cadena,1.0,,159828556.66666666
300239,"Vaccines: for veterinary medicine, for other uses than against foot and mouth disease",S31,1.0,2100,alta,cadena,1.0,,4014339908.3333335
300290,"Toxins, cultures of micro-organisms (excluding yeasts) and similar products",S31,1.0,2100,alta,cadena,1.0,,15673295380.0
300310,"Medicaments: containing penicillins, streptomycins or their derivatives, for therapeutic or prophylactic uses, (not in measured doses, not packaged for retail sale)",S31,0.8537,2100,media,cadena,1.0,,456356546.0
300310,"Medicaments: containing penicillins, streptomycins or their derivatives, for therapeutic or prophylactic uses, (not in measured doses, not packaged for retail sale)",S47,0.1463,3830,media,regla_residuos,1.0,,456356546.0
300320,"Medicaments: containing antibiotics other than penicillins, streptomycins and their derivatives, for therapeutic or prophylactic uses, (not in measured doses, not packaged for retail sale)",S31,0.9636,2100,media,cadena,1.0,,1016039815.0
300320,"Medicaments: containing antibiotics other than penicillins, streptomycins and their derivatives, for therapeutic or prophylactic uses, (not in measured doses, not packaged for retail sale)",S47,0.0364,3830,media,regla_residuos,1.0,,1016039815.0
300331,"Medicaments: containing insulin (but not containing antibiotics), for therapeutic or prophylactic uses, not packaged for retail sale",S31,0.9195,2100,media,cadena,1.0,,30876204.333333332
300331,"Medicaments: containing insulin (but not containing antibiotics), for therapeutic or prophylactic uses, not packaged for retail sale",S47,0.0805,3830,media,regla_residuos,1.0,,30876204.333333332
300339,"Medicaments: containing hormones (excluding insulin), (but not containing antibiotics), for therapeutic or prophylactic uses, not packaged for retail sale",S31,1.0,2100,alta,cadena,1.0,,3133751984.3333335
300340,"Medicaments: containing alkaloids or their derivatives, (but not containing hormones or antibiotics), for therapeutic or prophylactic uses, (not packaged for retail sale)",S31,1.0,2100,alta,cadena,1.0,,211057187.0
300390,"Medicaments: (not containing antibiotics, hormones, alkaloids or their derivatives), for therapeutic or prophylactic uses, (not packaged for retail sale)",S31,1.0,2100,alta,cadena,1.0,,9295908951.333334
300410,"Medicaments: containing penicillins, streptomycins or their derivatives, for therapeutic or prophylactic uses, packaged for retail sale",S31,1.0,2100,alta,cadena,1.0,,3801643239.0
300420,"Medicaments: containing antibiotics (other than penicillins, streptomycins or their derivatives), for therapeutic or prophylactic uses, packaged for retail sale",S31,1.0,2100,alta,cadena,1.0,,14215328914.0
300431,"Medicaments: containing insulin (but not containing antibiotics), for therapeutic or prophylactic uses, packaged for retail sale",S31,1.0,2100,alta,cadena,1.0,,7982258105.666667
300432,"Medicaments: containing adrenal cortex hormones (but not containing antibiotics), for therapeutic or prophylactic uses, packaged for retail sale",S31,1.0,2100,alta,cadena,1.0,,8983652964.666666
300439,"Medicaments: containing hormones (but not insulin), adrenal cortex hormones or antibiotics, for therapeutic or prophylactic uses, packaged for retail sale",S31,1.0,2100,alta,cadena,1.0,,30445237275.333332
300440,"Medicaments: containing alkaloids or their derivatives (but not hormones or antibiotics), for therapeutic or prophylactic uses, packaged for retail sale",S31,1.0,2100,alta,cadena,1.0,,4357683496.0
300450,"Medicaments: containing vitamins or their derivatives, for therapeutic or prophylactic use, packaged for retail sale",S31,1.0,2100,alta,cadena,1.0,,4447266753.666667
300490,"Medicaments: consisting of mixed or unmixed products n.e.s. in heading no. 3004, for therapeutic or prophylactic uses, packaged for retail sale",S31,1.0,2100,alta,cadena,1.0,,329273200760.6667
300510,"Dressings, adhesive: and other articles having an adhesive layer, packed for retail sale for medical, surgical, dental or veterinary purposes",S31,1.0,2100,alta,cadena,1.0,,4754722324.0
300590,"Wadding, gauze, bandages and similar articles: (excluding adhesive dressings), impregnated or coated with pharmaceutical substances, packaged for retail sale",S31,1.0,2100,alta,cadena,1.0,,4596702406.0
300610,"Pharmaceutical goods: sterile surgical catgut, suture materials, tissue adhesives, laminaria, laminaria tents and absorbable surgical or dental haemostatics",S43,1.0,3250,alta,cadena,1.0,,5186290205.333333
300620,Pharmaceutical goods: blood-grouping reagents,S31,1.0,2100,alta,cadena,1.0,,832819821.6666666
300630,"Pharmaceutical goods: opacifying preparations for x-ray examinations, diagnostic reagents designed to be administered to the patient",S31,1.0,2100,alta,cadena,1.0,,3406458336.6666665
300640,"Pharmaceutical goods: dental cements and other dental fillings, bone reconstruction cements",S43,1.0,3250,alta,cadena,1.0,,2954969241.3333335
300650,Pharmaceutical goods: first aid boxes and kits,S43,1.0,3250,alta,cadena,1.0,,448779834.6666667
300660,Pharmaceutical goods: chemical contraceptive preparations based on hormones or spermicides,S31,1.0,2100,alta,cadena,1.0,,3126683238.6666665
310100,"Fertilizers, animal or vegetable: whether or not mixed together or chemically treated: fertilizers, produced by the mixing or chemical treatment of animal or vegetable products",S03,0.625,"0141,0142,0143,0144,0149",media,cadena,1.0,,1149168866.6666667
310100,"Fertilizers, animal or vegetable: whether or not mixed together or chemically treated: fertilizers, produced by the mixing or chemical treatment of animal or vegetable products",S04,0.25,"0145,0146",media,cadena,1.0,,1149168866.6666667
310100,"Fertilizers, animal or vegetable: whether or not mixed together or chemically treated: fertilizers, produced by the mixing or chemical treatment of animal or vegetable products",S08,0.125,0891,media,cadena,1.0,,1149168866.6666667
310210,"Fertilizers, mineral or chemical: nitrogenous, urea, whether or not in aqueous solution",S29,1.0,2012,alta,cadena,1.0,,22518530821.666668
310221,"Fertilizers, mineral or chemical: nitrogenous, ammonium sulphate",S29,1.0,2012,alta,cadena,1.0,,3969435552.3333335
310229,"Fertilizers, mineral or chemical: nitrogenous, other than ammonium sulphate",S29,1.0,2012,alta,cadena,1.0,,453122949.0
310230,"Fertilizers, mineral or chemical: nitrogenous, ammonium nitrate, whether or not in aqueous solution",S29,1.0,2012,alta,cadena,1.0,,3421588277.3333335
310240,"Fertilizers, mineral or chemical: ammonium nitrate with calcium carbonate or other inorganic non-fertilizing substances, mixtures thereof",S29,1.0,2012,alta,cadena,1.0,,3030219487.0
310250,"Fertilizers, mineral or chemical: nitrogenous, sodium nitrate",S29,1.0,2011,alta,cadena,1.0,,221062871.33333334
310260,"Fertilizers, mineral or chemical: nitrogenous, double salts and mixtures of calcium nitrate and ammonium nitrate",S29,1.0,2012,alta,cadena,1.0,,753901179.0
310270,"Fertilizers, mineral or chemical: nitrogenous, calcium cyanamide",S29,1.0,2012,alta,cadena,1.0,,489541009.3333333
310280,"Fertilizers, mineral or chemical: nitrogenous, mixtures of urea and ammonium nitrate in aqueous or ammoniacal solution",S29,1.0,2012,alta,cadena,1.0,,2164417924.3333335
310290,"Fertilizers, mineral or chemical: nitrogenous, other kinds including mixtures not specified in the foregoing subheadings",S29,1.0,2012,alta,cadena,1.0,,579563652.3333334
310310,"Fertilizers, mineral or chemical: phosphatic, superphosphates",S29,1.0,2012,alta,cadena,1.0,,2788680138.6666665
310320,"Fertilizers, mineral or chemical: phosphatic, basic slag",S29,1.0,2012,alta,cadena,1.0,,14485108.666666666
310390,"Fertilizers, mineral or chemical: phosphatic, n.e.s. in heading no. 3103",S29,1.0,2012,alta,cadena,1.0,,595285749.6666666
310410,"Fertilizers, mineral or chemical: potassic, carnallite, sylvite and other crude natural potassium salts",S08,0.5,0891,baja,cadena,1.0,,226155544.33333334
310410,"Fertilizers, mineral or chemical: potassic, carnallite, sylvite and other crude natural potassium salts",S29,0.5,2012,baja,cadena,1.0,,226155544.33333334
310420,"Fertilizers, mineral or chemical: potassic, potassium chloride",S29,1.0,2012,alta,cadena,1.0,,20956346750.0
310430,"Fertilizers, mineral or chemical: potassic, potassium sulphate",S29,1.0,2012,alta,cadena,1.0,,1080221864.3333333
310490,"Fertilizers, mineral or chemical: potassic, n.e.s. in heading no. 3104",S08,0.5,0891,baja,cadena,1.0,,1022413577.3333334
310490,"Fertilizers, mineral or chemical: potassic, n.e.s. in heading no. 3104",S29,0.5,2012,baja,cadena,1.0,,1022413577.3333334
310510,"Fertilizers, mineral or chemical: in tablets or similar forms or in packages of a gross weight not exceeding 10kg",S29,1.0,2012,alta,cadena,1.0,,591592110.6666666
310520,"Fertilizers, mineral or chemical: containing the three fertilizing elements nitrogen, phosphorus and potassium",S29,1.0,2012,alta,cadena,1.0,,8203753894.0
310530,"Fertilizers, mineral or chemical: diammonium hydrogenorthophosphate (diammonium phosphate)",S29,1.0,2012,alta,cadena,1.0,,9690085076.333334
310540,"Fertilizers, mineral or chemical: ammonium dihydrogenorthophosphate (monoammonium phosphate) and mixtures thereof with diammonium hydrogenorthophosphate (diammonium phosphate)",S29,1.0,2012,alta,cadena,1.0,,8159087360.0
310551,"Fertilizers, mineral or chemical: containing nitrates and phosphates",S29,1.0,2012,alta,cadena,1.0,,483368935.0
310559,"Fertilizers, mineral or chemical: containing the two fertilizing elements nitrogen and phosphorus, other than nitrates and phosphates",S29,1.0,2012,alta,cadena,1.0,,3900436661.0
310560,"Fertilizers, mineral or chemical: containing the two fertilizing elements phosphorus and potassium",S29,1.0,2012,alta,cadena,1.0,,471423034.3333333
310590,"Fertilizers, mineral or chemical: n.e.s. in heading no. 3105",S29,1.0,2012,alta,cadena,1.0,,3563399924.3333335
320110,Tanning extracts of vegetable origin: quebracho extract,S29,1.0,2011,alta,cadena,1.0,,73529682.0
320120,Tanning extracts of vegetable origin: wattle extract,S29,1.0,2011,alta,cadena,1.0,,101060598.0
320130,Tanning extracts of vegetable origin: oak or chestnut extract,S29,1.0,2011,alta,cadena,1.0,,88821093.66666667
320190,"Tanning extracts of vegetable origin: tannins and their salts, ethers, esters and other derivatives, n.e.s. in heading no. 3201",S29,1.0,2011,alta,cadena,1.0,,93217248.33333333
320210,Tanning substances: synthetic organic tanning substances,S29,1.0,2011,alta,cadena,1.0,,297138678.0
320290,"Tanning substances: inorganic tanning substances: tanning preparations, whether or not containing natural tanning substances: enzymatic preparations for pre- tanning",S29,1.0,2011,alta,cadena,1.0,,258937852.0
320300,"Colouring matter of vegetable or animal origin, including dyeing extracts not animal black, whether or not chemically defined: preparations based on colouring matter of vegetable or animal origin",S29,1.0,2011,alta,cadena,1.0,,1584768193.0
320411,Dyes: disperse dyes and preparations based thereon,S29,1.0,2011,alta,cadena,1.0,,1026611383.3333334
320412,"Dyes: acid, whether or not premetallised and preparations based thereon, mordant dyes and preparations based thereon",S29,1.0,2011,alta,cadena,1.0,,773029762.0
320413,Dyes: basic dyes and preparations based thereon,S29,1.0,2011,alta,cadena,1.0,,254125076.0
320414,Dyes: direct dyes and preparations based thereon,S29,1.0,2011,alta,cadena,1.0,,349281133.0
320415,Dyes: vat dyes (including those usable in that state as pigments) and preparations based thereon,S29,1.0,2011,alta,cadena,1.0,,515547654.0
320416,Dyes: reactive dyes and preparations based thereon,S29,1.0,2011,alta,cadena,1.0,,1478711021.0
320417,Dyes: pigments and preparations based thereon,S29,1.0,2011,alta,cadena,1.0,,4325506177.666667
320419,"Dyes: n.e.s., including mixtures of colouring matter of two or more of those from item no. 3204.11 to 3204.19",S29,1.0,2011,alta,cadena,1.0,,1839124724.0
320420,Dyes: synthetic organic products of a kind used as fluorescent brightening agents,S29,1.0,2011,alta,cadena,1.0,,610786034.6666666
320490,"Dyes: synthetic organic products n.e.s. in heading no. 3204 (eg of a kind used as luminophores), whether or not chemically defined",S29,1.0,2011,alta,cadena,1.0,,742252085.0
320500,Colour lakes: preparations based on colour lakes as specified in note 3 to this chapter,S29,1.0,2011,alta,cadena,1.0,,307013113.3333333
320610,Colouring matter: pigments and preparations based on titanium dioxide,S29,1.0,2011,alta,cadena,1.0,,10266551965.666666
320620,Colouring matter: pigments and preparations based on chromium compounds,S29,1.0,2011,alta,cadena,1.0,,149563121.66666666
320630,Colouring matter: pigments and preparations based on cadmium compounds,S29,1.0,2011,alta,cadena,1.0,,57321057.0
320641,Colouring matter: ultramarine and preparations based thereon,S29,1.0,2011,alta,cadena,1.0,,172924942.0
320642,Colouring matter: lithopone and other pigments and preparations based on zinc sulphide,S29,1.0,2011,alta,cadena,1.0,,27735510.666666668
320643,Colouring matter: pigments and preparations based on hexacyanoferrates (ferrocyanides and ferricyanides),S29,1.0,2011,alta,cadena,1.0,,110971864.0
320649,Colouring matter: other preparations n.e.s. in item no. 3206.4,S29,1.0,2011,alta,cadena,1.0,,3128312002.3333335
320650,Colouring matter: inorganic products of a kind used as luminophores,S29,1.0,2011,alta,cadena,1.0,,159415942.33333334
320710,"Pigments: prepared pigments, opacifiers, colours and similar preparations",S30,1.0,2022,alta,cadena,1.0,,982159390.3333334
320720,"Enamels and glazes: vitrifiable enamels and glazes, engobes (slips) and similar preparations",S30,1.0,2022,alta,cadena,1.0,,1055937114.3333334
320730,Lustres: liquid lustres and similar preparations,S30,1.0,2022,alta,cadena,1.0,,1622448206.3333333
320740,"Glass: glass frit and other glass, in the form of powder, granules or flakes",S30,1.0,2022,alta,cadena,1.0,,1278632947.3333333
320810,"Paints and varnishes: based on polyesters, dispersed or dissolved in a non-aqueous medium",S30,1.0,2022,alta,cadena,1.0,,2841229495.3333335
320820,"Paints and varnishes: based on acrylic or vinyl polymers, dispersed or dissolved in a non-aqueous medium",S30,1.0,2022,alta,cadena,1.0,,4400553026.333333
320890,"Paints and varnishes: based on polymers n.e.s. in heading no. 3208, dispersed or dissolved in a non-aqueous medium",S30,1.0,2022,alta,cadena,1.0,,8516755672.666667
320910,"Paints and varnishes: based on acrylic or vinyl polymers, dispersed or dissolved in an aqueous medium",S30,1.0,2022,alta,cadena,1.0,,3929808441.0
320990,"Paints and varnishes: (based on polymers other than acrylic or vinyl), dispersed or dissolved in an aqueous medium",S30,1.0,2022,alta,cadena,1.0,,2970055792.3333335
321000,"Paints and varnishes: (including enamels, lacquers and distempers), prepared water pigments of a kind used for finishing leather",S30,1.0,2022,alta,cadena,1.0,,781478154.6666666
321100,Driers: prepared,S30,1.0,2022,alta,cadena,1.0,,227479655.33333334
321210,"Pigments: of a kind used in the manufacture of paints, stamping foils",S30,1.0,2022,alta,cadena,1.0,,680601402.0
321290,"Pigments: of a kind used in the manufacture of paints, other than stamping foils",S30,1.0,2022,alta,cadena,1.0,,1402730319.6666667
321310,"Colours: in sets, of a kind used by artists, students or signboard painters",S30,1.0,2022,alta,cadena,1.0,,419687082.3333333
321390,"Colours: (other than in sets), of a kind used by artists, students or signboard painters",S30,1.0,2022,alta,cadena,1.0,,488707237.6666667
321410,Mastics: painters' fillings,S30,1.0,2022,alta,cadena,1.0,,7784502070.666667
321490,Mastics: n.e.s. in heading no. 3214,S30,1.0,2022,alta,cadena,1.0,,2385060488.3333335
321511,"Ink: for printing, black, whether or not concentrated or solid",S30,1.0,2022,alta,cadena,1.0,,1264898575.0
321519,"Ink: for printing, other than black, whether or not concentrated or solid",S30,1.0,2022,alta,cadena,1.0,,4917678897.0
321590,"Ink: writing, drawing and other inks, n.e.s. in heading no. 3215, whether or not concentrated or solid",S30,1.0,2029,alta,cadena,1.0,,4661319647.666667
330111,"Oils, essential: of bergamot (terpeneless or not), including concretes and absolutes",S30,1.0,2029,alta,cadena,1.0,,118704995.0
330112,"Oils, essential: of orange (terpeneless or not), including concretes and absolutes",S30,1.0,2029,alta,cadena,1.0,,851611200.3333334
330113,"Oils, essential: of lemon (terpeneless or not), including concretes and absolutes",S30,1.0,2029,alta,cadena,1.0,,405599642.0
330114,"Oils, essential: of lime (terpeneless or not), including concretes and absolutes",S30,1.0,2029,alta,cadena,1.0,,245176408.33333334
330119,"Oils, essential: of citrus fruits n.e.s. in heading no. 3301 (terpeneless or not), including concretes and absolutes",S30,1.0,2029,alta,cadena,1.0,,266806629.66666666
330121,"Oils, essential: of geranium (terpeneless or not), including concretes and absolutes",S30,1.0,2029,alta,cadena,1.0,,94799512.33333333
330122,"Oils, essential: of jasmin (terpeneless or not), including concretes and absolutes",S30,1.0,2029,alta,cadena,1.0,,105750040.66666667
330123,"Oils, essential: of lavender or of lavandin (terpeneless or not), including concretes and absolutes",S30,1.0,2029,alta,cadena,1.0,,328484182.6666667
330124,"Oils, essential: of peppermint (mentha piperita), terpeneless or not, including concretes and absolutes",S30,1.0,2029,alta,cadena,1.0,,156723525.33333334
330125,"Oils, essential: of mints (excluding peppermint), terpeneless or not, including concretes and absolutes",S30,1.0,2029,alta,cadena,1.0,,231325537.66666666
330126,"Oils, essential: of vetiver (terpeneless or not), including concretes and absolutes",S30,1.0,2029,alta,cadena,1.0,,155565332.0
330129,"Oils, essential: n.e.s. in heading no. 3301 (terpeneless or not), including concretes and absolutes",S30,1.0,2029,alta,cadena,1.0,,1387048372.0
330130,Resinoids,S30,1.0,2029,alta,cadena,1.0,,68667091.0
330190,"Oils, essential: concentrates in fats, fixed oils, waxes and the like, terpenic by-products, aqueous distillates and solutions",S30,0.7242604041419497,2029,media,cadena,0.9999999999999998,,732917405.0
330190,"Oils, essential: concentrates in fats, fixed oils, waxes and the like, terpenic by-products, aqueous distillates and solutions",S17,0.27573959585805025,1079,media,cadena,0.9999999999999998,,732917405.0
330210,Odoriferous substances and mixtures: of a kind used in the food or drink industries,S30,1.0,2029,alta,cadena,1.0,,19768977906.0
330290,Odoriferous substances and mixtures: used as raw materials in industries other than the food or drink industries,S30,1.0,2029,alta,cadena,1.0,,9359818804.333334
330300,Perfumes and toilet waters,S30,1.0,2023,alta,cadena,1.0,,25290971145.666668
330410,Cosmetic and toilet preparations: lip make-up,S30,1.0,2023,alta,cadena,1.0,,4567662741.0
330420,Cosmetic and toilet preparations: eye make-up,S30,1.0,2023,alta,cadena,1.0,,4531779030.333333
330430,Cosmetic and toilet preparations: manicure or pedicure preparations,S30,1.0,2023,alta,cadena,1.0,,1434244176.6666667
330491,"Cosmetic and toilet preparations: powders, whether or not compressed (excluding lip, eye, manicure or pedicure preparations)",S30,1.0,2023,alta,cadena,1.0,,2541201265.3333335
330499,"Cosmetic and toilet preparations: n.e.s. in heading no. 3304, for the care of the skin (excluding medicaments, including sunscreen or sun tan preparations)",S30,1.0,2023,alta,cadena,1.0,,51232815885.0
330510,Hair preparations: shampoos,S30,1.0,2023,alta,cadena,1.0,,6013361805.0
330520,Hair preparations: for permanent waving or straightening,S30,1.0,2023,alta,cadena,1.0,,163158138.66666666
330530,Hair preparations: lacquers,S30,1.0,2023,alta,cadena,1.0,,728415957.3333334
330590,Hair preparations: n.e.s. in heading no. 3305,S30,1.0,2023,alta,cadena,1.0,,9586683195.666666
330610,Oral or dental hygiene preparations: dentifrices,S30,1.0,2023,alta,cadena,1.0,,4193533190.3333335
330690,Oral or dental hygiene preparations: other than dentifrices,S30,1.0,2023,alta,cadena,1.0,,1886097707.3333333
330710,"Perfumery, cosmetic or toilet preparations: pre-shave, shaving or after-shave preparations",S30,1.0,2023,alta,cadena,1.0,,830061931.6666666
330720,"Perfumery, cosmetic or toilet preparations: personal deodorants and antiperspirants",S30,1.0,2023,alta,cadena,1.0,,4436078659.0
330730,"Perfumery, cosmetic or toilet preparations: perfumed bath salts and other bath preparations",S30,1.0,2023,alta,cadena,1.0,,832919272.0
330741,"Perfumes and deodorizors: perfuming or deodorizing preparations for rooms, ""agarbatti"" and other odoriferous preparations which operate by burning (including those used during religious rites)",S30,1.0,2023,alta,cadena,1.0,,505680837.3333333
330749,"Perfumes and deodorizors: perfuming or deodorizing preparations for rooms, (excluding those which operate by burning)",S30,1.0,2023,alta,cadena,1.0,,3511227703.6666665
330790,Perfumes and deodorizors: perfuming or deodorizing preparations n.e.s. in heading no. 3307,S30,1.0,2023,alta,cadena,1.0,,4253282869.0
340111,"Soap and organic surface-active products: in the form of bars, cakes, moulded shapes, and paper, wadding, felt and nonwovens, impregnated, coated or covered with soap or detergent, for toilet use (including medicated products)",S30,1.0,2023,alta,cadena,1.0,,3668812919.0
340119,"Soap and organic surface-active products: in the form of bars, cakes, moulded shapes, and paper, wadding, felt and nonwovens, impregnated, coated or covered with soap or detergent, not for toilet use",S30,1.0,2023,alta,cadena,1.0,,2401688180.6666665
340120,Soap: in forms n.e.s. in item no. 3401.11,S30,1.0,2023,alta,cadena,1.0,,1951125973.3333333
340211,"Organic surface-active agents: anionic (other than soap), whether or not put up for retail sale",S30,1.0,2023,alta,cadena,1.0,,3996511318.3333335
340212,"Organic surface-active agents: cationic (other than soap), whether or not put up for retail sale",S30,1.0,2023,alta,cadena,1.0,,662415324.3333334
340213,"Organic surface-active agents: non-ionic (other than soap), whether or not put up for retail sale",S30,1.0,2023,alta,cadena,1.0,,5376378200.0
340219,"Organic surface-active agents: whether or not put up for retail sale, n.e.s. in heading no. 3402",S30,1.0,2023,alta,cadena,1.0,,1032744463.3333334
340220,"Washing and cleaning preparations: surface-active, whether or not containing soap (excluding those of heading no. 3401), put up for retail sale",S30,1.0,2023,alta,cadena,1.0,,23145762477.333332
340290,"Washing and cleaning preparations: surface-active, whether or not containing soap (excluding those of heading no. 3401), including auxiliary washing preparations, not for retail sale",S30,1.0,2023,alta,cadena,1.0,,7911108298.333333
340311,"Lubricating preparations: for the treatment of textile and similar materials (leather, furskins etc), containing less than 70% (by weight) of petroleum oils or oils obtained from bituminous minerals",S30,1.0,2029,alta,cadena,1.0,,448810020.0
340319,"Lubricating preparations: (other than for the treatment of textile and similar materials), containing less than 70% (by weight) of petroleum oils or oils obtained from bituminous minerals",S30,1.0,2029,alta,cadena,1.0,,4451062628.333333
340391,"Lubricating preparations: for the treatment of textile and similar materials (leather, furskins etc), (not containing petroleum oils or oils obtained from bituminous minerals)",S30,1.0,2029,alta,cadena,1.0,,901011436.0
340399,"Lubricating preparations: other than for the treatment of textile and similar materials, not containing petroleum oils or oils obtained from bituminous minerals",S30,1.0,2029,alta,cadena,1.0,,4390193740.666667
340410,"Waxes: artificial and prepared, of chemically modified lignite",S30,1.0,2023,alta,cadena,1.0,,386868449.6666667
340420,"Waxes: artificial and prepared, of polyethylene glycol",S30,1.0,2023,alta,cadena,1.0,,560901392.0
340490,"Waxes: artificial and prepared, other than of chemically modified lignite or polyethylene glycol",S30,1.0,2023,alta,cadena,1.0,,2647567933.3333335
340510,"Polishes, creams and similar preparations: for footwear or leather, excluding waxes of heading no. 3404",S30,1.0,2023,alta,cadena,1.0,,294826667.3333333
340520,"Polishes, creams and similar preparations: for the maintenance of wooden furniture, floors or other woodwork, excluding waxes of heading no. 3404",S30,1.0,2023,alta,cadena,1.0,,152252328.33333334
340530,"Polishes, creams and similar preparations: for coachwork, other than metal polishes, excluding waxes of heading no. 3404",S30,1.0,2023,alta,cadena,1.0,,449683905.0
340540,"Scouring pastes and powders and other scouring preparations: (whether or not in the form of paper, wadding, felt, nonwovens, cellular plastics, cellular rubber, impregnated, coated or covered)",S30,1.0,2023,alta,cadena,1.0,,717266667.3333334
340590,"Polishes, creams and similar preparations: n.e.s. in heading no. 3405, excluding waxes of heading no. 3404",S30,1.0,2023,alta,cadena,1.0,,1028526642.3333334
340600,"Candles, tapers and the like",S43,1.0,3290,alta,cadena,1.0,,4416612122.0
340700,"Modelling pastes: preparations known as ""dental wax"", put up in sets, in packings for retail sale or in plates, horseshoe shapes, sticks or similar forms, other preparations for use in dentistry",S30,0.5,2029,baja,cadena,1.0,,1162972527.3333333
340700,"Modelling pastes: preparations known as ""dental wax"", put up in sets, in packings for retail sale or in plates, horseshoe shapes, sticks or similar forms, other preparations for use in dentistry",S43,0.5,3250,baja,cadena,1.0,,1162972527.3333333
350110,Casein,S10,1.0,1050,alta,cadena,1.0,,1645339186.0
350190,Caseinates and other casein derivatives: casein glues,S30,1.0,2029,alta,cadena,1.0,,1266230024.3333333
350210,Albumins: egg albumin,S17,1.0,1079,alta,cadena,1.0,,441912944.3333333
350290,Albuminates and other albumin derivatives (excluding egg albumin),S30,1.0,2029,alta,cadena,1.0,,2538215709.6666665
350300,"Gelatin (including gelatin in rectangular sheets, whether or not surface-worked or coloured) and gelatin derivatives: isinglass: other glues of animal origin, excluding casein glues of heading no. 3501",S30,1.0,2029,alta,cadena,1.0,,2363213874.3333335
350400,"Peptones and their derivatives: other protein substances and their derivatives n.e.s. or included, hide powder, whether or not chromed",S30,1.0,2029,alta,cadena,1.0,,4475566708.333333
350510,Dextrins and other modified starches,S17,1.0,1062,alta,cadena,1.0,,4361632043.333333
350520,"Glues: based on starches, or on dextrins or other modified starches",S30,1.0,2029,alta,cadena,1.0,,286346995.0
350610,"Glues or adhesives: prepared, products suitable for use as glues or adhesives, put up for retail sale as glues or adhesives, not exceeding a net weight of 1kg",S30,1.0,2029,alta,cadena,1.0,,3591994257.3333335
350691,"Adhesives: prepared, based on rubber or plastics (including artificial resins)",S30,1.0,2029,alta,cadena,1.0,,8463666332.333333
350699,"Glues and other adhesives: prepared, n.e.s. in heading no. 3506, not exceeding a net weight of 1kg",S30,1.0,2029,alta,cadena,1.0,,1760741358.3333333
350710,Enzymes: rennet and concentrates thereof,S29,1.0,2011,alta,cadena,1.0,,131707406.33333333
350790,Enzymes and prepared enzymes: other than rennet and concentrates thereof,S29,1.0,2011,alta,cadena,1.0,,6775566158.333333
360100,Explosives: propellent powders,S30,1.0,2029,alta,cadena,1.0,,768683513.3333334
360200,"Explosives, prepared: other than propellent powders",S30,1.0,2029,alta,cadena,1.0,,1289810640.3333333
360300,"Fuses and detonators: safety or detonating fuses, percussion or detonating caps, igniters, electric detonators",S30,1.0,2029,alta,cadena,1.0,,1926275388.6666667
360410,Pyrotechnic products: fireworks,S30,1.0,2029,alta,cadena,1.0,,1226147450.3333333
360490,"Pyrotechnic products: signalling flares, rain rockets, fog signals and other pyrotechnic articles (excluding fireworks)",S30,1.0,2029,alta,cadena,1.0,,363298628.0
360500,Matches: other than pyrotechnic articles of heading no. 3604,S30,1.0,2029,alta,cadena,1.0,,178852462.33333334
360610,"Fuels: liquid or liquefied-gas, in containers, of a kind used for filling or refilling cigarette or similar lighters, (of a capacity not exceeding 300cm3)",S43,1.0,3290,alta,cadena,1.0,,91467948.66666667
360690,Ferro-cerium and other pyrophoric alloys in all forms: articles of combustible materials n.e.s. in chapter 36,S43,1.0,3290,alta,cadena,1.0,,244859989.0
370110,"Photographic plates and film: for x-ray, in the flat, sensitised, unexposed, of any material other than paper, paperboard or textiles",S30,1.0,2029,alta,cadena,1.0,,402372704.6666667
370120,"Photographic plates and film: instant print film, in the flat, sensitised, unexposed, whether or not in packs",S30,1.0,2029,alta,cadena,1.0,,421163519.0
370130,"Photographic plates and film: in the flat, sensitised, unexposed, with any side exceeding 225mm, of any materials other than paper, paperboard or textiles",S30,1.0,2029,alta,cadena,1.0,,2731634800.3333335
370191,"Photographic plates and film: for colour photography (polychrome), in the flat, sensitised, unexposed, with no side exceeding 255mm, of any material other than paper, paperboard or textiles",S30,1.0,2029,alta,cadena,1.0,,10723112.0
370199,"Photographic plates and film: (for other than colour photography), in the flat, sensitised, unexposed, with no side exceeding 255mm, of any material other than paper, paperboard or textiles",S30,1.0,2029,alta,cadena,1.0,,565688648.0
370210,"Photographic film: for x-rays, in rolls, sensitised and unexposed",S30,1.0,2029,alta,cadena,1.0,,202878333.0
370220,"Photographic film: instant print film, in rolls, sensitised and unexposed",S30,1.0,2029,alta,cadena,1.0,,132031243.66666667
370231,"Photographic film: for colour photography (polychrome), in rolls, sensitised, unexposed, without sprocket holes, of a width not exceeding 105mm",S30,1.0,2029,alta,cadena,1.0,,27459469.666666668
370232,"Photographic film: in rolls, with silver halide emulsion, sensitised, unexposed, without sprocket holes, of a width not exceeding 105mm",S30,1.0,2029,alta,cadena,1.0,,17424007.666666668
370239,"Photographic film: in rolls, (other than with silver halide emulsion and for colour photography), sensitised, unexposed, without sprocket holes, of a width not exceeding 105mm",S30,1.0,2029,alta,cadena,1.0,,25523475.666666668
370241,"Photographic film: for colour photography (polychrome), in rolls, sensitised, unexposed, without sprocket holes, of a width exceeding 610mm and of a length exceeding 200m",S30,1.0,2029,alta,cadena,1.0,,24350369.0
370242,"Photographic film: in rolls, (other than for colour photography), sensitised, unexposed, without sprocket holes, of a width exceeding 610mm and of a length exceeding 200m",S30,1.0,2029,alta,cadena,1.0,,513776227.3333333
370243,"Photographic film: in rolls, sensitised, unexposed, without sprocket holes, of a width exceeding 610mm and of a length not exceeding 200m",S30,1.0,2029,alta,cadena,1.0,,23528331.666666668
370244,"Photographic film: in rolls, sensitised, unexposed, without sprocket holes, of a width exceeding 105mm but not exceeding 610mm",S30,1.0,2029,alta,cadena,1.0,,308661477.0
370251,"Photographic film: for colour photography (polychrome), in rolls, sensitised, unexposed, of a width not exceeding 16mm and of a length not exceeding 14m",S30,1.0,2029,alta,cadena,1.0,,351093.0
370252,"Photographic film: for colour photography (polychrome), in rolls, sensitised, unexposed, of a width not exceeding 16mm and of a length exceeding 14m",S30,1.0,2029,alta,cadena,1.0,,7443387.333333333
370253,"Photographic film: for colour photography (polychrome) slides, in rolls, sensitised, unexposed, of a width exceeding 16mm but not exceeding 35mm and of a length not exceeding 30m",S30,1.0,2029,alta,cadena,1.0,,4863684.333333333
370254,"Photographic film: for colour photography (polychrome), in rolls, sensitised, unexposed, of a width exceeding 16mm but not 35mm and of a length not exceeding 30m, excluding film for slides",S30,1.0,2029,alta,cadena,1.0,,92004799.33333333
370255,"Photographic film: for colour photography (polychrome), in rolls, sensitised, unexposed, of a width exceeding 16mm but not 35mm and of a length exceeding 30m",S30,1.0,2029,alta,cadena,1.0,,24765544.0
370256,"Photographic film: for colour photography (polychrome), in rolls, sensitised, unexposed, of a width exceeding 35mm",S30,1.0,2029,alta,cadena,1.0,,6186729.0
370291,"Photographic film: in rolls, (for other than colour photography), of a width not exceeding 16mm and of a length not exceeding 14m",S30,1.0,2029,alta,cadena,1.0,,2160030.3333333335
370292,"Photographic film: in rolls, (for other than colour photography), sensitised, unexposed, of a width not exceeding 16mm and length exceeding 14m",S30,1.0,2029,alta,cadena,1.0,,4213479.0
370293,"Photographic film: in rolls, (for other than colour film), sensitised, unexposed, of a width exceeding 16mm but not 35mm and of a length not exceeding 30m",S30,1.0,2029,alta,cadena,1.0,,18991659.666666668
370294,"Photographic film: in rolls, (for other than colour photography), sensitised, unexposed, of a width exceeding 16mm but not 35mm and of a length exceeding 30m",S30,1.0,2029,alta,cadena,1.0,,7049547.333333333
370295,"Photographic film: in rolls, (for other than colour photography), sensitised, unexposed, of a width exceeding 35mm",S30,1.0,2029,alta,cadena,1.0,,42217455.666666664
370310,"Photographic paper, paperboard and textiles: in rolls, sensitised, unexposed, of a width exceeding 610mm",S30,1.0,2029,alta,cadena,1.0,,61871248.0
370320,"Photographic paper, paperboard and textiles: for colour photography (polychrome), (other than in rolls of a width exceeding 610mm), sensitised, unexposed",S30,1.0,2029,alta,cadena,1.0,,274308692.0
370390,"Photographic paper, paperboard and textiles: (for other than colour photography, other than in rolls of a width exceeding 610mm), sensitised, unexposed",S30,1.0,2029,alta,cadena,1.0,,45746481.666666664
370400,"Photographic plates, film, paper, paperboard and textiles: exposed but not developed",S61,1.0,7420,alta,cadena,1.0,,30853537.0
370510,"Photographic plates and film: for offset reproduction, exposed and developed",S61,1.0,7420,alta,cadena,1.0,,80037071.66666667
370520,"Photographic plates and film: microfilms, exposed and developed",S61,1.0,7420,alta,cadena,1.0,,67283497.33333333
370590,"Photographic plates and film: exposed and developed, (other than cinematographic film, microfilm or that for offset reproduction)",S61,1.0,7420,alta,cadena,1.0,,2041763484.3333333
370610,"Cinematographic film: exposed and developed, whether or not incorporating sound track or consisting only of sound track, of a width of 35cm or more",S58,1.0,5911,alta,cadena,1.0,,3456563.3333333335
370690,"Cinematographic film: exposed and developed, whether or not incorporating a sound track or consisting only of sound track, of a width less than 35mm",S58,1.0,5911,alta,cadena,1.0,,2567081.0
370710,"Photographic goods: sensitised emulsions, put up in measured portions or put up for retail sale in a form ready for use",S30,1.0,2029,alta,cadena,1.0,,210823569.66666666
370790,"Photographic goods: chemical preparations other than sensitised emulsions, put up in measured portions or put up for retail sale in a form ready for use",S30,0.9814,2029,alta,cadena,1.0,,6055756242.333333
370790,"Photographic goods: chemical preparations other than sensitised emulsions, put up in measured portions or put up for retail sale in a form ready for use",S29,0.0186,2011,alta,cadena,1.0,,6055756242.333333
380110,Graphite: artificial,S35,1.0,2399,alta,cadena,1.0,,2208626390.0
380120,Graphite: colloidal or semi-colloidal,S35,1.0,2399,alta,cadena,1.0,,70482975.33333333
380130,Carbonaceous pastes: for electrodes and similar pastes for furnace linings,S35,1.0,2399,alta,cadena,1.0,,480227259.3333333
380190,"Graphite or other carbon based preparations: in the form of pastes, blocks, plates or other semi-manufactures",S35,1.0,2399,alta,cadena,1.0,,873398038.3333334
380210,Carbon: activated,S30,1.0,2029,alta,cadena,1.0,,2265329286.3333335
380290,"Chemical products: activated natural mineral products, animal black, including spent animal black",S29,1.0,2011,alta,cadena,1.0,,870663822.6666666
380300,"Chemical products: tall oil, whether or not refined",S29,1.0,2011,alta,cadena,1.0,,423764334.6666667
380400,"Lyes, residual: from the manufacture of wood pulp, whether or not concentrated, desugared or chemically treated, including lignin sulphonates but excluding tall oil of heading no. 3803",S47,1.0,3830,media,regla_residuos,1.0,,497168544.0
380510,"Terpenic oils: gum, wood or sulphate turpentine oils",S29,1.0,2011,alta,cadena,1.0,,287346030.0
380520,"Terpenic oils: pine oil, containing alpha-terpineol as the main constituent",S29,1.0,2011,alta,cadena,1.0,,69384889.33333333
380590,"Terpenic oils: produced by the treatment of coniferous woods, crude dipentene, sulphite turpentine and other crude para-cymene, n.e.s. in heading no. 3805",S29,1.0,2011,alta,cadena,1.0,,15676276.666666666
380610,Rosin and resin acids,S29,1.0,2011,alta,cadena,1.0,,575608137.0
380620,Rosin: salts of rosin or of resin acids,S29,1.0,2011,alta,cadena,1.0,,51627640.333333336
380630,Ester gums,S29,1.0,2011,alta,cadena,1.0,,425598474.0
380690,"Rosin: spirit and oils, n.e.s. in heading no. 3806",S29,1.0,2011,alta,cadena,1.0,,362257698.0
380700,"Wood tar: wood tar oils: wood creosote: wood naphtha: vegetable pitch: brewers' pitch and similar preparations based on rosin, resin acids or on vegetable pitch",S29,1.0,2011,alta,cadena,1.0,,114979460.0
380810,Insecticides: put up in forms or packings for retail sale or as preparations or articles,S29,1.0,2021,alta,cadena,1.0,,11274869108.0
380820,Fungicides: put up in forms or packings for retail sale or as preparations or articles,S29,1.0,2021,alta,cadena,1.0,,9597390273.0
380830,"Herbicides, anti-sprouting products and plant-growth regulators: put up in forms or packings for retail sale or as preparations or articles",S29,1.0,2021,alta,cadena,1.0,,16009232643.666666
380840,"Disinfectants and similar products: in forms, packings or articles for retail sale",S29,1.0,2021,alta,cadena,1.0,,2999588134.0
380890,"Rodenticides and similar products: n.e.s. in heading no. 3808, in forms, packings or articles for retail sale",S29,1.0,2021,alta,cadena,1.0,,1802407180.6666667
380910,"Finishing agents and dye carriers: to accelerate dyeing or fixing of dye-stuffs, other products and preparations, used in textile, paper, leather etc industries, with basis of amylaceous substances, n.e.s.",S30,1.0,2029,alta,cadena,1.0,,87562286.0
380991,"Finishing agents and dye carriers: to accelerate dyeing or fixing of dye-stuffs, other products and preparations, used in the textile industry (excluding those with a basis of amylaceous substances)",S30,1.0,2029,alta,cadena,1.0,,2991278217.0
380992,"Finishing agents and dye carriers: to accelerate dyeing or fixing of dye-stuffs, other products and preparations, used in the paper industry (excluding those with a basis of amylaceous substances)",S30,1.0,2029,alta,cadena,1.0,,920630206.6666666
380993,"Finishing agents and dye carriers: to accelerate dyeing or fixing of dye-stuffs, other products and preparations, used in the leather or like (excluding paper and textile) industries, (excluding those with a basis of amylaceous substances)",S30,1.0,2029,alta,cadena,1.0,,
380999,"Finishing agents and dye carriers: to accelerate dyeing or fixing of dye-stuffs and other products and preparations, used in the leather or like (excluding textile or paper) industries, n.e.s. in item 3809.9",S30,1.0,2029,alta,cadena,1.0,,414115375.0
381010,"Pickling preparations for metal surfaces: soldering, brazing or welding powders and pastes consisting of metal and other materials",S30,1.0,2029,alta,cadena,1.0,,1183165155.3333333
381090,"Fluxes and other auxiliary preparations: for soldering, brazing or welding, or preparations used as cores or coatings for welding electrodes or rods",S30,1.0,2029,alta,cadena,1.0,,719834787.3333334
381111,Anti-knock preparations: based on lead compounds,S30,1.0,2029,alta,cadena,1.0,,59876245.666666664
381119,Anti-knock preparations: other than those based on lead compounds,S30,1.0,2029,alta,cadena,1.0,,310333189.0
381121,Lubricating oil additives: containing petroleum oils or oils obtained from bituminous minerals,S30,1.0,2029,alta,cadena,1.0,,8753130155.0
381129,Lubricating oil additives: not containing petroleum oils or oils obtained from bituminous minerals,S30,1.0,2029,alta,cadena,1.0,,882720726.6666666
381190,"Oxidation and gum inhibitors, viscosity improvers, anti-corrosive preparations, other prepared additives for mineral oils or liquids used as mineral oils (including gasoline), n.e.s. in heading no. 3811",S30,1.0,2029,alta,cadena,1.0,,2655556558.3333335
381210,Rubber accelerators: prepared,S30,1.0,2029,alta,cadena,1.0,,927300756.0
381220,"Plasticisers, compound: for rubber or plastics",S30,1.0,2029,alta,cadena,1.0,,747713827.6666666
381230,"Anti-oxidising preparations and other compound stabilisers: for rubber or plastics, n.e.s. or included",S30,1.0,2029,alta,cadena,1.0,,3475814137.0
381300,Fire-extinguishers: preparations and charges and charged fire-extinguishing grenades,S30,0.5,2029,baja,cadena,1.0,,345420648.6666667
381300,Fire-extinguishers: preparations and charges and charged fire-extinguishing grenades,S43,0.5,3250,baja,cadena,1.0,,345420648.6666667
381400,"Solvents and thinners: organic composite solvents and thinners, n.e.s. or included, prepared paint or varnish removers",S30,1.0,2022,alta,cadena,1.0,,2087640151.0
381511,"Catalysts, supported: reaction initiators, reaction accelerators and catalytic preparations, with nickel or nickel compounds as the active substance, n.e.s. or included",S30,1.0,2029,alta,cadena,1.0,,1568083362.3333333
381512,"Catalysts, supported: reaction initiators, reaction accelerators and catalytic preparations, with precious metal or precious metal compounds as the active substance, n.e.s. or included",S30,1.0,2029,alta,cadena,1.0,,14895355568.0
381519,"Catalysts, supported: reaction initiators, reaction accelerators and catalytic preparations, with an active substance other than nickel or precious metals or their compounds, n.e.s. or included",S30,1.0,2029,alta,cadena,1.0,,5162158346.666667
381590,"Reaction initiators, reaction accelerators and catalytic preparations, unsupported, n.e.s. or included",S30,1.0,2029,alta,cadena,1.0,,4220980984.6666665
381600,"Refractory cements, mortars, concretes and similar compositions: other than products of heading no. 3801",S34,1.0,2391,alta,cadena,1.0,,2441496493.0
381710,"Alkylbenzenes: mixed, other than those of heading no. 2707 or 2902",S30,1.0,2029,alta,cadena,1.0,,2544434926.0
381720,"Alkylnaphthalenes: mixed, other than those of heading no. 2707 or 2902",S30,1.0,2029,alta,cadena,1.0,,32123858.666666668
381800,"Chemical elements: doped for use in electronics, in the form of discs, wafers or similar forms: chemical compounds doped for use in electronics",S30,1.0,2029,alta,cadena,1.0,,17804336924.0
381900,"Hydraulic fluids: for brakes and other prepared liquids for hydraulic transmission, not containing or containing less than 70% by weight of petroleum oils or oils obtained from bituminous minerals",S30,1.0,2029,alta,cadena,1.0,,1053219319.3333334
382000,Anti-freezing preparations and prepared de-icing fluids,S30,1.0,2029,alta,cadena,1.0,,1410785834.0
382100,"Culture media, prepared: for development of micro-organisms",S30,0.5,2029,baja,cadena,1.0,,3208739683.3333335
382100,"Culture media, prepared: for development of micro-organisms",S43,0.5,3250,baja,cadena,1.0,,3208739683.3333335
382200,"Reagents: composite diagnostic or laboratory reagents, other than those of heading no. 3002 or 3006",S30,0.5,2029,baja,cadena,1.0,,33637020871.0
382200,"Reagents: composite diagnostic or laboratory reagents, other than those of heading no. 3002 or 3006",S43,0.5,3250,baja,cadena,1.0,,33637020871.0
382310,"Binders, prepared: for foundry moulds or cores",S30,1.0,2029,alta,cadena,1.0,,448753145.6666667
382320,"Acids: naphthenic acids, their water-insoluble salts and their esters",S30,0.8899,2029,media,cadena,1.0,,782029073.6666666
382320,"Acids: naphthenic acids, their water-insoluble salts and their esters",S28,0.1101,1920,media,cadena,1.0,,782029073.6666666
382330,"Metal carbides: non-agglomerated, mixed together or with metallic binders",S30,1.0,2029,alta,cadena,1.0,,594695716.6666666
382340,"Cements, mortars or concretes: their prepared additives",S30,1.0,2029,alta,cadena,1.0,,1780381122.3333333
382350,Mortars and concretes: non-refractory,S33,1.0,2395,alta,cadena,1.0,,1260681039.6666667
382360,Sorbitol: other than that of item no. 2905.44,S30,1.0,2029,alta,cadena,1.0,,312518454.6666667
382390,"Chemical products, preparations and residual products of chemical or allied industries n.e.s. or included in heading no. 3823",S30,0.8316981006020869,2029,media,cadena,0.9999076306407959,biocombustible_posible,77349523687.66667
382390,"Chemical products, preparations and residual products of chemical or allied industries n.e.s. or included in heading no. 3823",S28,0.09594121223538453,1920,media,cadena,0.9999076306407959,biocombustible_posible,77349523687.66667
382390,"Chemical products, preparations and residual products of chemical or allied industries n.e.s. or included in heading no. 3823",S47,0.05866521377039178,3830,media,regla_residuos,0.9999076306407959,biocombustible_posible,77349523687.66667
382390,"Chemical products, preparations and residual products of chemical or allied industries n.e.s. or included in heading no. 3823",S43,0.013695473392136687,3250,media,cadena,0.9999076306407959,biocombustible_posible,77349523687.66667
390110,"Ethylene polymers: in primary forms, polyethylene having a specific gravity of less than 0.94",S29,1.0,2013,alta,cadena,1.0,,23829471782.333332
390120,"Ethylene polymers: in primary forms, polyethylene having a specific gravity of 0.94 or more",S29,1.0,2013,alta,cadena,1.0,,26494760360.0
390130,"Ethylene polymers: in primary forms, ethylene-vinyl acetate copolymers",S29,1.0,2013,alta,cadena,1.0,,5896225817.666667
390190,"Ethylene polymers: in primary forms, n.e.s. in heading no. 3901",S29,1.0,2013,alta,cadena,1.0,,23251487272.333332
390210,"Propylene, other olefin polymers: polypropylene in primary forms",S29,1.0,2013,alta,cadena,1.0,,23793248179.0
390220,"Propylene, other olefin polymers: polyisobutylene in primary forms",S29,1.0,2013,alta,cadena,1.0,,1148517306.6666667
390230,"Propylene, other olefin polymers: propylene copolymers in primary forms",S29,1.0,2013,alta,cadena,1.0,,12975713481.666666
390290,"Propylene, other olefin polymers: n.e.s. in heading no. 3902, in primary forms",S29,1.0,2013,alta,cadena,1.0,,2754858502.3333335
390311,"Styrene polymers: expansible polystyrene, in primary forms",S29,1.0,2013,alta,cadena,1.0,,3957465127.6666665
390319,"Styrene polymers: (other than expansible polystyrene), in primary forms",S29,1.0,2013,alta,cadena,1.0,,3843892428.0
390320,"Styrene polymers: styrene-acrylonitrile (SAN) copolymers, in primary forms",S29,1.0,2013,alta,cadena,1.0,,843894779.6666666
390330,"Styrene polymers: acrylonitrile-butadiene-styrene (ABS) copolymers, in primary forms",S29,1.0,2013,alta,cadena,1.0,,5918498728.666667
390390,"Styrene polymers: in primary forms, n.e.s. in heading no. 3903",S29,1.0,2013,alta,cadena,1.0,,3927415269.3333335
390410,"Vinyl chloride, other halogenated olefin polymers: polyvinyl chloride (not mixed with any other substances), in primary forms",S29,1.0,2013,alta,cadena,1.0,,13252683968.0
390421,"Vinyl chloride, other halogenated olefin polymers: non-plasticised polyvinyl chloride, in primary forms, mixed with other substances",S29,1.0,2013,alta,cadena,1.0,,1160341232.6666667
390422,"Vinyl chloride, other halogenated olefin polymers: plasticised polyvinyl chloride, in primary forms, mixed with other substances",S29,1.0,2013,alta,cadena,1.0,,2242880112.3333335
390430,"Vinyl chloride, other halogenated olefin polymers: vinyl chloride-vinyl acetate copolymers, in primary forms",S29,1.0,2013,alta,cadena,1.0,,412033059.6666667
390440,"Vinyl chloride, other halogenated olefin polymers: vinyl chloride copolymers, in primary forms n.e.s. in heading no. 3904",S29,1.0,2013,alta,cadena,1.0,,338177232.0
390450,"Vinyl chloride, other halogenated olefin polymers: vinylidene chloride polymers, in primary forms",S29,1.0,2013,alta,cadena,1.0,,280917593.6666667
390461,"Halogenated olefin polymers: fluoro-polymers, polytetrafluoroethylene, in primary forms",S29,1.0,2013,alta,cadena,1.0,,1104338632.0
390469,"Halogenated olefin polymers: fluoro-polymers (other than polytetrafluoroethylene), in primary forms",S29,1.0,2013,alta,cadena,1.0,,3351152038.6666665
390490,"Vinyl chloride, other halogenated olefin polymers: n.e.s. in heading no. 3904",S29,1.0,2013,alta,cadena,1.0,,549694499.0
390511,"Vinyl acetate polymers: in aqueous dispersion, in primary forms",S29,1.0,2013,alta,cadena,1.0,,1094550288.0
390519,"Vinyl acetate polymers: (other than in aqueous dispersion), in primary forms",S29,1.0,2013,alta,cadena,0.9999999999999998,,874679591.0
390520,Polyvinyl alcohol: whether or not containing unhydrolysed acetate groups,S29,1.0,2013,alta,cadena,1.0,,1501731836.3333333
390590,"Vinyl acetate, vinyl ester polymers, vinyl polymers: n.e.s. in heading no. 3905, in primary forms",S29,1.0,2013,alta,cadena,1.0,,2700994519.3333335
390610,"Acrylic polymers: polymethyl methacrylate, in primary forms",S29,1.0,2013,alta,cadena,1.0,,1314003496.0
390690,"Acrylic polymers: (other than polymethyl methacrylate), in primary forms",S29,1.0,2013,alta,cadena,1.0,,16507796245.333334
390710,Polyacetals: in primary forms,S29,1.0,2013,alta,cadena,1.0,,2491135966.6666665
390720,"Polyethers: in primary forms, excluding polyacetals",S29,1.0,2013,alta,cadena,1.0,,13595131403.333334
390730,Epoxide resins: in primary forms,S29,1.0,2013,alta,cadena,1.0,,6617789220.0
390740,Polycarbonates: in primary forms,S29,1.0,2013,alta,cadena,1.0,,9963053079.333334
390750,Alkyd resins: in primary forms,S29,1.0,2013,alta,cadena,1.0,,929647118.3333334
390760,Polyethylene terephthalate: in primary forms,S29,1.0,2013,alta,cadena,1.0,,16952287971.333334
390791,"Polyesters: n.e.s. in heading no. 3907, unsaturated, in primary forms",S29,1.0,2013,alta,cadena,1.0,,2993246781.3333335
390799,"Polyesters: n.e.s. in heading no. 3907, saturated, in primary forms",S29,1.0,2013,alta,cadena,1.0,,10462276283.0
390810,"Polyamides: polyamide-6, -11, -12, -6,6, -6,9, -6,10 or -6,12, in primary forms",S29,1.0,2013,alta,cadena,1.0,,10957234180.666666
390890,"Polyamides: n.e.s. in heading no. 3908, in primary forms",S29,1.0,2013,alta,cadena,1.0,,4027448311.3333335
390910,"Amino-resins: urea and thiourea resins, in primary forms",S29,1.0,2013,alta,cadena,1.0,,1113938392.3333333
390920,"Amino-resins: melamine resins, in primary forms",S29,1.0,2013,alta,cadena,1.0,,764911959.3333334
390930,"Amino-resins: n.e.s. in heading no. 3909, in primary forms",S29,1.0,2013,alta,cadena,1.0,,8512199445.333333
390940,Phenolic resins: in primary forms,S29,1.0,2013,alta,cadena,1.0,,2083769029.3333333
390950,Polyurethanes: in primary forms,S29,1.0,2013,alta,cadena,1.0,,7545722821.666667
391000,Silicones: in primary forms,S29,1.0,2013,alta,cadena,1.0,,8225944543.666667
391110,"Petroleum resins, coumarone, indene or coumarone-indene resins and polyterpenes: in primary forms",S29,1.0,2013,alta,cadena,1.0,,1798296931.6666667
391190,"Polysulphides, polysulphones and similar products of chemical synthesis n.e.s. in chapter 39: in primary forms",S29,1.0,2013,alta,cadena,1.0,,5200596243.666667
391211,"Cellulose acetates: non-plasticised, in primary forms",S29,1.0,2013,alta,cadena,1.0,,579987637.6666666
391212,"Cellulose acetates: plasticised, in primary forms",S29,1.0,2013,alta,cadena,1.0,,33897639.666666664
391220,Cellulose nitrates (including collodions): in primary forms,S29,1.0,2013,alta,cadena,1.0,,524301598.3333333
391231,"Cellulose ethers: carboxymethylcellulose and its salts, in primary forms",S29,1.0,2013,alta,cadena,1.0,,1067332679.0
391239,"Cellulose ethers: (other than carboxymethylcellulose and its salts), in primary forms",S29,1.0,2013,alta,cadena,1.0,,3001516607.3333335
391290,"Cellulose and its chemical derivatives: n.e.s. in item no. 3912, in primary forms",S29,1.0,2013,alta,cadena,1.0,,1420136637.0
391310,"Polymers, natural: alginic acid, its salts and esters, in primary forms",S29,1.0,2013,alta,cadena,1.0,,356307400.3333333
391390,"Polymers, natural and modified natural: in primary forms (excluding alginic acid, its salts and esters)",S29,1.0,2013,alta,cadena,1.0,,3222160259.6666665
391400,"Ion-exchangers: based on polymers of heading no. 3901 to 3913, in primary forms",S29,1.0,2013,alta,cadena,1.0,,2255029463.3333335
391510,"Ethylene polymers: waste, parings and scrap",S47,1.0,3830,media,regla_residuos,1.0,,1211174257.6666667
391520,"Styrene polymers: waste, parings and scrap",S47,1.0,3830,media,regla_residuos,1.0,,201911734.0
391530,"Vinyl chloride polymers: waste, parings and scrap",S47,1.0,3830,media,regla_residuos,1.0,,116866308.66666667
391590,"Plastics n.e.s. in heading no. 3915: waste, parings and scrap",S47,1.0,3830,media,regla_residuos,1.0,,2874085046.6666665
391610,"Ethylene polymers: monofilament, of which any cross-sectional dimension exceeds 1mm, rods, sticks and profile shapes, whether or not surface-worked but not otherwise worked",S32,1.0,2220,alta,cadena,1.0,,546446731.6666666
391620,"Vinyl chloride polymers: monofilament, of which any cross-sectional dimension exceeds 1mm, rods, sticks and profile shapes, whether or not surface-worked but not otherwise worked",S32,1.0,2220,alta,cadena,1.0,,3813336886.3333335
391690,"Plastics: monofilament, of plastics n.e.s. in heading no. 3916, cross-sectional dimension exceeds 1mm, rods, sticks and profile shapes, whether or not surface-worked but not otherwise worked",S32,1.0,2220,alta,cadena,1.0,,2908872177.3333335
391710,Plastics: artificial guts (sausage casings) of hardened protein or of cellulosic materials,S32,1.0,2220,alta,cadena,1.0,,1994886433.0
391721,"Plastics: tubes, pipes and hoses thereof, rigid, of polymers of ethylene",S32,1.0,2220,alta,cadena,1.0,,2709312347.0
391722,"Plastics: tubes, pipes and hoses thereof, rigid, of polymers of propylene",S32,1.0,2220,alta,cadena,1.0,,1164606828.0
391723,"Plastics: tubes, pipes and hoses thereof, rigid, of polymers of vinyl chloride",S32,1.0,2220,alta,cadena,1.0,,1939646897.3333333
391729,"Plastics: tubes, pipes and hoses thereof, rigid, of plastics n.e.s. in heading no. 3917",S32,1.0,2220,alta,cadena,1.0,,2371619390.3333335
391731,"Plastics: tubes, pipes and hoses thereof, flexible, having a minimum burst pressure of 27.6MPa",S32,1.0,2220,alta,cadena,1.0,,1490698372.3333333
391732,"Plastics: tubes, pipes and hoses thereof, other than those of item no. 3917.31, not reinforced or otherwise combined with other materials, without fittings",S32,1.0,2220,alta,cadena,1.0,,5470180412.666667
391733,"Plastics: tubes, pipes and hoses thereof, other than those of item no. 3917.31, not reinforced or otherwise combined with other materials, with fittings",S32,1.0,2220,alta,cadena,1.0,,1769511536.3333333
391739,"Plastics: tubes, pipes and hoses thereof, n.e.s. in item no. 3917.30",S32,1.0,2220,alta,cadena,1.0,,5308211370.666667
391740,"Plastics: tube, pipe and hose fittings (eg joints, elbows, flanges)",S32,1.0,2220,alta,cadena,1.0,,7635019759.0
391810,"Floor, wall or ceiling coverings: of polymers of vinyl chloride, whether or not self-adhesive, in rolls or in the form of tiles",S32,1.0,2220,alta,cadena,1.0,,10772852852.666666
391890,"Floor, wall or ceiling coverings: of plastics (excluding polymers of vinyl chloride), whether or not self-adhesive, in rolls or in the form of tiles",S32,1.0,2220,alta,cadena,1.0,,2249239078.0
391910,"Plastics: plates, sheets, film, foil, tape, strip, other flat shapes thereof, self-adhesive, in rolls of a width not exceeding 20cm",S32,1.0,2220,alta,cadena,1.0,,7208693388.0
391990,"Plastics: plates, sheets, film, foil, tape, strip, other flat shapes thereof, self-adhesive, other than in rolls of a width not exceeding 20cm",S32,1.0,2220,alta,cadena,1.0,,18147323529.666668
392010,"Plastics: plates, sheets, film, foil and strip, of polymers of ethylene, non-cellular and not reinforced, laminated, supported or similarly combined with other materials",S32,1.0,2220,alta,cadena,1.0,,18887917580.666668
392020,"Plastics: of polymers of propylene, plates, sheets, film, foil and strip, non-cellular and not reinforced, laminated, supported or similarly combined with other materials",S32,1.0,2220,alta,cadena,1.0,,10816342949.0
392030,"Plastics: of polymers of styrene, plates, sheets, film, foil and strip, non-cellular and not reinforced, laminated, supported or similarly combined with other materials",S32,1.0,2220,alta,cadena,1.0,,2126599964.6666667
392041,"Plastics: rigid, of polymers of vinyl chloride, plates, sheets, film, foil and strip, non-cellular and not reinforced, laminated, supported or similarly combined with other materials",S32,1.0,2220,alta,cadena,1.0,,2629964019.3333335
392042,"Plastics: flexible, of polymers of vinyl chloride, plates, sheets, film, foil and strip, non-cellular and not reinforced, laminated, supported or similarly combined with other materials",S32,1.0,2220,alta,cadena,1.0,,4101197765.3333335
392051,"Plastics: of acrylic polymers, polymethyl methacrylate, plates, sheets, film, foil and strip, non-cellular and not reinforced, laminated, supported or similarly combined with other materials",S32,0.9776,2220,alta,cadena,1.0,,2092225404.0
392051,"Plastics: of acrylic polymers, polymethyl methacrylate, plates, sheets, film, foil and strip, non-cellular and not reinforced, laminated, supported or similarly combined with other materials",S43,0.0224,3250,alta,cadena,1.0,,2092225404.0
392059,"Plastics: of acrylic polymers (excluding polymethyl methacrylate), plates, sheets, film, foil and strip, non-cellular and not reinforced, laminated, supported or similarly combined with other materials",S32,1.0,2220,alta,cadena,1.0,,359299753.0
392061,"Plastics: plates, sheets, film, foil and strip, of polycarbonates, non-cellular and not reinforced, laminated, supported or similarly combined with other materials",S32,1.0,2220,alta,cadena,1.0,,1457201086.3333333
392062,"Plastics: plates, sheets, film, foil and strip, of polyethylene terephthalate, non-cellular and not reinforced, laminated, supported or similarly combined with other materials",S32,1.0,2220,alta,cadena,1.0,,9004349363.333334
392063,"Plastics: plates, sheets, film, foil and strip, of unsaturated polyesters, non-cellular and not reinforced, laminated, supported or similarly combined with other materials",S32,1.0,2220,alta,cadena,1.0,,302812462.0
392069,"Plastics: plates, sheets, film, foil and strip, of polyesters n.e.s. in heading no. 3920, non-cellular and not reinforced, laminated, supported or similarly combined with other materials",S32,1.0,2220,alta,cadena,1.0,,1339874578.0
392071,"Plastics: plates, sheets, film, foil and strip, of regenerated cellulose: non-cellular and not reinforced, laminated, supported or similarly combined with other materials",S32,1.0,2220,alta,cadena,1.0,,267994885.33333334
392072,"Plastics: plates, sheets, film, foil and strip, of vulcanised fibre, non-cellular and not reinforced, laminated, supported or similarly combined with other materials",S32,1.0,2220,alta,cadena,1.0,,232645966.33333334
392073,"Plastics: plates, sheets, film, foil and strip, of cellulose acetate, non-cellular and not reinforced, laminated, supported or similarly combined with other materials",S32,1.0,2220,alta,cadena,1.0,,890158904.6666666
392079,"Plastics: plates, sheets, film, foil and strip, of cellulose derivatives n.e.s. in heading no. 3920, non-cellular and not reinforced, laminated, supported or similarly combined with other materials",S32,1.0,2220,alta,cadena,1.0,,114438334.0
392091,"Plastics: plates, sheets, film, foil and strip, of polyvinyl butyral, non-cellular and not reinforced, laminated, supported or similarly combined with other materials",S32,1.0,2220,alta,cadena,1.0,,1240242807.3333333
392092,"Plastics: plates, sheets, film, foil and strip, of polyamides, non-cellular and not reinforced, laminated, supported or similarly combined with other materials",S32,1.0,2220,alta,cadena,1.0,,881581452.3333334
392093,"Plastics: plates, sheets, film, foil and strip, of amino-resins, non-cellular and not reinforced, laminated, supported or similarly combined with other materials",S32,1.0,2220,alta,cadena,1.0,,35116643.666666664
392094,"Plastics: plates, sheets, film, foil and strip, of phenolic resins, non-cellular and not reinforced, laminated, supported or similarly combined with other materials",S32,1.0,2220,alta,cadena,1.0,,142967713.0
392099,"Plastics: plates, sheets, film, foil and strip, of plastics n.e.s. in heading no. 3920, non-cellular and not reinforced, laminated, supported or similarly combined with other materials",S32,1.0,2220,alta,cadena,1.0,,7051006555.666667
392111,"Plastics: plates, sheets, film, foil and strip, of polymers of styrene, cellular",S32,1.0,2220,alta,cadena,1.0,,1556924660.0
392112,"Plastics: plates, sheets, film, foil and strip, of polymers of vinyl chloride, cellular",S32,1.0,2220,alta,cadena,1.0,,2272186331.6666665
392113,"Plastics: plates, sheets, film, foil and strip, of polyurethanes, cellular",S32,1.0,2220,alta,cadena,1.0,,4762282976.666667
392114,"Plastics: plates, sheets, film, foil and strip, of regenerated cellulose, cellular",S32,1.0,2220,alta,cadena,1.0,,167170286.0
392119,"Plastics: plates, sheets, film, foil and strip, of plastics n.e.s. in heading no. 3921, cellular",S32,1.0,2220,alta,cadena,1.0,,5887184401.666667
392190,"Plastics: plates, sheets, film, foil and strip, other than cellular",S32,0.9999999997541305,2220,alta,cadena,1.0,,16451109396.666666
392190,"Plastics: plates, sheets, film, foil and strip, other than cellular",S30,1.2293480569634448e-10,2029,alta,cadena,1.0,,16451109396.666666
392190,"Plastics: plates, sheets, film, foil and strip, other than cellular",S43,1.2293480569634448e-10,3250,alta,cadena,1.0,,16451109396.666666
392210,"Plastics: baths, shower-baths and wash-basins",S32,1.0,2220,alta,cadena,1.0,,2017370429.0
392220,Plastics: lavatory seats and covers,S32,1.0,2220,alta,cadena,1.0,,949005563.0
392290,"Plastics: bidets, lavatory pans, flushing cisterns and similar sanitary ware n.e.s. in heading no. 3922",S32,1.0,2220,alta,cadena,1.0,,2016296489.3333333
392310,"Plastics: boxes, cases, crates and similar articles for the conveyance or packing of goods",S32,1.0,2220,alta,cadena,1.0,,14265847417.666666
392321,"Ethylene polymers: sacks and bags (including cones), for the conveyance or packing of goods",S32,1.0,2220,alta,cadena,1.0,,12740712685.0
392329,"Plastics: sacks and bags (including cones), for the conveyance or packing of goods, of plastics other than ethylene polymers",S32,1.0,2220,alta,cadena,1.0,,6563996179.0
392330,"Plastics: carboys, bottles, flasks and similar articles, for the conveyance or packing of goods",S32,1.0,2220,alta,cadena,1.0,,10763669712.333334
392340,"Plastics: spools, cops, bobbins and similar supports, for the conveyance or packing of goods",S32,1.0,2220,alta,cadena,1.0,,943624382.6666666
392350,"Plastics: stoppers, lids, caps and other closures, for the conveyance or packing of goods",S32,1.0,2220,alta,cadena,1.0,,9820918296.333334
392390,Plastics: articles for the conveyance or packing of goods n.e.s. in heading no. 3923,S32,1.0,2220,alta,cadena,1.0,,10361705208.333334
392410,Plastics: tableware and kitchenware,S32,1.0,2220,alta,cadena,1.0,,14396047657.333334
392490,Plastics: household and toilet articles,S32,1.0,2220,alta,cadena,1.0,,10705426602.333334
392510,"Plastics: builders' ware, reservoirs, tanks, vats and similar containers of a capacity exceeding 300 litres",S32,1.0,2220,alta,cadena,1.0,,1326683556.3333333
392520,"Plastics: builders' ware, doors, windows and their frames and thresholds for doors",S32,1.0,2220,alta,cadena,1.0,,5114817735.333333
392530,"Plastics: builders' ware, shutters, blinds (including venetian blinds) and similar articles and parts thereof",S32,1.0,2220,alta,cadena,1.0,,1980625668.6666667
392590,"Plastics: builders' ware, n.e.s. or included in heading no. 3925",S32,1.0,2220,alta,cadena,1.0,,7626331060.0
392610,Plastics: office or school supplies,S32,1.0,2220,alta,cadena,1.0,,2690600057.3333335
392620,Plastics: articles of apparel and clothing accessories (including gloves),S22,0.5,1410,baja,cadena,1.0,,3820878211.0
392620,Plastics: articles of apparel and clothing accessories (including gloves),S32,0.5,2220,baja,cadena,1.0,,3820878211.0
392630,"Plastics: fittings for furniture, coachwork or the like",S32,1.0,2220,alta,cadena,1.0,,4662616210.333333
392640,Plastics: statuettes and other ornamental articles,S32,1.0,2220,alta,cadena,1.0,,5901685138.333333
392690,Plastics: other articles n.e.s. in chapter 39,S32,0.9963999999878129,2220,alta,cadena,0.9999999999999999,,79444578377.66667
392690,Plastics: other articles n.e.s. in chapter 39,S40,0.003599999999955968,2610,alta,cadena,0.9999999999999999,,79444578377.66667
392690,Plastics: other articles n.e.s. in chapter 39,S30,6.115602066792878e-12,2029,alta,cadena,0.9999999999999999,,79444578377.66667
392690,Plastics: other articles n.e.s. in chapter 39,S43,6.115602066792878e-12,3250,alta,cadena,0.9999999999999999,,79444578377.66667
400110,"Rubber: natural rubber latex, whether or not pre-vulcanised, in primary forms or in plates, sheets or strip",S02,0.5,0129,baja,cadena,1.0,,1889528804.6666667
400110,"Rubber: natural rubber latex, whether or not pre-vulcanised, in primary forms or in plates, sheets or strip",S06,0.5,0230,baja,cadena,1.0,,1889528804.6666667
400121,"Rubber: natural (excluding latex), in smoked sheets",S02,0.5,0129,baja,cadena,1.0,,1286715124.0
400121,"Rubber: natural (excluding latex), in smoked sheets",S06,0.5,0230,baja,cadena,1.0,,1286715124.0
400122,"Rubber: technically specified natural rubber (TSNR), in primary forms or in plates, sheets or strip (excluding latex and smoked sheets)",S02,0.5,0129,baja,cadena,1.0,,10397825485.666666
400122,"Rubber: technically specified natural rubber (TSNR), in primary forms or in plates, sheets or strip (excluding latex and smoked sheets)",S06,0.5,0230,baja,cadena,1.0,,10397825485.666666
400129,"Rubber: natural (excluding latex, technically specified natural rubber and smoked sheets), in primary forms or in plates, sheets or strip",S02,0.5,0129,baja,cadena,1.0,,1128926254.6666667
400129,"Rubber: natural (excluding latex, technically specified natural rubber and smoked sheets), in primary forms or in plates, sheets or strip",S06,0.5,0230,baja,cadena,1.0,,1128926254.6666667
400130,"Balata, gutta-percha, guayule, chicle and similar natural gums: in primary forms or in plates, sheets or strip",S06,1.0,0230,alta,cadena,1.0,,22320712.333333332
400211,"Rubber: synthetic, styrene-butadiene rubber (SBR) and carboxylated styrene-butadiene rubber (XSBR) latex, in primary forms or in plates, sheets or strip",S29,1.0,2013,alta,cadena,1.0,,1146015527.3333333
400219,"Rubber: synthetic, styrene-butadiene rubber (SBR) and carboxylated styrene-butadiene rubber (XSBR), (other than latex), in primary forms or in plates, sheets or strip",S29,1.0,2013,alta,cadena,1.0,,5891394018.0
400220,"Rubber: synthetic, butadiene rubber (BR), in primary forms or in plates, sheets or strip",S29,1.0,2013,alta,cadena,1.0,,3515980314.0
400231,"Rubber: synthetic, isobutene-isoprene (butyl) rubber (IIR), in primary forms or in plates, sheets or strip",S29,1.0,2013,alta,cadena,1.0,,599490476.3333334
400239,"Rubber: synthetic, halo-isobutene-isoprene rubber (CIIR or BIIR), in primary forms or in plates, sheets or strip",S29,1.0,2013,alta,cadena,1.0,,1714244705.6666667
400241,"Rubber: synthetic, chloroprene (chlorobutadiene) rubber (CR), latex, in primary forms or in plates, sheets or strip",S29,1.0,2013,alta,cadena,1.0,,174043812.33333334
400249,"Rubber: synthetic, chloroprene (chlorobutadiene) rubber (CR), (other than latex), in primary forms or in plates, sheets or strip",S29,1.0,2013,alta,cadena,1.0,,731174823.3333334
400251,"Rubber: synthetic, acrylonitrile-butadiene rubber (NBR), latex, in primary forms or in plates, sheets or strip",S29,1.0,2013,alta,cadena,1.0,,863006088.6666666
400259,"Rubber: synthetic, acrylonitrile-butadiene rubber (NBR), (other than latex), in primary forms or in plates, sheets or strip",S29,1.0,2013,alta,cadena,1.0,,1159062967.6666667
400260,"Rubber: synthetic, isoprene rubber (IR), in primary forms or in plates, sheets or strip",S29,1.0,2013,alta,cadena,1.0,,846726319.3333334
400270,"Rubber: synthetic, ethylene-propylene-non-conjugated diene rubber (EPDM), in primary forms or in plates, sheets or strip",S29,1.0,2013,alta,cadena,1.0,,2145237398.0
400280,"Rubber: mixtures of natural and synthetic rubbers of heading no. 4001 and 4002, in primary forms or in plates, sheets or strip",S29,1.0,2013,alta,cadena,1.0,,5526776976.333333
400291,"Rubber: n.e.s. in chapter 40, latex, in primary forms or in plates, sheets or strip",S29,1.0,2013,alta,cadena,1.0,,232482306.66666666
400299,"Rubber: n.e.s. in chapter 40, (other than latex), in primary forms or in plates, sheets or strip",S29,1.0,2013,alta,cadena,1.0,,1863656516.3333333
400300,"Rubber: reclaimed rubber, in primary forms or in plates, sheets or strip",S47,1.0,3830,alta,cadena,1.0,,439966998.3333333
400400,"Rubber: waste, parings and scrap of rubber (other than hard rubber) and powders and granules obtained therefrom",S47,1.0,3830,media,regla_residuos,1.0,,313632257.3333333
400510,"Rubber: unvulcanised, compounded with carbon black or silica, in primary forms or in plates, sheets or strip",S32,1.0,2219,alta,cadena,1.0,,3916784140.0
400520,"Rubber: unvulcanised, compounded, solutions and dispersions other than those of item no. 4005.10",S32,1.0,2219,alta,cadena,1.0,,217923237.0
400591,"Rubber: unvulcanised, (compounded other than with carbon black or silica), in plates, sheets and strip",S32,1.0,2219,alta,cadena,1.0,,1078287549.0
400599,"Rubber: unvulcanised, (compounded other than with carbon black or silica), in primary forms, (other than plates, sheets, strip, solutions or dispersions)",S32,1.0,2219,alta,cadena,1.0,,1047743008.0
400610,"Rubber: unvulcanised, ""camel-back"" strips for retreading rubber tyres",S32,1.0,2211,alta,cadena,1.0,,73625915.66666667
400690,"Rubber: unvulcanised, other than ""camel back"" strips for retreading rubber tyres",S32,1.0,2219,alta,cadena,1.0,,365015381.0
400700,"Rubber: vulcanised, thread and cord",S32,1.0,2219,alta,cadena,1.0,,672696159.3333334
400811,"Rubber: vulcanised (other than hard rubber), in plates, sheets and strip of cellular rubber",S32,1.0,2219,alta,cadena,1.0,,999174022.0
400819,"Rubber: vulcanised (other than hard rubber), cellular rubber, (other than in plates, sheets or strip)",S32,1.0,2219,alta,cadena,1.0,,223607808.33333334
400821,"Rubber: vulcanised (other than hard rubber), in plates, sheets and strip, of non-cellular rubber",S32,1.0,2219,alta,cadena,1.0,,2286929351.0
400829,"Rubber: vulcanised (other than hard rubber), non-cellular rubber, in forms other than plates, sheets or strip",S32,1.0,2219,alta,cadena,1.0,,1089646659.6666667
400910,"Rubber: vulcanised (other than hard rubber), tubes, pipes and hoses, not reinforced or otherwise combined with other materials, without fittings",S32,1.0,2219,alta,cadena,1.0,,1096497053.3333333
400920,"Rubber: vulcanised (other than hard rubber), tubes, pipes and hoses, reinforced or otherwise combined only with metal, without fittings",S32,1.0,2219,alta,cadena,1.0,,1884403102.3333333
400930,"Rubber: vulcanised (other than hard rubber), tubes, pipes and hoses, reinforced or otherwise combined only with textile materials, without fittings",S32,1.0,2219,alta,cadena,1.0,,2187830971.6666665
400940,"Rubber: vulcanised (other than hard rubber), tubes, pipes and hoses, reinforced or otherwise combined with materials other than metal or textile materials, without fittings",S32,1.0,2219,alta,cadena,1.0,,920603672.6666666
400950,"Rubber: vulcanised (other than hard rubber), tubes, pipes and hoses, with fittings",S32,1.0,2219,alta,cadena,1.0,,5280607045.333333
401010,"Rubber: vulcanised, conveyor or transmission belts or belting of trapezoidal cross-section (v-belts and v-belting)",S32,1.0,2219,alta,cadena,0.9999999999999999,,2061479930.3333333
401091,"Rubber: vulcanised, conveyor or transmission belts or belting, of a width exceeding 20cm",S32,1.0,2219,alta,cadena,0.9999999999999998,,2535920278.0
401099,"Rubber: vulcanised, conveyor or transmission belts or belting, of a width 20cm or less",S32,1.0,2219,alta,cadena,0.9999999999999998,,1645657332.6666667
401110,"Rubber: new pneumatic tyres, of a kind used on motor cars (including station wagons and racing cars)",S32,1.0,2211,alta,cadena,1.0,,45833591803.666664
401120,"Rubber: new pneumatic tyres, of a kind used on buses or lorries",S32,1.0,2211,alta,cadena,1.0,,28686995655.333332
401130,"Rubber: new pneumatic tyres, of a kind used on aircraft",S32,1.0,2211,alta,cadena,1.0,,927621090.6666666
401140,"Rubber: new pneumatic tyres, of a kind used on motorcycles",S32,1.0,2211,alta,cadena,1.0,,2174569291.3333335
401150,"Rubber: new pneumatic tyres, of a kind used on bicycles",S32,1.0,2211,alta,cadena,1.0,,991355503.3333334
401191,"Rubber: new pneumatic tyres, having a ""herring bone"" or similar tread",S32,1.0,2211,alta,cadena,1.0,,4903088239.666667
401199,"Rubber: new pneumatic tyres, (other than ""herring bone"" or similar tread)",S32,1.0,2211,alta,cadena,1.0,,7738680382.333333
401210,Rubber: retreaded tyres,S32,1.0,2211,alta,cadena,1.0001,,703286317.0
401220,Rubber: used pneumatic tyres,S47,1.0,3830,media,regla_residuos,1.0,,523291976.0
401290,Rubber: tyres n.e.s. in heading no. 4012,S32,1.0,2211,alta,cadena,1.0,,1566295777.3333333
401310,"Rubber: inner tubes, of a kind used on motorcars (including station wagons and racing cars), buses and lorries",S32,1.0,2211,alta,cadena,1.0,,356822052.0
401320,"Rubber: inner tubes, of a kind used on bicycles",S32,1.0,2211,alta,cadena,1.0,,330373044.6666667
401390,"Rubber: inner tubes, n.e.s. in heading no. 4013",S32,1.0,2211,alta,cadena,1.0,,504909785.0
401410,"Rubber: vulcanised (other than hard rubber), sheath contraceptives",S32,1.0,2219,alta,cadena,1.0,,690672557.3333334
401490,"Rubber: vulcanised (other than hard rubber), hygienic or pharmaceutical articles (excluding sheath contraceptives), with or without fittings of hard rubber",S32,1.0,2219,alta,cadena,1.0,,595930015.3333334
401511,"Rubber: vulcanised (other than hard rubber), surgical gloves",S32,0.6924,2219,media,cadena,1.0,,974136425.0
401511,"Rubber: vulcanised (other than hard rubber), surgical gloves",S47,0.3076,3830,media,regla_residuos,1.0,,974136425.0
401519,"Rubber: vulcanised (other than hard rubber), gloves other than surgical gloves",S32,1.0,2219,alta,cadena,1.0,,7874849411.0
401590,"Rubber: vulcanised (other than hard rubber), articles of apparel and clothing accessories (other than gloves)",S32,1.0,2219,alta,cadena,1.0,,308408771.3333333
401610,"Rubber: vulcanised (other than hard rubber), moulded rubber mats and mats of non-rectangular shape made by cutting from the piece, of cellular rubber",S32,1.0,2219,alta,cadena,1.0,,944386092.0
401691,"Rubber: vulcanised (other than hard rubber), floor coverings and mats, of non-cellular rubber",S32,1.0,2219,alta,cadena,1.0,,1074902867.3333333
401692,"Rubber: vulcanised (other than hard rubber), erasers, of non-cellular rubber",S32,1.0,2219,alta,cadena,1.0,,213327472.33333334
401693,"Rubber: vulcanised (other than hard rubber), gaskets, washers and other seals, of non-cellular rubber",S32,1.0,2219,alta,cadena,1.0,,12216963140.333334
401694,"Rubber: vulcanised (other than hard rubber), boat or dock fenders, whether or not inflatable, of non-cellular rubber",S32,1.0,2219,alta,cadena,1.0,,193973620.66666666
401695,"Rubber: vulcanised (other than hard rubber), inflatable articles (other than boat or dock fenders), of non-cellular rubber",S32,1.0,2219,alta,cadena,1.0,,696753347.6666666
401699,"Rubber: vulcanised (other than hard rubber), articles n.e.s. in heading no. 4016, of non-cellular rubber",S32,1.0,2219,alta,cadena,1.0,,14235536832.0
401700,"Rubber: ebonite and other hard rubbers in all forms, including waste and scrap, and articles of hard rubber",S32,1.0,2219,alta,cadena,1.0,,283747757.3333333
410110,"Hides and skins: raw, whole, of bovine animals, weight per skin not exceeding 8kg when simply dried, 10kg when dry-salted or 14kg when fresh, wet-salted or otherwise preserved",S09,1.0,1010,alta,cadena,1.0,,106605623.0
410121,"Hides and skins: raw, whole, of bovine animals, fresh or wet-salted, weight per skin exceeding 14kg",S09,1.0,1010,alta,cadena,1.0,,2221314851.6666665
410122,"Hides and skins: raw, of bovine animals, fresh or wet-salted, butts and bends",S09,1.0,1010,alta,cadena,1.0,,
410129,"Hides and skins: raw, of bovine animals, fresh or wet-salted, other than whole, but not butts or bends",S09,1.0,1010,alta,cadena,1.0,,16701245.0
410130,"Hides and skins: raw, of bovine animals, preserved in ways n.e.s. in heading no. 4101",S09,1.0,1010,alta,cadena,1.0,,
410140,"Hides and skins: raw, of equine animals, fresh or salted, dried, limed, pickled or otherwise preserved (excluding tanned, parchment-dressed or further prepared), whether or not dehaired or split",S09,1.0,1010,alta,cadena,1.0,,
410210,"Skins: raw, of sheep or lambs, fresh, or salted, dried, limed, pickled or otherwise preserved, (but not tanned, parchment-dressed or further prepared), with wool on",S09,1.0,1010,alta,cadena,1.0,,291037812.3333333
410221,"Skins: raw, of sheep or lambs, pickled (but not tanned, parchment-dressed or further preserved), without wool on",S09,1.0,1010,alta,cadena,1.0,,66108105.333333336
410229,"Skins: raw, of sheep or lambs, fresh or salted, dried, limed or otherwise preserved other than by pickling, (but not tanned, parchment-dressed or further preserved), without wool on",S09,1.0,1010,alta,cadena,1.0,,11874290.333333334
410310,"Hides and skins: raw, of goats or kids (fresh or salted, dried, limed, pickled or otherwise preserved, but not tanned, parchment-dressed or further prepared), whether or not dehaired or split",S09,1.0,1010,alta,cadena,1.0,,4492743.666666667
410320,"Hides and skins: raw, of reptiles (fresh or salted, dried, limed, pickled or otherwise preserved, but not tanned, parchment-dressed or further prepared), whether or not dehaired or split",S09,1.0,1010,alta,cadena,1.0,,286479264.0
410390,"Hides and skins: raw, of animals n.e.s. in this chapter, fresh, salted, dried, limed, pickled or otherwise preserved, (but not tanned, parchment-dressed or further prepared), whether or not dehaired or split (not furskins)",S09,1.0,1010,alta,cadena,1.0,,128870283.33333333
410410,"Leather: whole bovine skin, without hair on, of a unit surface area not exceeding 28 square feet (2.6m2), excluding leather of heading no. 4108 and 4109",S23,1.0,1511,alta,cadena,1.0,,2586424913.6666665
410421,"Leather: bovine, without hair on, vegetable pre-tanned, (but not further prepared), whether or not split, excluding leather of heading no. 4108 and 4109",S23,0.9961,1511,alta,cadena,1.0,,
410421,"Leather: bovine, without hair on, vegetable pre-tanned, (but not further prepared), whether or not split, excluding leather of heading no. 4108 and 4109",S09,0.0039,1010,alta,cadena,1.0,,
410422,"Leather: bovine, without hair on, pre-tanned, (not vegetable pre-tanned), but not further prepared, whether or not split, excluding leather of heading no. 4108 and 4109",S23,0.7119,1511,media,cadena,1.0,,1931714296.0
410422,"Leather: bovine, without hair on, pre-tanned, (not vegetable pre-tanned), but not further prepared, whether or not split, excluding leather of heading no. 4108 and 4109",S09,0.2881,1010,media,cadena,1.0,,1931714296.0
410429,"Leather: bovine and equine n.e.s. in heading no. 4104, without hair on, tanned or retanned but not further prepared, whether or not split, excluding leather of heading no. 4108 and 4109",S23,0.624062406240624,1511,media,cadena,0.9999,,266684435.0
410429,"Leather: bovine and equine n.e.s. in heading no. 4104, without hair on, tanned or retanned but not further prepared, whether or not split, excluding leather of heading no. 4108 and 4109",S09,0.37593759375937597,1010,media,cadena,0.9999,,266684435.0
410431,"Leather: bovine and equine, without hair on, parchment-dressed or prepared after tanning, full grains and grain splits, excluding leather of heading no. 4108 and 4109",S23,1.0,1511,alta,cadena,1.0001,,3111893443.3333335
410439,"Leather: bovine and equine, without hair on,( excluding full grains and grain splits), parchment-dressed or prepared after tanning excluding leather of heading no. 4108 and 4109",S23,1.0,1511,alta,cadena,1.0,,2398840450.0
410511,"Leather: of sheep or lamb, without wool on, tanned or retanned (but not further prepared), vegetable pre-tanned, whether or not split, excluding leather of heading no. 4108 and 4109",S09,1.0,1010,alta,cadena,1.0,,14983673.666666666
410512,"Leather: of sheep or lamb, without wool on, tanned or retanned (but not further prepared), pre-tanned (not vegetable pre-tanned), whether or not split, excluding leather of heading no. 4108 and 4109",S09,0.5547,1010,baja,cadena,1.0,,79460502.66666667
410512,"Leather: of sheep or lamb, without wool on, tanned or retanned (but not further prepared), pre-tanned (not vegetable pre-tanned), whether or not split, excluding leather of heading no. 4108 and 4109",S23,0.4453,1511,baja,cadena,1.0,,79460502.66666667
410519,"Leather: of sheep or lamb, without wool on, tanned or retanned (but not further prepared), whether or not split, n.e.s. in heading no. 4105 (not pre-tanned), excluding leather of heading no. 4108 and 4109",S23,1.0,1511,alta,cadena,1.0,,129614693.66666667
410520,"Leather: of sheep or lamb, without wool on, parchment-dressed or prepared after tanning, excluding leather of heading no. 4108 and 4109",S23,1.0,1511,alta,cadena,1.0,,527414892.6666667
410611,"Leather: goat or kid skin, without hair on, vegetable pre-tanned but not further prepared, whether or not split, excluding leather of heading no. 4108 and 4109",S23,1.0,1511,alta,cadena,1.0,,13197851.666666666
410612,"Leather: goat or kid skin, without hair on, pre-tanned (not vegetable pre-tanned) not further prepared, whether or not split, excluding leather of heading no. 4108 and 4109",S23,0.6453,1511,media,cadena,1.0,,16233351.333333334
410612,"Leather: goat or kid skin, without hair on, pre-tanned (not vegetable pre-tanned) not further prepared, whether or not split, excluding leather of heading no. 4108 and 4109",S09,0.3547,1010,media,cadena,1.0,,16233351.333333334
410619,"Leather: goat or kid skin, without hair on, tanned or retanned but not further prepared, whether or not split, n.e.s. in heading no. 4106 (not pre-tanned), excluding leather of heading no. 4108 and 4109",S23,1.0,1511,alta,cadena,1.0,,11021136.333333334
410620,"Leather: goat or kid skin, without hair on, parchment-dressed or prepared after tanning excluding leather of heading no. 4108 and 4109",S23,1.0,1511,alta,cadena,1.0,,276359697.3333333
410710,"Leather: of swine, without hair on, excluding leather of heading no. 4108 or 4109",S23,0.9495,1511,media,cadena,1.0,,189351474.33333334
410710,"Leather: of swine, without hair on, excluding leather of heading no. 4108 or 4109",S09,0.0505,1010,media,cadena,1.0,,189351474.33333334
410721,"Leather: of reptiles, without hair on, vegetable pre-tanned, excluding leather of heading no. 4108 or 4109",S23,0.9196,1511,media,cadena,1.0,,14835199.333333334
410721,"Leather: of reptiles, without hair on, vegetable pre-tanned, excluding leather of heading no. 4108 or 4109",S09,0.0804,1010,media,cadena,1.0,,14835199.333333334
410729,"Leather: of reptiles, without hair on, other than vegetable pre-tanned, excluding leather of heading no. 4108 or 4109",S23,1.0,1511,alta,cadena,1.0,,238893243.0
410790,"Leather: of animals n.e.s. in chapter 41, without hair on, excluding leather of heading no. 4108 or 4109",S23,0.7196,1511,media,cadena,1.0,,220560088.66666666
410790,"Leather: of animals n.e.s. in chapter 41, without hair on, excluding leather of heading no. 4108 or 4109",S09,0.2804,1010,media,cadena,1.0,,220560088.66666666
410800,Leather: chamois (including combination chamois) leather,S23,1.0,1511,alta,cadena,1.0,,128402611.33333333
410900,"Leather: patent and patent laminated leather, metallised leather",S23,1.0,1511,alta,cadena,1.0,,276576465.0
411000,"Leather or composition leather: parings and other waste (not suitable for the manufacture of leather articles), leather dust, powder and flour",S47,1.0,3830,media,regla_residuos,1.0,,24532252.666666668
411100,"Leather: composition leather, with a basis of leather or leather fibres, in slabs, sheets or strip, whether or not in rolls",S23,1.0,1511,alta,cadena,1.0,,187061818.66666666
420100,"Saddlery and harness: for any animal (including traces, leads, knee pads, muzzles, saddle cloths, saddle bags, dog coats and the like), of any materials",S23,1.0,1512,alta,cadena,1.0,,2463519766.0
420211,"Cases and containers: trunks, suit-cases, vanity-cases, executive-cases, brief-cases, school satchels and similar containers, with outer surface of leather, of composition leather or of patent leather",S23,1.0,1512,alta,cadena,1.0,,1125028406.6666667
420212,"Cases and containers: trunks, suit-cases, vanity-cases, executive-cases, brief-cases, school satchels and similar containers, with outer surface of plastics or of textile materials",S23,1.0,1512,alta,cadena,1.0,,15655975674.0
420219,"Cases and containers: trunks, suit-cases, vanity-cases, executive-cases, brief-cases, school satchels and similar containers, with outer surface of vulcanised fibre or of paperboard",S23,1.0,1512,alta,cadena,1.0,,567541067.0
420221,"Cases and containers: handbags (whether or not with shoulder strap and including those without handle), with outer surface of leather, of composition leather or of patent leather",S23,1.0,1512,alta,cadena,1.0,,17430304239.0
420222,"Cases and containers: handbags (whether or not with shoulder strap and including those without handle), with outer surface of plastic sheeting or of textile materials",S23,1.0,1512,alta,cadena,1.0,,16157169323.666666
420229,"Cases and containers: handbags (whether or not with shoulder strap and including those without handle), with outer surface of vulcanised fibre or of paperboard",S23,1.0,1512,alta,cadena,1.0,,1034163370.0
420231,"Cases and containers: of a kind normally carried in the pocket or in the handbag, with outer surface of leather or composition leather or of patent leather",S23,1.0,1512,alta,cadena,1.0,,3552394969.0
420232,"Cases and containers: of a kind normally carried in the pocket or in the handbag, with outer surface of plastic sheeting or of textile materials",S23,1.0,1512,alta,cadena,1.0,,4021954682.3333335
420239,"Cases and containers: of a kind normally carried in the pocket or in the handbag, with outer surface of vulcanised fibre or paperboard",S23,1.0,1512,alta,cadena,1.0,,238472667.33333334
420291,"Cases and containers: with outer surface of leather, of composition leather or of patent leather, n.e.s. in heading no. 4202",S23,1.0,1512,alta,cadena,1.0,,1862211066.6666667
420292,"Cases and containers: with outer surface of plastic sheeting or of textile materials, n.e.s. in heading no. 4202",S23,1.0,1512,alta,cadena,1.0,,18439444655.0
420299,"Cases and containers: with outer surface of vulcanised fibre or paperboard, n.e.s. in heading no. 4202",S23,1.0,1512,alta,cadena,1.0,,1096058832.6666667
420310,"Apparel: articles of apparel, of leather or of composition leather",S22,1.0,1410,alta,cadena,1.0,,2455715349.3333335
420321,"Clothing accessories: gloves, mittens and mitts, specially designed for use in sports, of leather or composition leather, padded",S43,1.0,3230,alta,cadena,1.0,,582683783.3333334
420329,"Clothing accessories: gloves, mittens and mitts, n.e.s. in heading no. 4203, of leather or composition leather, not specially designed for use in sports",S22,1.0,1410,alta,cadena,1.0,,1309706959.6666667
420330,"Clothing accessories: belts and bandoliers, of leather or of composition leather",S22,1.0,1410,alta,cadena,1.0,,2417451815.0
420340,"Clothing accessories: of leather or of composition leather, n.e.s. in heading no. 4203",S22,1.0,1410,alta,cadena,1.0,,184897064.0
420400,"Leather articles: of a kind used in machinery, mechanical appliances or for other technical uses, of leather or composition leather",S23,1.0,1512,alta,cadena,1.0,,96655936.66666667
420500,"Leather articles: n.e.s. in chapter 42, of leather or composition leather",S23,1.0,1512,alta,cadena,1.0,,2324037603.0
420610,Gut articles: catgut,S43,1.0,3290,alta,cadena,1.0,,33871713.0
420690,"Gut articles: (other than silk-worm or catgut), of goldbeater's skin, bladders or tendons",S43,1.0,3290,alta,cadena,1.0,,7250276.666666667
430110,"Furskins: raw, of mink, whole, with or without head, tail or paws",S09,1.0,1010,alta,cadena,1.0,,661033637.6666666
430120,"Furskins: raw, of rabbit or hare, whole, with or without head, tail or paws",S09,1.0,1010,alta,cadena,1.0,,4529408.666666667
430130,"Furskins: raw, of Astrakhan, Broadtail, Caracul, Persian and similar lamb, Indian, Chinese, Mongolian or Tibetan lamb, whole, with or without head, tail or paws",S09,1.0,1010,alta,cadena,1.0,,2101590.3333333335
430140,"Furskins: raw, of beaver, whole, with or without head, tail or paws",S09,1.0,1010,alta,cadena,1.0,,13446537.666666666
430150,"Furskins: raw, of musk-rat, whole, with or without head, tail or paws",S09,1.0,1010,alta,cadena,1.0,,7942787.0
430160,"Furskins: raw, of fox, whole, with or without head, tail or paws",S09,1.0,1010,alta,cadena,1.0,,65582949.333333336
430170,"Furskins: raw, of seal, whole, with or without head, tail or paws",S09,1.0,1010,alta,cadena,1.0,,11527056.333333334
430180,"Furskins: raw, of animals n.e.s. in heading no. 4301, whole, with or without head, tail or paws (excluding goods of heading no. 4101, 4102 and 4103)",S09,1.0,1010,alta,cadena,1.0,,32085747.333333332
430190,"Furskins: raw, heads, tails, paws and other pieces or cuttings, suitable for furrier's use, excluding goods of heading no. 4101, 4102 and 4103",S09,1.0,1010,alta,cadena,1.0,,2191293.3333333335
430211,"Furskins: tanned or dressed, of mink, whole, with or without head, tail or paws, not assembled",S23,1.0,1511,alta,cadena,1.0,,574597777.6666666
430212,"Furskins: tanned or dressed, of rabbit or hare, whole, with or without head, tail or paws, not assembled",S23,1.0,1511,alta,cadena,1.0,,48453109.0
430213,"Furskins: tanned or dressed, Astrakhan, Broadtail, Caracul, Persian and similar lamb, Indian, Chinese, Mongolian or Tibetan lamb, whole, with or without head, tail or paws, not assembled",S23,1.0,1511,alta,cadena,1.0,,70310899.0
430219,"Furskins: tanned or dressed, whole, with or without head, tail or paws, not assembled, n.e.s. in heading no. 4302, excluding goods or heading no. 4303",S23,1.0,1511,alta,cadena,1.0,,322305991.6666667
430220,"Furskins: tanned or dressed, heads, tails, paws and other pieces or cuttings, not assembled, excluding goods of heading no. 4303",S23,1.0,1511,alta,cadena,1.0,,11499843.333333334
430230,"Furskins: tanned or dressed, whole skins and pieces or cuttings thereof, assembled, excluding goods of heading no. 4303",S23,1.0,1511,alta,cadena,1.0,,29243490.333333332
430310,Furskin articles: apparel and clothing accessories,S22,1.0,1420,alta,cadena,1.0,,1638680862.3333333
430390,Furskin articles: other than apparel and clothing accessories,S22,1.0,1420,alta,cadena,1.0,,244018345.0
430400,"Fur, artificial: articles thereof",S22,1.0,1420,alta,cadena,1.0,,124624227.33333333
440110,"Wood: for fuel, in logs, billets, twigs, faggots or similar forms",S06,1.0,0220,alta,cadena,1.0,,651373867.6666666
440121,"Wood: in chips or particles, coniferous",S24,1.0,1610,alta,cadena,1.0,,1007722226.0
440122,"Wood: in chips or particles, non-coniferous",S24,1.0,1610,alta,cadena,1.0,,4096986316.3333335
440130,"Wood: sawdust, waste and scrap, whether or not agglomerated in logs, briquettes, pellets or similar forms",S47,1.0,3830,media,regla_residuos,1.0,,6581852525.333333
440200,"Wood: charcoal (including shell or nut charcoal), whether or not agglomerated",S06,0.5,0220,baja,cadena,1.0,,1454896062.3333333
440200,"Wood: charcoal (including shell or nut charcoal), whether or not agglomerated",S29,0.5,2011,baja,cadena,1.0,,1454896062.3333333
440310,"Wood: in the rough, whether or not stripped of bark or sapwood, or roughly squared: treated with paint, stains, creosote or other preservatives",S24,1.0,1610,alta,cadena,1.0,,597420255.3333334
440320,"Wood: coniferous, in the rough, whether or not stripped of bark or sapwood, or roughly squared, untreated",S06,1.0,"0210,0220",alta,cadena,1.0,,6546230560.333333
440331,"Wood: dark red meranti, light red meranti, meranti bakau: in the rough, whether or not stripped of bark or sapwood, or roughly squared, untreated",S06,1.0,"0210,0220",alta,cadena,1.0,,27224624.666666668
440332,"Wood: white lauan, white meranti, white seraya, yellow meranti, alan: in the rough, whether or not stripped of bark or sapwood, or roughly squared, untreated",S06,1.0,"0210,0220",alta,cadena,1.0,,674645730.0
440333,"Wood: keruing, ramin, kapur, teak, jongkong, merbau, jelutong, and kempas: in the rough, whether or not stripped of bark or sapwood, or roughly squared, untreated",S06,1.0,"0210,0220",alta,cadena,1.0,,100528221.33333333
440334,"Wood: okoume, obeche, sapelli, sipo, acajou d'afrique, makore, iroko: in the rough, whether or not stripped of bark or sapwood, or roughly squared, untreated",S06,1.0,"0210,0220",alta,cadena,1.0,,
440335,"Wood: tiama, mansonia, ilomba, dibetou, limba, azobe: in the rough, whether or not stripped of bark or sapwood, or roughly squared, untreated",S06,1.0,"0210,0220",alta,cadena,1.0,,
440391,"Wood: oak, in the rough, whether or not stripped of bark or sapwood, or roughly squared, untreated",S06,1.0,"0210,0220",alta,cadena,1.0,,809200304.3333334
440392,"Wood: beech, in the rough, whether or not stripped of bark or sapwood, or roughly squared, untreated",S06,1.0,"0210,0220",alta,cadena,1.0,,285859890.0
440399,"Wood: in the rough, whether or not stripped of bark or sapwood, or roughly squared, untreated, n.e.s. in heading no. 4403",S06,1.0,"0210,0220",alta,cadena,1.0000000000000002,,2751446169.0
440410,"Wood: coniferous, split poles, piles, pickets, stakes, pointed but not sawn lengthwise: sticks for umbrellas, tool handles etc, roughly trimmed but not turned or bent: chipwood etc, hoopwood",S24,1.0,1610,alta,cadena,1.0,,163096843.33333334
440420,"Wood: non-coniferous, split poles, piles, pickets, stakes, pointed but not sawn lengthwise: sticks for umbrellas, tool handles etc, roughly trimmed but not turned or bent: chipwood etc, hoopwood",S24,1.0,1610,alta,cadena,1.0,,90868809.0
440500,Wood: wood wool and wood flour,S24,1.0,1610,alta,cadena,1.0,,84634559.33333333
440610,"Wood: railway or tramway sleepers (cross-ties), not impregnated",S24,1.0,1610,alta,cadena,1.0,,123989724.66666667
440690,"Wood: railway or tramway sleepers (cross-ties), impregnated",S24,1.0,1610,alta,cadena,1.0,,238886884.66666666
440710,"Wood, coniferous: sawn or chipped lengthwise, sliced or peeled, whether or not planed, sanded or finger-jointed, of a thickness exceeding 6mm",S24,1.0,1610,alta,cadena,1.0,,29380130306.0
440721,"Wood: meranti, lauan, seraya, alan, keruing, ramin, kapur, jelutong, teak, jongkong, merbau, kempas: sawn or chipped lengthwise, sliced or peeled, thicker than 6mm",S24,1.0,1610,alta,cadena,0.9999999999999998,,430642604.3333333
440722,"Wood: okoume, obeche, sapelli, sipo, acajou d'afrique, makore, iroko, tiama, mansonia, ilomba, dibetou, limba, azobe: sawn or chipped lengthwise, sliced or peeled, thicker than 6mm",S24,1.0,1610,alta,cadena,1.0,,810456686.0
440723,"Wood: baboen, mahogany (swietenia spp.), imbuia and balsa: sawn or chipped lengthwise, sliced or peeled, whether or not planed, sanded or finger jointed, thicker than 6mm",S24,1.0,1610,alta,cadena,1.0,,272285250.3333333
440791,"Wood: oak, sawn or chipped lengthwise, sliced or peeled, whether or not planed, sanded or finger-jointed, thicker than 6mm",S24,1.0,1610,alta,cadena,1.0,,2157100897.6666665
440792,"Wood: beech, sawn or chipped lengthwise, sliced or peeled, whether or not planed, sanded or finger-jointed, thicker than 6mm",S24,1.0,1610,alta,cadena,1.0,,898206494.0
440799,"Wood: sawn or chipped lengthwise, sliced or peeled, whether or not planed, sanded or finger-jointed, thicker than 6mm, n.e.s. in heading no. 4407",S24,1.0,1610,alta,cadena,1.0000892921898086,,5199645386.666667
440810,"Wood: coniferous, sheets for veneer or plywood, other wood sawn lengthwise, sliced or peeled, whether or not planed, sanded or finger-jointed, not thicker than 6mm",S24,1.0,1621,alta,cadena,1.0,,558201847.6666666
440820,"Wood: meranti, lauan, limba, okoume, obeche, acajou d'afrique, sipo, sapelli, baboen, mahogany, palissandre du bresil, bois de rose: veneer, plywood sheets, other wood, not thicker than 6mm",S24,1.0,1621,alta,cadena,1.0,,315220099.3333333
440890,"Wood: n.e.s. in heading no. 4408, sheets for veneer or plywood, other wood sawn lengthwise, sliced or peeled, whether or not planed, sanded or finger-jointed, not thicker than 6mm",S24,1.0,1621,alta,cadena,0.9999999999999999,,3271515908.0
440910,"Wood: coniferous (including unassembled strips and friezes for parquet flooring), continuously shaped along any edge or face, whether or not planed, sanded or finger-jointed",S24,1.0,1610,alta,cadena,1.0,,2253910268.0
440920,"Wood: non-coniferous (including unassembled strips and friezes for parquet flooring), continuously shaped along any face or edge, whether or not planed, sanded or finger-jointed",S24,1.0,1610,alta,cadena,1.0,,2549929391.6666665
441010,"Wood: particle and similar board of wood, whether or not agglomerated with resins or other organic binding substances",S24,1.0,1621,alta,cadena,1.0,,10353696435.0
441090,"Particle board and similar board: of ligneous materials other than wood, whether or not agglomerated with resins or other organic binding substances",S24,1.0,1621,alta,cadena,1.0,,282347735.0
441111,"Wood: fibreboard of a density exceeding 0.8g/cm3, of wood or other ligneous materials, bonded or not with resins or other organic substances, not mechanically worked or surface covered",S24,1.0,1621,alta,cadena,1.0,,817331447.0
441119,"Wood: fibreboard of a density exceeding 0.8g/cm3, of wood or other ligneous materials, bonded or not with resins or other organic substances, mechanically worked or surface covered",S24,1.0,1621,alta,cadena,1.0,,4382360387.333333
441121,"Wood: fibreboard of a density exceeding 0.5g/cm3 but not 0.8g/cm3, of wood or other ligneous materials, bonded or not with resins or other organic substances, not mechanically worked or surface covered",S24,1.0,1621,alta,cadena,1.0,,3346809939.3333335
441129,"Wood: fibreboard of a density exceeding 0.5g/cm3 but not 0.8g/cm3, of wood or other ligneous materials, bonded or not with resins or other organic substances, mechanically worked or surface covered",S24,1.0,1621,alta,cadena,1.0,,1157180508.3333333
441131,"Wood: fibreboard of a density exceeding 0.35g/cm3 but not 0.5g/cm3, of wood or other ligneous materials, bonded or not with resins or other organic substances, not mechanically worked or surface covered",S24,1.0,1621,alta,cadena,1.0,,75491060.0
441139,"Wood: fibreboard of a density exceeding 0.35g/cm3 but not 0.5g/cm3, of wood or other ligneous materials, bonded or not with resins or other organic substances, mechanically worked or surface covered",S24,1.0,1621,alta,cadena,0.9999999999999999,,1179303312.3333333
441191,"Wood: fibreboard of wood or other ligneous materials, not mechanically worked or surface coloured, whether or not bonded with resins or other organic substances, n.e.s. in heading no. 4411",S24,1.0,1621,alta,cadena,1.0,,111078783.66666667
441199,"Wood: fibreboard of wood or other ligneous materials, mechanically worked or surface coloured, whether or not bonded with resins or other organic substances, n.e.s. in heading no. 4411",S24,1.0,1621,alta,cadena,1.0,,222070555.0
441211,"Plywood: wood only, each ply 6mm or thinner at least one outer ply of meranti, lauan, sipo, limba, okoume, acajou d'afrique, pallissandre du bresil, sapelli, obeche, baboen, mahogany, or bois de rose",S24,1.0,1621,alta,cadena,1.0,,1695988313.6666667
441212,"Plywood: wood only, each ply 6mm or thinner at least one outer ply of non-coniferous wood n.e.s. in item no. 4412.11",S24,1.0,1621,alta,cadena,1.0,,8655564148.666666
441219,"Plywood: consisting only of wood, each ply not thicker than 6mm, with at least one outer ply of wood n.e.s. in item no. 4412.11 and 4412.12",S24,1.0,1621,alta,cadena,1.0,,2808836638.6666665
441221,"Plywood: containing at least one layer of particle board, with at least one outer ply of non-coniferous wood",S24,1.0,1621,alta,cadena,1.0,,256040679.33333334
441229,"Plywood: with at least one outer ply of non-coniferous wood, not containing particle board",S24,1.0,1621,alta,cadena,1.0,,2119615599.6666667
441291,"Plywood: not containing an outer layer of non-coniferous wood, but containing at least one layer of particle board",S24,1.0,1621,alta,cadena,0.9999999999999999,,31675422.666666668
441299,"Plywood: not containing an outer layer of non-coniferous wood, not containing a layer of particle board",S24,1.0,1621,alta,cadena,0.9999999999999998,,1037588104.0
441300,"Wood: densified wood, in blocks, plates, strips or profile shapes",S24,1.0,1621,alta,cadena,1.0,,476008453.6666667
441400,"Wooden frames: for paintings, photographs, mirrors or similar objects",S24,1.0,1629,alta,cadena,1.0,,900444565.3333334
441510,"Wood: cases, boxes, crates, drums, similar packings and cable-drums",S24,1.0,1623,alta,cadena,1.0,,1103870741.6666667
441520,"Wood: pallets, box pallets and other load boards",S24,1.0,1623,alta,cadena,1.0,,4049545994.6666665
441600,"Wood: casks, barrels, vats, tubs and other coopers' products and parts thereof, of wood, including staves",S24,1.0,1623,alta,cadena,1.0,,1187692113.6666667
441700,"Wood: tools, tool bodies, tool handles, broom or brush bodies and handles, boot and shoe lasts and trees, of wood",S24,1.0,1629,alta,cadena,1.0,,380273799.6666667
441810,"Wood: windows, French-windows and their frames",S24,1.0,1622,alta,cadena,1.0,,2206335821.0
441820,Wood: doors and their frames and thresholds,S24,1.0,1622,alta,cadena,1.0,,4112390639.6666665
441830,Wood: parquet panels,S24,1.0,1622,alta,cadena,1.0,,2108546685.3333333
441840,Wood: shuttering for concrete constructional work,S24,1.0,1622,alta,cadena,1.0,,459779541.6666667
441850,Wood: shingles and shakes,S24,1.0,1622,alta,cadena,1.0,,335519690.0
441890,Wood: builders' joinery and carpentry of wood n.e.s. in heading no. 4418,S24,1.0,1622,alta,cadena,0.9999,,6354637281.666667
441900,Wood: table and kitchenware,S24,1.0,1629,alta,cadena,1.0,,2048770726.0
442010,Wood: statuettes and other ornaments of wood,S24,1.0,1629,alta,cadena,1.0,,1012328108.6666666
442090,"Wood: marquetry and inlaid wood, caskets and cases for jewellery or cutlery and similar articles of wood, wooden articles of furniture not falling in chapter 94",S24,1.0,1629,alta,cadena,1.0,,1011539932.0
442110,Wood: clothes hangers,S24,1.0,1629,alta,cadena,1.0,,373627106.0
442190,Wood: articles of wood n.e.s. in heading no. 4414 to 4420 (excluding clothes hangers),S24,1.0,"1623,1629",alta,cadena,0.9999999999999999,,7751224339.333333
450110,"Cork: natural cork, raw or simply prepared",S06,1.0,0230,alta,cadena,1.0,,118393439.66666667
450190,"Cork: waste cork, crushed, granulated or ground cork",S24,1.0,1629,alta,cadena,1.0,,175832570.66666666
450200,"Cork: natural cork, debacked or roughly squared, or in rectangular (including square) blocks, plates, sheets or strip, (including sharp-edged blanks for corks or stoppers)",S24,1.0,1629,alta,cadena,1.0,,52978145.666666664
450310,"Cork: corks and stoppers, of natural cork",S24,1.0,1629,alta,cadena,1.0,,546900031.6666666
450390,Cork: articles of natural cork other than corks and stoppers,S24,1.0,1629,alta,cadena,1.0,,73789267.33333333
450410,"Cork: blocks, plates, sheets and strip, tiles of any shape, solid cylinders (including discs), of agglomerated cork (with or without a binding substance)",S24,1.0,1629,alta,cadena,1.0,,912362012.0
450490,"Cork: articles of agglomerated cork (with or without a binding substance), n.e.s. in heading no. 4504",S24,1.0,1629,alta,cadena,1.0,,172301584.33333334
460110,"Plaiting materials: plaits and similar products of plaiting materials, whether or not assembled into strips",S24,1.0,1629,alta,cadena,1.0,,35801794.333333336
460120,"Plaiting materials: mats, matting and screens, of vegetable materials",S24,1.0,1629,alta,cadena,1.0,,278149136.3333333
460191,Plaiting materials: products of vegetable materials n.e.s. in heading no. 4601,S24,1.0,1629,alta,cadena,1.0,,87672837.66666667
460199,Plaiting materials: products of non-vegetable materials n.e.s. in heading no. 4601,S24,1.0,1629,alta,cadena,1.0,,143109568.66666666
460210,"Basketwork, wickerwork and other articles: of vegetable materials, made directly to shape from plaiting materials or made up from goods of heading no. 4601: articles of loofah",S24,1.0,1629,alta,cadena,1.0,,1749328657.3333333
460290,"Basketwork, wickerwork and other articles: of non-vegetable materials, made directly to shape from plaiting materials or made up from goods of heading no. 4601",S24,1.0,1629,alta,cadena,1.0,,602577608.6666666
470100,Wood pulp: mechanical wood pulp,S26,1.0,1701,alta,cadena,1.0,,259148871.66666666
470200,"Wood pulp: chemical wood pulp, dissolving grades",S26,1.0,1701,alta,cadena,1.0,,5973706423.0
470311,"Wood pulp: chemical wood pulp, soda or sulphate, (other than dissolving grades), unbleached, of coniferous wood",S26,1.0,1701,alta,cadena,1.0,,1527055985.3333333
470319,"Wood pulp: chemical wood pulp, soda or sulphate, (other than dissolving grades), unbleached, of non-coniferous wood",S26,1.0,1701,alta,cadena,1.0,,65604349.333333336
470321,"Wood pulp: chemical wood pulp, soda or sulphate, (other than dissolving grades), semi-bleached or bleached, of coniferous wood",S26,1.0,1701,alta,cadena,1.0,,16829254465.0
470329,"Wood pulp: chemical wood pulp, soda or sulphate, (other than dissolving grades), semi-bleached or bleached, of non-coniferous wood",S26,1.0,1701,alta,cadena,1.0,,17551654642.333332
470411,"Wood pulp: chemical wood pulp, sulphite, (other than dissolving grades), unbleached, of coniferous wood",S26,1.0,1701,alta,cadena,1.0,,16883019.0
470419,"Wood pulp: chemical wood pulp, sulphite, (other than dissolving grades), unbleached, of non-coniferous wood",S26,1.0,1701,alta,cadena,1.0,,973527.6666666666
470421,"Wood pulp: chemical wood pulp, sulphite, (other than dissolving grades), semi-bleached or bleached, of coniferous wood",S26,1.0,1701,alta,cadena,1.0,,369113466.0
470429,"Wood pulp: chemical wood pulp, sulphite, (other than dissolving grades), semi-bleached or bleached, of non-coniferous wood",S26,1.0,1701,alta,cadena,1.0,,174770306.33333334
470500,Wood pulp: semi-chemical,S26,1.0,1701,alta,cadena,1.0,,1888574219.0
470610,Pulp: cotton linters pulp,S26,1.0,1701,alta,cadena,1.0,,376564742.0
470691,"Pulp: of fibrous cellulosic material (other than wood or cotton linters pulp), mechanical",S26,1.0,1701,alta,cadena,1.0,,363478586.3333333
470692,"Pulp: of fibrous cellulosic material (other than wood or cotton linters pulp), chemical",S26,1.0,1701,alta,cadena,1.0,,985309884.0
470693,"Pulp: of fibrous cellulosic material (other than wood or cotton linters pulp), semi-chemical",S26,1.0,1701,alta,cadena,1.0000000000000002,,498664816.6666667
470710,"Paper or paperboard: waste and scrap, of unbleached kraft paper or paperboard or of corrugated paper or paperboard",S47,1.0,3830,media,regla_residuos,1.0,,4189936132.6666665
470720,"Paper or paperboard: waste and scrap, of paper or paperboard made mainly of bleached chemical pulp, not coloured in the mass",S47,1.0,3830,media,regla_residuos,1.0,,902540719.6666666
470730,"Paper or paperboard: waste and scrap, of paper or paperboard made mainly of mechanical pulp (eg newspapers, journals and similar printed matter)",S47,1.0,3830,media,regla_residuos,1.0,,830083464.6666666
470790,"Paper or paperboard: waste and scrap, of paper or paperboard n.e.s. in heading no. 4707 and of unsorted waste and scrap",S47,1.0,3830,media,regla_residuos,1.0,,1613519412.0
480100,Newsprint: in rolls or sheets,S26,1.0,1701,alta,cadena,1.0,,3910847508.6666665
480210,Paper and paperboard: hand-made,S26,1.0,1701,alta,cadena,1.0,,125282204.0
480220,"Paper and paperboard: uncoated, of a kind used as a base for photo-sensitive, heat-sensitive or electro-sensitive paper or paperboard, in rolls or sheets",S26,1.0,1701,alta,cadena,1.0,,124230712.33333333
480230,"Paper and paperboard: carbonising base paper, uncoated, of a kind used for writing, printing and other graphic purposes, in rolls or sheets",S26,1.0,1701,alta,cadena,1.0,,89364124.66666667
480240,"Paper and paperboard: wallpaper base, uncoated, in rolls or sheets",S26,1.0,1701,alta,cadena,1.0,,106585271.0
480251,"Paper and paperboard: uncoated, containing no, or not more than 10% by weight of fibres obtained by mechanical process, weighing less than 40g/m2, in rolls or sheets",S26,1.0,1701,alta,cadena,1.0,,125836480.66666667
480252,"Paper and paperboard: uncoated, containing no, or not more than 10% by weight of fibres obtained by mechanical process, weighing 40g/m2 or more but not more than 150g/m2, in rolls or sheets",S26,1.0,1701,alta,cadena,0.9999999999999998,,8210135193.666667
480253,"Paper and paperboard: uncoated, containing no, or not more than 10% by weight of fibres obtained by mechanical process, weighing more than 150g/m2, in rolls or sheets",S26,1.0,1701,alta,cadena,1.0,,883945020.6666666
480260,"Paper and paperboard: uncoated, with more than 10% by weight of the total fibre content obtained by a mechanical process, in rolls or sheets",S26,1.0,1701,alta,cadena,1.0000000000000002,,2715101556.6666665
480300,"Tissue, towel, napkin stock or similar: for household or sanitary use, cellulose, wadding webs of cellulose fibres, in rolls exceeding 36cm in width or rectangular sheets with one side more than 36cm in unfolded state",S26,1.0,1701,alta,cadena,1.0,,5017982023.0
480411,"Kraft paper and paperboard: kraftliner, uncoated, unbleached, in rolls or sheets, other than that of heading no. 4802 or 4803",S26,1.0,"1701,1709",alta,cadena,1.0,,5295995755.333333
480419,"Kraft paper and paperboard: kraftliner, uncoated, bleached, in rolls or sheets, other than that of heading no. 4802 or 4803",S26,1.0,"1701,1709",alta,cadena,1.0,,2308829165.3333335
480421,"Kraft paper and paperboard: sack kraft paper, uncoated, unbleached, in rolls or sheets, other than that of heading no. 4802 or 4803",S26,1.0,1701,alta,cadena,1.0,,2216593328.0
480429,"Kraft paper and paperboard: sack kraft paper, uncoated, bleached, in rolls or sheets, other than that of heading no. 4802 or 4803",S26,1.0,"1701,1709",alta,cadena,1.0,,597897852.3333334
480431,"Kraft paper and paperboard: uncoated, unbleached, weight 150g/m2 or less, in rolls or sheets, other than that of heading no. 4802 or 4803",S26,1.0,1701,alta,cadena,1.0,,1390901587.0
480439,"Kraft paper and paperboard: uncoated, bleached, weight 150g/m2 or less, in rolls or sheets, other than that of heading no. 4802 or 4803",S26,1.0,1701,alta,cadena,1.0,,1717972336.6666667
480441,"Kraft paper and paperboard: uncoated, unbleached, weight more than 150g/m2 but less than 225g/m2, in rolls or sheets, other than that of heading no. 4802 or 4803",S26,1.0,"1701,1709",alta,cadena,1.0,,426127951.0
480442,"Kraft paper and paperboard: uncoated, weight between 150 and 225g/m2, bleached uniformly throughout, more than 95% of total fibre content consists of chemically processed wood fibres, in rolls or sheets",S26,1.0,"1701,1709",alta,cadena,1.0,,254198904.66666666
480449,"Kraft paper and paperboard: uncoated, weight more than 150g/m2 but less than 225g/m2, in rolls or sheets, n.e.s. in item no. 4804.4, other than that of heading no. 4802 or 4803",S26,1.0,1701,alta,cadena,1.0,,68857749.66666667
480451,"Kraft paper and paperboard: uncoated, unbleached, weight 225g/m2 or more, in rolls or sheets, other than that of heading no. 4802 or 4803",S26,1.0,1701,alta,cadena,1.0,,323467287.3333333
480452,"Kraft paper and paperboard: uncoated, weight 225g/m2 or more, bleached uniformly throughout, more than 95% of total fibre content consists of chemically processed wood fibres, in rolls or sheets",S26,1.0,"1701,1709",alta,cadena,1.0,,606774064.6666666
480459,"Kraft paper and paperboard: uncoated, weight 225g/m2 or more, in rolls or sheets, n.e.s. in item no. 4804.5, other than that of heading no. 4802 or 4803",S26,1.0,"1701,1709",alta,cadena,1.0,,157197814.66666666
480510,"Paper and paperboard: semi-chemical fluting paper (corrugating medium), uncoated, in rolls or sheets",S26,1.0,"1701,1709",alta,cadena,1.0,,1395112240.3333333
480521,"Paper and paperboard: uncoated, multi-ply, each layer bleached, in rolls or sheets",S26,1.0,1701,alta,cadena,1.0,,763184011.6666666
480522,"Paper and paperboard: uncoated, multi-ply, with only one outer layer bleached, in rolls or sheets",S26,1.0,"1701,1709",alta,cadena,1.0,,2619568707.3333335
480523,"Paper and paperboard: uncoated, multi-ply, having three or more layers with only the two outer layers bleached, in rolls or sheets",S26,1.0,"1701,1709",alta,cadena,1.0,,1267439468.6666667
480529,"Paper and paperboard: uncoated, multi-ply, in rolls or sheets, n.e.s. in item no. 4805.2",S26,1.0,1701,alta,cadena,1.0,,2120179418.6666667
480530,"Paper and paperboard: sulphite wrapping paper, uncoated, in rolls or sheets",S26,1.0,"1701,1709",alta,cadena,1.0,,168735172.0
480540,"Paper and paperboard: filter paper and paperboard, uncoated, in rolls or sheets",S26,1.0,"1701,1709",alta,cadena,1.0,,351022226.6666667
480550,"Paper and paperboard: felt paper and paperboard, uncoated, in rolls or sheets",S26,1.0,"1701,1709",alta,cadena,1.0,,53429452.333333336
480560,"Paper and paperboard: uncoated, weight 150g/m2 or less, in rolls or sheets, n.e.s. in heading no. 4805",S26,1.0,1701,alta,cadena,1.0,,5635844934.666667
480570,"Paper and paperboard: uncoated, weight between 150 and 225 g/m2, in rolls or sheets, n.e.s. in heading no. 4805",S26,1.0,1701,alta,cadena,0.9999,,1851951325.0
480580,"Paper and paperboard: uncoated, weight 225/m2 or more, in rolls or sheets, n.e.s. in heading no. 4805",S26,1.0,1701,alta,cadena,1.0,,2390211279.0
480610,"Paper: vegetable parchment, in rolls or sheets",S26,1.0,"1701,1709",alta,cadena,1.0,,175947148.0
480620,"Paper: greaseproof papers, in rolls or sheets",S26,1.0,"1701,1709",alta,cadena,1.0,,736869487.6666666
480630,"Paper: tracing papers, in rolls or sheets",S26,1.0,"1701,1709",alta,cadena,1.0,,97630245.66666667
480640,"Paper: glassine and other glazed transparent or translucent papers, in rolls or sheets",S26,1.0,1701,alta,cadena,1.0,,1320893754.3333333
480710,"Paper and paperboard: composite, laminated internally with bitumen, tar or asphalt, not surface coated or impregnated, whether or not internally reinforced, in rolls or sheets",S26,1.0,1701,alta,cadena,1.0,,30521168.333333332
480791,"Paper and paperboard: straw paper and paperboard, not surface-coated or impregnated, internally reinforced or not, whether or not covered with paper other than straw paper, in rolls or sheets",S26,1.0,"1701,1709",alta,cadena,1.0,,31894946.333333332
480799,"Paper and paperboard: composite, not surface-coated or impregnated, whether or not internally reinforced, in rolls or sheets, n.e.s. in heading no. 4807",S26,1.0,"1701,1709",alta,cadena,1.0,,854446657.0
480810,"Paper and paperboard: corrugated (with or without glued flat surface sheets), whether or not perforated, in rolls or sheets, other than that of heading no. 4803 or 4818",S26,1.0,"1702,1709",alta,cadena,1.0,,1652362331.0
480820,"Paper and paperboard: sack kraft paper, creped or crinkled, whether or not embossed or perforated, in rolls or sheets, other than that of heading no. 4803 or 4818",S26,1.0,1701,alta,cadena,1.0,,40267436.666666664
480830,"Paper and paperboard: kraft paper (other than sack), creped or crinkled, whether or not embossed or perforated, in rolls or sheets, other than that of heading no. 4803 or 4818",S26,1.0,"1701,1709",alta,cadena,1.0,,130693905.0
480890,"Paper and paperboard: (other than kraft paper), whether or not embossed or perforated, in rolls or sheets, other than that of heading no. 4803 or 4818",S26,1.0,1701,alta,cadena,1.0,,373483424.3333333
480910,"Paper: carbon and similar copying papers, whether or not printed, in rolls exceeding 36cm wide or in rectangular sheets with at least one side exceeding 36cm in unfolded state",S26,1.0,1701,alta,cadena,1.0,,156255222.33333334
480920,"Paper: self-copy paper, whether or not printed, in rolls exceeding 36cm wide or in rectangular sheets with at least one side exceeding 36cm in unfolded state",S26,1.0,1701,alta,cadena,1.0,,403349562.0
480990,"Paper: copying and transfer paper (including coated or impregnated paper for duplicator stencils or offset plates), whether or not printed, in rolls exceeding 36cm wide or rectangular sheets with a side exceeding 36cm",S26,1.0,1701,alta,cadena,1.0,,342398545.6666667
481011,"Paper and paperboard: coated with inorganic substances only, having 10% or less of mechanically processed fibres, weight 150g/m2 or less, for writing, printing or other graphic purposes, in rolls or sheets",S26,1.0,1701,alta,cadena,0.9999,,3912006607.6666665
481012,"Paper and paperboard: coated with inorganic substances only, having 10% or less of mechanically processed fibres, weight more than 150g/m2, for writing, printing or other graphic purposes, in rolls or sheets",S26,1.0,1701,alta,cadena,1.0,,3153376007.0
481021,"Paper and paperboard: light-weight coated paper, coated with kaolin or other inorganic substances only, having more than 10% of mechanically processed fibres, for writing, printing or other graphic purposes, in rolls or sheets",S26,1.0,1701,alta,cadena,1.0,,1829313158.3333333
481029,"Paper and paperboard: coated with kaolin or other inorganic substances only, having more than 10% of mechanically processed fibres, (excluding light-weight paper), for writing, printing or other graphic purposes, in rolls or sheets",S26,1.0,1701,alta,cadena,1.0,,2530482760.0
481031,"Kraft paper and paperboard: uniformly bleached throughout, coated with inorganic substances, more than 95% of chemically processed wood fibres, weight 150g/m2 or less, for non-graphic purposes, in rolls or sheets",S26,1.0,1701,alta,cadena,1.0,,217642404.33333334
481032,"Kraft paper and paperboard: uniformly bleached throughout, coated with inorganic substances, more than 95% of chemically processed wood fibres, weight more than 150g/m2, for non-graphic purposes, in rolls or sheets",S26,1.0,1701,alta,cadena,1.0,,759622611.0
481039,"Kraft paper and paperboard: coated with kaolin or other inorganic substances only, for non-graphic purposes, n.e.s. in item no. 4810.31 and 4810.32, in rolls or sheets",S26,1.0,1701,alta,cadena,1.0,,780558154.3333334
481091,"Paper and paperboard: multi-ply, coated with kaolin or other inorganic substances only, for non-graphic purposes, n.e.s. in heading no. 4810, in rolls or sheets",S26,1.0,1701,alta,cadena,1.0,,9916020556.333334
481099,"Paper and paperboard: coated with inorganic substances only, whether or not surface-coloured, surface-decorated or printed, n.e.s. in heading no. 4810, in rolls or sheets",S26,1.0,1701,alta,cadena,1.0,,575474907.6666666
481110,"Paper and paperboard: tarred, bituminised or asphalted, in rolls or sheets, other than goods of heading no. 4803, 4809, 4810 or 4818",S26,1.0,1701,alta,cadena,1.0,,55980647.0
481121,"Paper and paperboard: self-adhesive, in rolls or sheets, other than goods of heading no. 4803, 4809, 4810 or 4818",S26,1.0,1701,alta,cadena,1.0,,4236396256.0
481129,"Paper and paperboard: gummed or adhesive paper and paperboard (excluding self-adhesive), in rolls or sheets, other than goods of heading no. 4803, 4809, 4810 or 4818",S26,1.0,1701,alta,cadena,1.0,,444125727.0
481131,"Paper and paperboard: coated, impregnated or covered with plastics (excluding adhesives), bleached, weighing more than 150g/m2, other than goods of heading no. 4803, 4809, 4810 or 4818",S26,1.0,1701,alta,cadena,1.0,,2961912232.6666665
481139,"Paper and paperboard: coated, impregnated or covered with plastics (excluding adhesives), other than bleached and weighing more than 150g/m2, not goods of heading no. 4803, 4809, 4810 or 4818",S26,1.0,1701,alta,cadena,1.0,,6423196842.0
481140,"Paper and paperboard: coated or impregnated with wax, paraffin wax, stearin, oil or glycerol, other than goods of heading no. 4803, 4809, 4810 or 4818",S26,1.0,1701,alta,cadena,1.0,,521379107.3333333
481190,"Paper, paperboard, cellulose wadding and webs of soft cellulose fibres: coated, impregnated, covered, surface-decorated or surface-coloured, n.e.s. in chapter 48, in rolls or sheets",S26,0.9999999972230738,1701,alta,cadena,0.9999999999999999,,4421985639.333333
481190,"Paper, paperboard, cellulose wadding and webs of soft cellulose fibres: coated, impregnated, covered, surface-decorated or surface-coloured, n.e.s. in chapter 48, in rolls or sheets",S30,1.3884631470389181e-09,2029,alta,cadena,0.9999999999999999,,4421985639.333333
481190,"Paper, paperboard, cellulose wadding and webs of soft cellulose fibres: coated, impregnated, covered, surface-decorated or surface-coloured, n.e.s. in chapter 48, in rolls or sheets",S43,1.3884631470389181e-09,3250,alta,cadena,0.9999999999999999,,4421985639.333333
481200,"Paper pulp: filter blocks, slabs and plates of paper pulp",S26,1.0,1709,alta,cadena,1.0,,236921501.66666666
481310,"Paper, cigarette: in the form of booklets or tubes",S26,1.0,1709,alta,cadena,1.0,,890076551.3333334
481320,"Paper, cigarette: in rolls of a width not exceeding 5cm",S26,1.0,1709,alta,cadena,1.0,,670785646.0
481390,"Paper, cigarette: (other than in rolls of a width not exceeding 5cm, or in booklets or tubes)",S26,1.0,1701,alta,cadena,1.0,,709030857.3333334
481410,"Wallpaper and similar wall coverings: ""ingrain"" paper",S26,1.0,1709,alta,cadena,1.0,,59035358.0
481420,"Wallpaper and similar wall coverings: coated or covered on the face side, with a grained, embossed, coloured, design-printed or otherwise decorated layer of plastics",S26,1.0,1709,alta,cadena,1.0,,1155244506.3333333
481430,"Wallpaper and similar wall coverings: consisting of paper covered on the face side with plaiting material, whether or not bound together in parallel strands or woven",S26,1.0,1709,alta,cadena,1.0,,23936161.0
481490,"Wallpaper and similar wall coverings and window transparencies: of paper, n.e.s. in heading no. 4814",S26,1.0,1709,alta,cadena,1.0,,200852621.33333334
481500,"Floor coverings: on a base of paper or of paperboard, whether or not cut to size",S26,1.0,1701,alta,cadena,1.0,,210428196.33333334
481610,"Carbon paper: carbon or similar copying papers (other than those of heading no. 4809), whether or not put in boxes",S26,1.0,1709,alta,cadena,1.0,,260020617.33333334
481620,"Paper: self-copy paper (other than those of heading no. 4809), whether or not put up in boxes",S26,1.0,1709,alta,cadena,1.0,,174713374.66666666
481630,"Paper: duplicator stencils (other than those of heading no. 4809), whether or not put up in boxes",S26,1.0,1709,alta,cadena,1.0,,
481690,"Paper: carbon paper and other copying or transfer papers (other than those of heading no. 4809), n.e.s. in item no. 4816.10, 4816.20 or 4816.30",S26,1.0,1709,alta,cadena,1.0,,12219463.666666666
481710,Paper and paperboard: envelopes,S26,1.0,1709,alta,cadena,1.0,,817268157.3333334
481720,"Paper and paperboard: letter cards, plain postcards and correspondence cards",S26,1.0,1709,alta,cadena,1.0,,49309328.0
481730,"Paper and paperboard: boxes, pouches, wallets and writing compendiums containing an assortment of paper stationery",S26,1.0,1709,alta,cadena,1.0,,223148510.0
481810,Paper: toilet paper,S26,1.0,1709,alta,cadena,1.0,,4527913133.333333
481820,"Paper articles: handkerchiefs, cleansing or facial tissues and towels",S26,1.0,1709,alta,cadena,1.0,,5554893066.666667
481830,"Paper articles: tablecloths and serviettes, of paper, cellulose wadding or fibres",S26,1.0,1709,alta,cadena,1.0,,1337488994.0
481840,"Paper articles: sanitary towels and tampons, napkins and napkin liners for babies and similar sanitary articles",S26,1.0,1709,alta,cadena,1.0,,14964426763.0
481850,"Paper articles: apparel and clothing accessories of paper, cellulose wadding or fibres",S26,1.0,1709,alta,cadena,1.0,,131593981.0
481890,"Paper articles: articles of paper, cellulose wadding or fibres n.e.s. in heading no. 4818",S26,1.0,1709,alta,cadena,1.0,,1823860131.3333333
481910,"Paper and paperboard: cartons, boxes and cases, of corrugated paper or paperboard",S26,1.0,1702,alta,cadena,1.0,,10205077147.333334
481920,"Paper and paperboard: folding cartons, boxes and cases, of non-corrugated paper or paperboard",S26,1.0,1702,alta,cadena,1.0,,9894402186.0
481930,"Paper and paperboard: sacks and bags of paper, paperboard, cellulose wadding or fibres, having a base of a width of 40cm or more",S26,1.0,1702,alta,cadena,1.0,,1174155903.0
481940,"Paper and paperboard: sacks and bags, including cones, of paper, paperboard, cellulose wadding or fibres, having a base width less than 40cm",S26,1.0,1702,alta,cadena,1.0,,5337927388.666667
481950,"Paper and paperboard: packing containers, including record sleeves, of paper, paperboard, cellulose wadding or fibres, n.e.s. in heading no. 4819",S26,1.0,1702,alta,cadena,1.0,,2583095366.6666665
481960,"Paper and paperboard: box files, letter trays, storage boxes and similar articles, used in offices, shops or the like of paper, paperboard, cellulose wadding or webs of cellulose fibres",S26,1.0,1702,alta,cadena,1.0,,394136335.0
482010,"Paper and paperboard: registers, account books, note books, order books, receipt books, letter pads, memorandum pads, diaries and similar articles",S26,1.0,1709,alta,cadena,1.0,,3046053561.0
482020,Paper and paperboard: exercise books,S26,1.0,1709,alta,cadena,1.0,,674924914.6666666
482030,"Paper and paperboard: binders, folders and file covers",S26,1.0,1709,alta,cadena,1.0,,592558230.6666666
482040,Paper and paperboard: manifold business forms and interleaved carbon sets,S26,1.0,1709,alta,cadena,1.0,,55134171.0
482050,Paper and paperboard: albums for samples or for collections,S26,1.0,1709,alta,cadena,1.0,,264357038.0
482090,Paper or paperboard: stationery n.e.s. in heading no. 4820,S26,1.0,1709,alta,cadena,1.0,,271627879.0
482110,"Paper and paperboard: labels or all kinds, printed",S26,1.0,1709,alta,cadena,1.0,,3975951528.0
482190,"Paper and paperboard: labels of all kinds, unprinted",S26,1.0,1709,alta,cadena,1.0,,1308024709.6666667
482210,"Paper pulp, paper or paperboard: bobbins, spools, cops and similar supports, of a kind used for winding textile yarn (whether or not perforated or hardened)",S26,1.0,1709,alta,cadena,1.0,,76755605.0
482290,"Paper pulp, paper or paperboard: bobbins, spools, cops and similar supports, other than of a kind used for winding textile yarn (whether or not perforated or hardened)",S26,1.0,1709,alta,cadena,1.0,,450787707.3333333
482311,"Paper and paperboard: self-adhesive paper, in strips or rolls",S26,1.0,"1701,1709",alta,cadena,1.00008066,,1509354803.0
482319,"Paper and paperboard: gummed or adhesive paper, in strips or rolls, other than self-adhesive paper",S26,1.0,"1701,1709",alta,cadena,1.0,,426706420.0
482320,Paper and paperboard: filter paper and paperboard,S26,1.0,1709,alta,cadena,1.0,,935112524.6666666
482330,"Paper and paperboard: cards, not punched, for punch card machines, whether or not in strips",S26,1.0,"1701,1709",alta,cadena,1.0,,
482340,"Paper and paperboard: rolls, sheets and dials, printed for self-recording apparatus",S26,1.0,"1701,1709",alta,cadena,1.0,,335979411.3333333
482351,"Paper and paperboard: of a kind used for writing, printing or other graphic purposes, printed, embossed or perforated, n.e.s. in heading no. 4823",S26,1.0,"1701,1709",alta,cadena,1.0,,448223671.3333333
482359,"Paper and paperboard: of a kind used for writing, printing or other graphic purposes, (not printed, embossed or perforated), n.e.s. in heading no. 4823",S26,1.0,1701,alta,cadena,0.9998999999999999,,4280607566.0
482360,"Paper and paperboard: trays, dishes, plates, cups and the like",S26,1.0,1709,alta,cadena,1.0,,4034851846.6666665
482370,Paper pulp: moulded or pressed articles or paper pulp,S26,1.0,1709,alta,cadena,1.0,,1624946637.6666667
482390,"Paper, paperboard, cellulose wadding or fibres: articles n.e.s. in heading no. 4823",S26,0.8206318557592279,"1701,1709",media,cadena,1.0,,3451487211.6666665
482390,"Paper, paperboard, cellulose wadding or fibres: articles n.e.s. in heading no. 4823",S30,0.08968407212038605,2029,media,cadena,1.0,,3451487211.6666665
482390,"Paper, paperboard, cellulose wadding or fibres: articles n.e.s. in heading no. 4823",S43,0.08968407212038605,3250,media,cadena,1.0,,3451487211.6666665
490110,"Printed matter: in single sheets, whether or not folded",S58,1.0,"5811,5812",alta,cadena,0.9999999999999999,,2321731341.6666665
490191,"Printed matter: dictionaries, encyclopaedias and serial instalments thereof",S58,1.0,5811,alta,cadena,1.0,,100176416.0
490199,"Printed matter: books, brochures, leaflets and similar printed matter n.e.s. in item no. 4901.10 or 4901.91",S58,1.0,"5811,5812",alta,cadena,0.9999999999999999,,11231420556.0
490210,"Newspapers, journals and periodicals: whether or not illustrated or containing advertising material, appearing at least four times a week",S58,1.0,5813,alta,cadena,1.0,,124153048.66666667
490290,"Newspapers, journals and periodicals: whether or not illustrated or containing advertising material, appearing less frequently than four times a week",S58,1.0,5813,alta,cadena,1.0,,1987086746.6666667
490300,"Printed matter: children's picture, drawing or colouring books",S58,1.0,5811,alta,cadena,1.0,,1110144225.6666667
490400,"Music: printed or in manuscript, whether or not bound or illustrated",S58,1.0,5920,alta,cadena,1.0,,75578522.66666667
490510,Globes: printed,S43,1.0,3290,alta,cadena,1.0,,63593471.666666664
490591,"Maps and hydrographic or similar charts: printed in book form, including atlases, topographical plans and similar",S58,1.0,5811,alta,cadena,1.0,,41081986.0
490599,"Maps and hydrographic or similar charts: (printed other than in book form), including wall maps, topographical plans and similar",S58,1.0,5811,alta,cadena,1.0,,25198973.0
490600,"Plans and drawings: for architectural, engineering, industrial, commercial, topographical or similar, being originals drawn by hand: hand-written texts: photo- graphic reproductions: their carbon copies",S61,1.0,7110,alta,cadena,1.0,,80209191.66666667
490700,"Unused postage, revenue or similar stamps of current or new issue in the country to which destined: stamp-impressed paper: cheque forms: banknotes, stock, share or bond certificates and the like",S53,0.5,5310,baja,cadena,1.0,,3445243253.3333335
490700,"Unused postage, revenue or similar stamps of current or new issue in the country to which destined: stamp-impressed paper: cheque forms: banknotes, stock, share or bond certificates and the like",S59,0.5,6411,baja,cadena,1.0,,3445243253.3333335
490810,"Printed matter: transfers (decalcomanias), vitrifiable",S58,1.0,5819,alta,cadena,1.0,,90931979.0
490890,"Printed matter: transfers (decalcomanias), other than vitrifiable",S58,1.0,5819,alta,cadena,1.0,,1050778077.3333334
490900,"Printed or illustrated postcards: printed cards bearing personal greetings, messages or announcements, whether or not illustrated, with or without envelopes or trimmings",S58,1.0,5819,alta,cadena,1.0,,888744949.6666666
491000,"Calendars: printed, of any kind, including calendar blocks",S58,1.0,5819,alta,cadena,1.0,,444023383.0
491110,"Printed matter: trade advertising material, commercial catalogues and the like",S58,1.0,5819,alta,cadena,1.0,,3416415931.0
491191,"Printed matter: pictures, designs and photographs, n.e.s. in item no. 4911.10",S58,1.0,5819,alta,cadena,1.0,,1748562252.0
491199,Printed matter: n.e.s. in heading no. 4911,S27,1.0,1811,alta,cadena,1.0,,4857059012.666667
500100,Silk: silk-worm cocoons suitable for reeling,S03,1.0,0149,alta,cadena,1.0,,4621395.0
500200,Silk: raw silk (not thrown),S21,1.0,1311,alta,cadena,1.0,,402442583.3333333
500310,"Silk: waste, not carded or combed (including cocoons unsuitable for reeling, yarn waste and garnetted stock)",S47,1.0,3830,media,regla_residuos,1.0,,41641116.333333336
500390,"Silk: waste, carded or combed (including cocoons unsuitable for reeling, yarn waste and garnetted stock)",S47,1.0,3830,media,regla_residuos,1.0,,69040559.0
500400,"Silk: yarn (other than yarn spun from silk waste), not put up for retail sale",S21,1.0,1311,alta,cadena,1.0,,263251380.66666666
500500,"Silk: yarn spun from silk waste, not put up for retail sale",S21,1.0,1311,alta,cadena,1.0,,94860635.0
500600,"Silk yarn and yarn spun from silk waste: put up for retail sale, and silk-worm gut",S21,1.0,1311,alta,cadena,1.0,,10100779.666666666
500710,Silk: woven fabrics of noil silk,S21,1.0,1312,alta,cadena,1.0,,14892484.0
500720,"Silk: woven fabrics, containing 85% or more by weight of silk or of silk waste other than noil silk",S21,1.0,1312,alta,cadena,1.0,,727913132.6666666
500790,Silk: woven fabrics n.e.s. in heading no. 5007,S21,1.0,1312,alta,cadena,1.0,,128469085.66666667
510111,"Wool: (not carded or combed), greasy (including fleece-washed wool), shorn",S03,1.0,0144,alta,cadena,1.0,,2212081254.6666665
510119,"Wool: (other than shorn), greasy (including fleece-washed wool), not carded or combed",S03,1.0,0144,alta,cadena,1.0,,109404339.66666667
510121,"Wool: (not carded or combed), degreased, (not carbonised), shorn",S21,1.0,1311,alta,cadena,1.0,,294719054.0
510129,"Wool: (not carded or combed), degreased, (not carbonised), (other than shorn)",S21,1.0,1311,alta,cadena,1.0,,66458905.0
510130,"Wool: (not carded or combed), carbonised",S21,1.0,1311,alta,cadena,1.0,,87002258.0
510210,"Hair: fine animal hair, not carded or combed",S03,1.0,"0141,0143,0144,0149,0170",alta,cadena,1.0,,381814939.3333333
510220,"Hair: coarse animal hair, not carded or combed",S03,1.0,0144,alta,cadena,1.0,,23254179.666666668
510310,"Wool and hair: noils of wool or of fine animal hair, including yarn waste, but excluding garnetted stock",S21,1.0,1311,alta,cadena,1.0,,50556703.666666664
510320,"Wool and hair: waste of wool or of fine animal hair, including yarn waste, but excluding garnetted stock and noils of wool or of fine animal hair",S47,1.0,3830,media,regla_residuos,1.0,,9802568.666666666
510330,"Wool and hair: waste of coarse animal hair, including yarn waste, but excluding garnetted stock",S47,1.0,3830,media,regla_residuos,1.0,,205364.66666666666
510400,Wool and hair: garnetted stock of wool or of fine or coarse animal hair,S47,1.0,3830,media,regla_residuos,1.0,,3529253.3333333335
510510,Wool: carded,S21,1.0,1311,alta,cadena,1.0,,39122512.666666664
510521,"Wool: wool tops and other combed wool, in fragments",S21,1.0,1311,alta,cadena,1.0,,24612226.0
510529,"Wool: wool tops and other combed wool, other than in fragments",S21,1.0,1311,alta,cadena,1.0,,1077243273.6666667
510530,"Hair: fine animal hair, carded or combed",S21,1.0,1311,alta,cadena,1.0,,613167280.6666666
510540,"Hair: coarse animal hair, carded or combed",S21,1.0,1311,alta,cadena,1.0,,4829031.666666667
510610,"Yarn: of carded wool, containing 85% or more by weight of wool, not put up for retail sale",S21,1.0,1311,alta,cadena,1.0,,298097686.3333333
510620,"Yarn: of carded wool, containing less than 85% by weight of wool, not put up for retail sale",S21,1.0,1311,alta,cadena,1.0,,209433937.66666666
510710,"Yarn: of combed wool, containing 85% or more by weight of wool, not put up for retail sale",S21,1.0,1311,alta,cadena,1.0,,932375062.3333334
510720,"Yarn: of combed wool, containing less than 85% by weight of wool, not put up for retail sale",S21,1.0,1311,alta,cadena,1.0,,287167027.0
510810,"Yarn: of fine animal hair, carded, not put up for retail sale",S21,1.0,1311,alta,cadena,1.0,,382373188.0
510820,"Yarn: of fine animal hair, combed, not put up for retail sale",S21,1.0,1311,alta,cadena,1.0,,193500072.66666666
510910,"Yarn: of wool or of fine animal hair, containing 85% or more by weight of wool or fine animal hair, put up for retail sale",S21,1.0,1311,alta,cadena,1.0,,197080930.66666666
510990,"Yarn: of wool or of fine animal hair, containing less than 85% by weight of wool or fine animal hair, put up for retail sale",S21,1.0,1311,alta,cadena,1.0,,240684157.33333334
511000,"Yarn: of coarse animal hair or of horsehair (including gimped horsehair yarn), whether or not put up for retail sale",S21,1.0,1311,alta,cadena,1.0,,3037348.3333333335
511111,"Fabrics, woven: of carded wool or of carded fine animal hair, containing 85% or more by weight of wool or of fine animal hair, of a weight not exceeding 300g/m2",S21,1.0,1312,alta,cadena,1.0,,111717574.66666667
511119,"Fabrics, woven: of carded wool or of carded fine animal hair, containing 85% or more by weight of wool or of fine animal hair, of a weight exceeding 300g/m2",S21,1.0,1312,alta,cadena,1.0,,258248446.66666666
511120,"Fabrics, woven: of carded wool or carded fine animal hair, containing less than 85% by weight of wool or fine animal hair, mixed mainly or solely with man-made filaments",S21,1.0,1312,alta,cadena,1.0,,32551460.333333332
511130,"Fabrics, woven: of carded wool or carded fine animal hair, containing less than 85% by weight of wool or fine animal hair, mixed mainly or solely with man-made staple fibres",S21,1.0,1312,alta,cadena,1.0,,433278379.0
511190,"Fabrics, woven: of carded wool or carded fine animal hair, containing less than 85% by weight of wool or fine animal hair, mixed mainly or solely with fibres n.e.s. in heading no. 5111",S21,1.0,1312,alta,cadena,1.0,,49081520.666666664
511211,"Fabrics, woven: of combed wool or combed fine animal hair, containing 85% or more by weight of wool or fine animal hair, of a weight not exceeding 200g/m2",S21,1.0,1312,alta,cadena,1.0,,842163752.3333334
511219,"Fabrics, woven: of combed wool or combed fine animal hair, containing 85% or more by weight of wool or fine animal hair, of a weight exceeding 200g/m2",S21,1.0,1312,alta,cadena,1.0,,467311083.6666667
511220,"Fabrics, woven: of combed wool or combed fine animal hair, containing less than 85% by weight of wool or fine animal hair, mixed mainly or solely with man-made filaments",S21,1.0,1312,alta,cadena,1.0,,46263498.666666664
511230,"Fabrics, woven: of combed wool or combed fine animal hair, containing less than 85% by weight of wool or fine animal hair, mixed mainly or solely with man-made staple fibres",S21,1.0,1312,alta,cadena,1.0,,274961588.6666667
511290,"Fabrics, woven: of combed wool or combed fine animal hair, containing less than 85% by weight of wool or fine animal hair, mixed mainly or solely with fibres n.e.s. in heading no. 5112",S21,1.0,1312,alta,cadena,1.0,,161132105.66666666
511300,"Fabrics, woven: of coarse animal hair or of horsehair",S21,1.0,1312,alta,cadena,1.0,,9413597.666666666
520100,Cotton: not carded or combed,S01,1.0,0116,alta,cadena,1.0,,17768299860.0
520210,Cotton: yarn waste (including thread waste),S47,1.0,3830,media,regla_residuos,1.0,,76313236.33333333
520291,Cotton: garnetted stock waste,S47,1.0,3830,media,regla_residuos,1.0,,70843733.33333333
520299,Cotton: waste other than garnetted stock and yarn (including thread) waste,S47,1.0,3830,media,regla_residuos,1.0,,307462275.0
520300,Cotton: carded or combed,S21,1.0,1311,alta,cadena,1.0,,459901638.6666667
520411,"Cotton: sewing thread, containing 85% or more by weight of cotton, not put up for retail sale",S21,1.0,1311,alta,cadena,1.0,,52161243.666666664
520419,"Cotton: sewing thread, containing less than 85% by weight of cotton, not put up for retail sale",S21,1.0,1311,alta,cadena,1.0,,29177315.333333332
520420,"Cotton: sewing thread, put up for retail sale",S21,1.0,1311,alta,cadena,1.0,,46397159.0
520511,"Cotton yarn: (not sewing thread), single, of uncombed fibres, 85% or more by weight of cotton, measuring 714.29 decitex or more, (not exceeding 14 metric number), not for retail sale",S21,1.0,1311,alta,cadena,1.0,,688959399.6666666
520512,"Cotton yarn: (not sewing thread), single, of uncombed fibres, 85% or more by weight of cotton, less than 714.29 but not less than 232.56 decitex (exceeding 14 but not exceeding 43 metric number), not for retail sale",S21,1.0,1311,alta,cadena,1.0,,3304471013.0
520513,"Cotton yarn: (not sewing thread), single, of uncombed fibres, 85% or more by weight of cotton, less than 232.56 but not less than 192.31 decitex (exceeding 43 but not exceeding 52 metric number), not for retail sale",S21,1.0,1311,alta,cadena,1.0,,1051945692.6666666
520514,"Cotton yarn: (not sewing thread), single, of uncombed fibres, 85% or more by weight of cotton, less than 192.31 but not less than 125 decitex (exceeding 52 but not exceeding 80 metric number), not for retail sale",S21,1.0,1311,alta,cadena,1.0,,588499870.3333334
520515,"Cotton yarn: (not sewing thread), single, of uncombed fibres, 85% or more by weight of cotton, measuring less than 125 decitex (exceeding 80 metric number), not for retail sale",S21,1.0,1311,alta,cadena,1.0,,4817118.0
520521,"Cotton yarn: (not sewing thread), single, of combed fibres, 85% or more by weight of cotton, measuring 714.29 decitex or more, (not exceeding 14 metric number), not for retail sale",S21,1.0,1311,alta,cadena,1.0,,49221858.333333336
520522,"Cotton yarn: (not sewing thread), single, of combed fibres, 85% or more by weight of cotton, less than 714.29 but not less than 232.56 decitex (exceeding 14 but not exceeding 43 metric number), not for retail sale",S21,1.0,1311,alta,cadena,1.0,,958403020.6666666
520523,"Cotton yarn: (not sewing thread), single, of combed fibres, 85% or more by weight of cotton, less than 232.56 but not less than 192.31 decitex (exceeding 43 but not exceeding 52 metric number), not for retail sale",S21,1.0,1311,alta,cadena,1.0,,1940583101.6666667
520524,"Cotton yarn: (not sewing thread), single, of combed fibres, 85% or more by weight of cotton, less than 192.31 but not less than 125 decitex (exceeding 52 but not exceeding 80 metric number), not for retail sale",S21,1.0,1311,alta,cadena,1.0,,1319947978.3333333
520525,"Cotton yarn: (not sewing thread), single, of combed fibres, 85% or more by weight of cotton, measuring less than 125 decitex (exceeding 80 metric number), not for retail sale",S21,1.0,1311,alta,cadena,0.9999999999999998,,626660991.0
520531,"Cotton yarn: (not sewing thread), multiple or cabled, of uncombed fibres, 85% or more by weight of cotton, 714.29 decitex or more (not exceeding 14 metric number) per single yarn, not for retail sale",S21,1.0,1311,alta,cadena,1.0,,29606331.666666668
520532,"Cotton yarn: (not sewing thread), multiple or cabled, of uncombed fibres, 85% or more by weight of cotton, 714.28 to 232.56 decitex (15 to 43 metric number) per single yarn, not for retail sale",S21,1.0,1311,alta,cadena,1.0,,233694798.66666666
520533,"Cotton yarn: (not sewing thread), multiple or cabled, of uncombed fibres, 85% or more by weight of cotton, 232.55 to 192.31 decitex (44 to 52 metric number) per single yarn, not for retail sale",S21,1.0,1311,alta,cadena,1.0,,62524568.666666664
520534,"Cotton yarn: (not sewing thread), multiple or cabled, of uncombed fibres, 85% or more by weight of cotton, 192.30 to 125 decitex (53 to 80 metric number) per single yarn, not for retail sale",S21,1.0,1311,alta,cadena,1.0,,71918097.66666667
520535,"Cotton yarn: (not sewing thread), multiple or cabled, of uncombed fibres, 85% or more by weight of cotton, less than 125 decitex (exceeding 80 metric number), per single yarn, not for retail sale",S21,1.0,1311,alta,cadena,1.0,,11369955.666666666
520541,"Cotton yarn: (not sewing thread), multiple or cabled, of combed fibres, 85% or more by weight of cotton, 714.29 decitex or more (not exceeding 14 metric number) per single yarn, not for retail sale",S21,1.0,1311,alta,cadena,1.0,,25203384.333333332
520542,"Cotton yarn: (not sewing thread), multiple or cabled, of combed fibres, 85% or more by weight of cotton, 714.28 to 232.56 decitex (15 to 43 metric number) per single yarn, not for retail sale",S21,1.0,1311,alta,cadena,1.0,,171785883.33333334
520543,"Cotton yarn: (not sewing thread), multiple or cabled, of combed fibres, 85% or more by weight of cotton, 232.55 to 192.31 decitex (44 to 52 metric number) per single yarn, not for retail sale",S21,1.0,1311,alta,cadena,1.0,,85968061.33333333
520544,"Cotton yarn: (not sewing thread), multiple or cabled, of combed fibres, 85% or more by weight of cotton, 192.30 to 125 decitex (53 to 80 metric number) per single yarn, not for retail sale",S21,1.0,1311,alta,cadena,1.0,,225717426.0
520545,"Cotton yarn: (not sewing thread), multiple or cabled, of combed fibres, 85% or more by weight of cotton, less than 125 decitex (exceeding 80 metric number), per single yarn, not for retail sale",S21,1.0,1311,alta,cadena,0.9999999999999999,,273722169.3333333
520611,"Cotton yarn: (not sewing thread), single, of uncombed fibres, less than 85% by weight of cotton, measuring 714.29 decitex or more (not exceeding 14 metric number), not for retail sale",S21,1.0,1311,alta,cadena,1.0,,146971270.0
520612,"Cotton yarn: (not sewing thread), single, of uncombed fibres, less than 85% by weight of cotton, less than 714.29 but not less than 232.56 decitex (exceeding 14 but not exceeding 43 metric number), not for retail sale",S21,1.0,1311,alta,cadena,1.0,,366939538.6666667
520613,"Cotton yarn: (not sewing thread), single, of uncombed fibres, less than 85% by weight of cotton, less than 232.56 but not less than 192.31 decitex (exceeding 43 but not exceeding 52 metric number), not for retail sale",S21,1.0,1311,alta,cadena,1.0,,77583701.66666667
520614,"Cotton yarn: (not sewing thread), single, of uncombed fibres, less than 85% by weight of cotton, less than 192.31 but not less than 125 decitex (exceeding 52 but not exceeding 80 metric number), not for retail sale",S21,1.0,1311,alta,cadena,1.0,,31215015.666666668
520615,"Cotton yarn: (not sewing thread), single, of uncombed fibres, less than 85% by weight of cotton, measuring less than 125 decitex (exceeding 80 metric number), not for retail sale",S21,1.0,1311,alta,cadena,1.0,,3163573.6666666665
520621,"Cotton yarn: (not sewing thread), single, of combed fibres, less than 85% by weight of cotton, measuring 714.29 decitex or more, (not exceeding 14 metric number), not for retail sale",S21,1.0,1311,alta,cadena,1.0,,28996657.666666668
520622,"Cotton yarn: (not sewing thread), single, of combed fibres, less than 85% by weight of cotton, less than 714.29 but not less than 232.56 decitex (exceeding 14 but not exceeding 43 metric number), not for retail sale",S21,1.0,1311,alta,cadena,1.0,,171590720.66666666
520623,"Cotton yarn: (not sewing thread), single, of combed fibres, less than 85% by weight of cotton, less than 232.56 but not less than 192.31 decitex (exceeding 43 but not exceeding 52 metric number), not for retail sale",S21,1.0,1311,alta,cadena,1.0,,314086733.3333333
520624,"Cotton yarn: (not sewing thread), single, of combed fibres, less than 85% by weight of cotton, less than 192.31 but not less than 125 decitex (exceeding 52 but not exceeding 80 metric number), not for retail sale",S21,1.0,1311,alta,cadena,1.0,,184904534.0
520625,"Cotton yarn: (not sewing thread), single, of combed fibres, less than 85% by weight of cotton, measuring less than 125 decitex (exceeding 80 metric number), not for retail sale",S21,1.0,1311,alta,cadena,1.0,,9000730.0
520631,"Cotton yarn: (not sewing thread), multiple or cabled, of uncombed fibres, less than 85% by weight of cotton, 714.29 decitex or more (not exceeding 14 metric number) per single yarn, not for retail sale",S21,1.0,1311,alta,cadena,1.0,,36299835.333333336
520632,"Cotton yarn: (not sewing thread), multiple or cabled, of uncombed fibres, less than 85% by weight of cotton, 714.28 to 232.56 decitex (15 to 43 metric number) per single yarn, not for retail sale",S21,1.0,1311,alta,cadena,1.0,,42845030.333333336
520633,"Cotton yarn: (not sewing thread), multiple or cabled, of uncombed fibres, less than 85% by weight of cotton, 232.55 to 192.31 decitex (44 to 52 metric number) per single yarn, not for retail sale",S21,1.0,1311,alta,cadena,1.0,,15182419.0
520634,"Cotton yarn: (not sewing thread), multiple or cabled, of uncombed fibres, less than 85% by weight of cotton, 192.30 to 125 decitex (53 to 80 metric number) per single yarn, not for retail sale",S21,1.0,1311,alta,cadena,1.0,,6639023.0
520635,"Cotton yarn: (not sewing thread), multiple or cabled, of uncombed fibres, less than 85% by weight of cotton, less than 125 decitex (exceeding 80 metric number) per single yarn, not for retail sale",S21,1.0,1311,alta,cadena,1.0,,1074744.3333333333
520641,"Cotton yarn: (not sewing thread), multiple or cabled, of combed fibres, less than 85% by weight of cotton, 714.29 decitex or more (not exceeding 14 metric number) per single yarn, not for retail sale",S21,1.0,1311,alta,cadena,1.0,,10480557.666666666
520642,"Cotton yarn: (not sewing thread), multiple or cabled, of combed fibres, less than 85% by weight of cotton, 714.28 to 232.56 decitex (15 to 43 metric number) per single yarn, not for retail sale",S21,1.0,1311,alta,cadena,1.0,,59786663.0
520643,"Cotton yarn: (not sewing thread), multiple or cabled, of combed fibres, less than 85% by weight of cotton, 232.55 to 192.31 decitex (44 to 52 metric number) per single yarn, not for retail sale",S21,1.0,1311,alta,cadena,1.0,,21045827.666666668
520644,"Cotton yarn: (not sewing thread), multiple or cabled, of combed fibres, less than 85% by weight of cotton, 192.30 to 125 decitex (53 to 80 metric number) per single yarn, not for retail sale",S21,1.0,1311,alta,cadena,1.0,,22971509.0
520645,"Cotton yarn: (not sewing thread), multiple or cabled, of combed fibres, less than 85% by weight of cotton, less than 125 decitex (exceeding 80 metric number) per single yarn, not for retail sale",S21,1.0,1311,alta,cadena,1.0,,10688375.0
520710,"Cotton yarn: (not sewing thread), containing 85% or more by weight of cotton, put up for retail sale",S21,1.0,1311,alta,cadena,1.0,,228480248.66666666
520790,"Cotton yarn: (not sewing thread), containing less than 85% by weight of cotton, put up for retail sale",S21,1.0,1311,alta,cadena,1.0,,146913584.33333334
520811,"Fabrics, woven: containing 85% or more by weight of cotton, unbleached, plain weave, weighing not more than 100g/m2",S21,1.0,1312,alta,cadena,1.0,,270181416.0
520812,"Fabrics, woven: containing 85% or more by weight of cotton, unbleached, plain weave, weighing more than 100g/m2 but not more than 200g/m2",S21,1.0,1312,alta,cadena,1.0,,830290685.3333334
520813,"Fabrics, woven: containing 85% or more by weight of cotton, unbleached, 3-thread or 4-thread twill, including cross twill, weighing not more than 200g/m2",S21,1.0,1312,alta,cadena,1.0,,207198188.66666666
520819,"Fabrics, woven: containing 85% or more by weight of cotton, unbleached, of weaves n.e.s. in item no. 5208.1, weighing not more than 200g/m2",S21,1.0,1312,alta,cadena,1.0,,401762859.6666667
520821,"Fabrics, woven: containing 85% or more by weight of cotton, bleached, plain weave, weighing not more than 100g/m2",S21,1.0,1312,alta,cadena,1.0,,264693925.66666666
520822,"Fabrics, woven: containing 85% or more by weight of cotton, bleached, plain weave, weighing more than 100g/m2 but not more than 200g/m2",S21,1.0,1312,alta,cadena,1.0,,366982653.0
520823,"Fabrics, woven: containing 85% or more by weight of cotton, bleached, 3-thread or 4-thread twill, including cross twill, weighing not more than 200g/m2",S21,1.0,1312,alta,cadena,1.0,,83558576.33333333
520829,"Fabrics, woven: containing 85% or more by weight of cotton, bleached, of weaves n.e.s. in item no. 5208.2, weighing not more than 200g/m2",S21,1.0,1312,alta,cadena,1.0,,578862006.6666666
520831,"Fabrics, woven: containing 85% or more by weight of cotton, dyed, plain weave, weighing not more than 100g/m2",S21,1.0,1312,alta,cadena,1.0,,290385424.3333333
520832,"Fabrics, woven: containing 85% or more by weight of cotton, dyed, plain weave, weighing more than 100g/m2 but not more than 200g/m2",S21,1.0,1312,alta,cadena,1.0,,901578619.6666666
520833,"Fabrics, woven: containing 85% or more by weight of cotton, dyed, 3-thread or 4-thread twill, including cross twill, weighing not more than 200g/m2",S21,1.0,1312,alta,cadena,1.0,,210399577.0
520839,"Fabrics, woven: containing 85% or more by weight of cotton, dyed, of weaves n.e.s. in item no. 5208.3 weighing not more than 200g/m2",S21,1.0,1312,alta,cadena,1.0,,1145016236.3333333
520841,"Fabrics, woven: containing 85% or more by weight of cotton, of yarns of different colours, plain weave, weighing not more than 100g/m2",S21,1.0,1312,alta,cadena,1.0,,63317811.666666664
520842,"Fabrics, woven: containing 85% or more by weight of cotton, of yarns of different colours, weighing more than 100g/m2 but not more than 200g/m2",S21,1.0,1312,alta,cadena,1.0,,566154933.6666666
520843,"Fabrics, woven: containing 85% or more by weight of cotton, of yarns of different colours, 3-thread or 4-thread twill, including cross twill, weighing not more than 200g/m2",S21,1.0,1312,alta,cadena,1.0,,381146082.3333333
520849,"Fabrics, woven: containing 85% or more by weight of cotton, of yarns of different colours, of weaves n.e.s. in item no. 5208.4, weighing not more than 200g/m2",S21,1.0,1312,alta,cadena,1.0,,381214710.0
520851,"Fabrics, woven: containing 85% or more by weight of cotton, printed, plain weave, weighing not more than 100g/m2",S21,1.0,1312,alta,cadena,1.0,,294129693.3333333
520852,"Fabrics, woven: containing 85% or more by weight of cotton, printed, plain weave, weighing more than 100g/m2 but not more than 200g/m2",S21,1.0,1312,alta,cadena,1.0,,2083979983.6666667
520853,"Fabrics, woven: containing 85% or more by weight of cotton, printed, 3-thread or 4-thread twill, including cross twill, weighing not more than 200g/m2",S21,1.0,1312,alta,cadena,1.0,,62891065.0
520859,"Fabrics, woven: containing 85% or more by weight of cotton, printed, of weaves n.e.s. in item no. 5208.5, weighing not more than 200g/m2",S21,1.0,1312,alta,cadena,1.0,,250484620.66666666
520911,"Fabrics, woven: containing 85% or more by weight of cotton, unbleached, plain weave, weighing more than 200g/m2",S21,1.0,1312,alta,cadena,1.0,,135667493.33333334
520912,"Fabrics, woven: containing 85% or more by weight of cotton, unbleached, 3-thread or 4-thread twill, including cross twill, weighing more than 200g/m2",S21,1.0,1312,alta,cadena,1.0,,256693343.66666666
520919,"Fabrics, woven: containing 85% or more by weight of cotton, unbleached, of weaves n.e.s. in item no. 5209.1, weighing more than 200g/m2",S21,1.0,1312,alta,cadena,1.0,,141436156.33333334
520921,"Fabrics, woven: containing 85% or more by weight of cotton, bleached, plain weave, weighing more than 200g/m2",S21,1.0,1312,alta,cadena,1.0,,48883620.333333336
520922,"Fabrics, woven: containing 85% or more by weight of cotton, bleached, 3-thread or 4-thread twill, including cross twill, weighing more than 200g/m2",S21,1.0,1312,alta,cadena,1.0,,183685068.0
520929,"Fabrics, woven: containing 85% or more by weight of cotton, bleached, of weaves n.e.s. in item no. 5209.2, weighing more than 200g/m2",S21,1.0,1312,alta,cadena,1.0,,139832534.0
520931,"Fabrics, woven: containing 85% or more by weight of cotton, dyed, plain weave, weighing more than 200g/m2",S21,1.0,1312,alta,cadena,1.0,,309753918.0
520932,"Fabrics, woven: containing 85% or more by weight of cotton, dyed, 3-thread or 4-thread twill, including cross twill, weighing more than 200g/m2",S21,1.0,1312,alta,cadena,1.0,,825812375.0
520939,"Fabrics, woven: containing 85% or more by weight of cotton, dyed, of weaves n.e.s. in item no. 5209.3, weighing more than 200g/m2",S21,1.0,1312,alta,cadena,1.0,,966592209.0
520941,"Fabrics, woven: containing 85% or more by weight of cotton, of yarns of different colours, plain weave, weighing more than 200g/m2",S21,1.0,1312,alta,cadena,1.0,,33937290.333333336
520942,"Fabrics, woven: containing 85% or more by weight of cotton, of yarns of different colours, weighing more than 200g/m2, denim",S21,1.0,1312,alta,cadena,1.0,,2176234607.0
520943,"Fabrics, woven: containing 85% or more by weight of cotton, of yarns of different colours, 3-thread or 4-thread twill, including cross twill, weighing more than 200g/m2",S21,1.0,1312,alta,cadena,0.9999999999999999,,180193123.66666666
520949,"Fabrics, woven: containing 85% or more by weight of cotton, of yarns of different colours, of weaves n.e.s. in item no. 5209.4, weighing more than 200g/m2",S21,1.0,1312,alta,cadena,1.0,,161037169.33333334
520951,"Fabrics, woven: containing 85% or more by weight of cotton, printed, plain weave, weighing more than 200g/m2",S21,1.0,1312,alta,cadena,1.0,,46711559.666666664
520952,"Fabrics, woven: containing 85% or more by weight of cotton, printed, 3-thread or 4-thread twill, including cross twill, weighing more than 200g/m2",S21,1.0,1312,alta,cadena,1.0,,56961311.333333336
520959,"Fabrics, woven: containing 85% or more by weight of cotton, printed, of weaves n.e.s. in item no. 5209.5, weighing more than 200g/m2",S21,1.0,1312,alta,cadena,1.0,,114344908.66666667
521011,"Fabrics, woven: containing less than 85% by weight of cotton, mixed mainly or solely with man-made fibres, unbleached, plain weave, weighing 200g/m2 or less",S21,1.0,1312,alta,cadena,1.0,,142309428.66666666
521012,"Fabrics, woven: containing less than 85% by weight of cotton, mixed mainly or solely with man-made fibres, unbleached, 3-thread or 4-thread twill, including cross twill, weighing 200g/m2 or less",S21,1.0,1312,alta,cadena,1.0,,1609920.3333333333
521019,"Fabrics, woven: containing less than 85% by weight of cotton, mixed mainly or solely with man-made fibres, unbleached, of weaves n.e.s. in item no. 5210.1, weighing 200g/m2 or less",S21,1.0,1312,alta,cadena,1.0,,67216038.0
521021,"Fabrics, woven: containing less than 85% by weight of cotton, mixed mainly or solely with man-made fibres, bleached, plain weave, weighing 200g/m2 or less",S21,1.0,1312,alta,cadena,1.0,,194995554.33333334
521022,"Fabrics, woven: containing less than 85% by weight of cotton, mixed mainly or solely with man-made fibres, bleached, 3-thread or 4-thread twill, including cross twill, weighing 200g/m2 or less",S21,1.0,1312,alta,cadena,1.0,,11830077.0
521029,"Fabrics, woven: containing less than 85% by weight of cotton, mixed mainly or solely with man-made fibres, weighing 200g/m2 or less, bleached, of weaves n.e.s. in item no. 5210.2",S21,1.0,1312,alta,cadena,1.0,,71955281.0
521031,"Fabrics, woven: containing less than 85% by weight of cotton, mixed mainly or solely with man-made fibres, weighing 200g/m2 or less, dyed, plain weave",S21,1.0,1312,alta,cadena,1.0,,435701008.3333333
521032,"Fabrics, woven: containing less than 85% by weight of cotton, mixed mainly or solely with man-made fibres, weighing 200g/m2 or less, dyed, 3-thread or 4-thread twill, including cross twill",S21,1.0,1312,alta,cadena,1.0,,105645371.66666667
521039,"Fabrics, woven: containing less than 85% by weight of cotton, mixed mainly or solely with man-made fibres, weighing 200g/m2 or less, dyed, of weaves n.e.s. in item no. 5210.3",S21,1.0,1312,alta,cadena,1.0,,164668074.66666666
521041,"Fabrics, woven: containing less than 85% by weight of cotton, mixed mainly or solely with man-made fibres, weighing 200g/m2 or less, of yarns of different colours, plain weave",S21,1.0,1312,alta,cadena,1.0,,143574130.66666666
521042,"Fabrics, woven: containing less than 85% by weight of cotton, mixed mainly or solely with man-made fibres, weighing 200g/m2 or less, of yarns of different colours, 3-thread or 4-thread twill, including cross twill",S21,1.0,1312,alta,cadena,1.0,,39938780.333333336
521049,"Fabrics, woven: containing less than 85% by weight of cotton, mixed mainly or solely with man-made fibres, weighing 200g/m2 or less, of yarns of different colours, of weaves n.e.s. in item no. 5210.4",S21,1.0,1312,alta,cadena,1.0,,149747385.33333334
521051,"Fabrics, woven: containing less than 85% by weight of cotton, mixed mainly or solely with man-made fibres, weighing 200g/m2 or less, printed, plain weave",S21,1.0,1312,alta,cadena,1.0,,106974291.0
521052,"Fabrics, woven: containing less than 85% by weight of cotton, mixed mainly of solely with man-made fibres, weighing 200g/m2 or less, printed, 3-thread or 4-thread twill, including cross twill",S21,1.0,1312,alta,cadena,1.0,,54414974.333333336
521059,"Fabrics, woven: containing less than 85% by weight of cotton, mixed mainly or solely with man-made fibres, weighing 200g/m2 or less, printed, of weaves n.e.s. in item no. 5210.5",S21,1.0,1312,alta,cadena,1.0,,
521111,"Fabrics, woven: containing less than 85% by weight of cotton, mixed mainly or solely with man-made fibres, unbleached, plain weave, weighing more than 200g/m2",S21,1.0,1312,alta,cadena,1.0,,25760605.0
521112,"Fabrics, woven: containing less than 85% by weight of cotton, mixed mainly or solely with man-made fibres, unbleached, 3- or 4-thread twill, including cross twill, weighing more than 200g/m2",S21,1.0,1312,alta,cadena,1.0,,48222940.666666664
521119,"Fabrics, woven: containing less than 85% by weight of cotton, mixed mainly or solely with man-made fibres, unbleached, of weaves n.e.s. in item no. 5211.1, weighing more than 200g/m2",S21,1.0,1312,alta,cadena,1.0,,68526579.66666667
521121,"Fabrics, woven: containing less than 85% by weight of cotton, mixed mainly or solely with man-made fibres, weighing more than 200g/m2, bleached, plain weave",S21,1.0,1312,alta,cadena,1.0,,20042529.333333332
521122,"Fabrics, woven: containing less than 85% by weight of cotton, mixed mainly or solely with man-made fibres, weighing more than 200g/m2, bleached, 3-thread or 4-thread twill, including cross twill",S21,1.0,1312,alta,cadena,1.0,,40774533.666666664
521129,"Fabrics, woven: containing less than 85% by weight of cotton, mixed mainly or solely with man-made fibres, weighing more than 200g/m2, bleached, of weaves n.e.s. in item no. 5211.2",S21,1.0,1312,alta,cadena,1.0,,29249052.666666668
521131,"Fabrics, woven: containing less than 85% by weight of cotton, mixed mainly or solely with man-made fibres, weighing more than 200g/m2, dyed, plain weave",S21,1.0,1312,alta,cadena,1.0,,106996139.0
521132,"Fabrics, woven: containing less than 85% by weight of cotton, mixed mainly or solely with man-made fibres, weighing more than 200g/m2, dyed, 3-thread or 4-thread twill, including cross twill",S21,1.0,1312,alta,cadena,1.0,,340118236.0
521139,"Fabrics, woven: containing less than 85% by weight of cotton, mixed mainly or solely with man-made fibres, weighing more than 200g/m2, dyed, of weaves n.e.s. in item no. 5211.3",S21,1.0,1312,alta,cadena,1.0,,336898879.6666667
521141,"Fabrics, woven: containing less than 85% by weight of cotton, mixed mainly or solely with man-made fibres, weighing more than 200g/m2, of yarns of different colours, plain weave",S21,1.0,1312,alta,cadena,1.0,,48605550.666666664
521142,"Fabrics, woven: containing less than 85% by weight of cotton, mixed mainly or solely with man-made fibres, weighing more than 200g/m2, of yarns of different colours, denim",S21,1.0,1312,alta,cadena,1.0,,1654667600.3333333
521143,"Fabrics, woven: containing less than 85% by weight of cotton, mixed mainly or solely with man-made fibres, weighing more than 200g/m2, of yarns of different colours, 3-thread or 4-thread twill, including cross twill",S21,1.0,1312,alta,cadena,1.0,,324280220.3333333
521149,"Fabrics, woven: containing less than 85% by weight of cotton, mixed mainly or solely with man-made fibres, weighing more than 200g/m2, of yarns of different colours, of weaves n.e.s. in item no. 5211.4",S21,1.0,1312,alta,cadena,1.0,,349367353.3333333
521151,"Fabrics, woven: containing less than 85% by weight of cotton, mixed mainly or solely with man-made fibres, weighing more than 200g/m2, printed, plain weave",S21,1.0,1312,alta,cadena,1.0,,25644043.666666668
521152,"Fabrics, woven: containing less than 85% by weight of cotton, mixed mainly or solely with man-made fibres, weighing more than 200g/m2, printed, 3-thread or 4-thread twill, including cross twill",S21,1.0,1312,alta,cadena,1.0,,111875757.66666667
521159,"Fabrics, woven: containing less than 85% by weight of cotton, mixed mainly or solely with man-made fibres, weighing more than 200g/m2, printed, of weaves n.e.s. in item no. 5211.5",S21,1.0,1312,alta,cadena,1.0,,85264335.0
521211,"Fabrics, woven: of cotton, unbleached, weighing not more than 200g/m2, n.e.s. in chapter 52",S21,1.0,1312,alta,cadena,1.0,,28536256.0
521212,"Fabrics, woven: of cotton, bleached, weighing not more than 200g/m2, n.e.s. in chapter 52",S21,1.0,1312,alta,cadena,1.0,,35574043.0
521213,"Fabrics, woven: of cotton, dyed, weighing not more than 200g/m2, n.e.s. in chapter 52",S21,1.0,1312,alta,cadena,1.0,,209376608.66666666
521214,"Fabrics, woven: of cotton, of yarns of different colours, weighing not more than 200g/m2, n.e.s. in chapter 52",S21,1.0,1312,alta,cadena,1.0,,90778982.66666667
521215,"Fabrics, woven: of cotton, printed, weighing not more than 200g/m2, n.e.s. in chapter 52",S21,1.0,1312,alta,cadena,1.0,,54242114.333333336
521221,"Fabrics, woven: of cotton, unbleached, weighing more than  200g/m2, n.e.s. in chapter 52",S21,1.0,1312,alta,cadena,1.0,,14347766.666666666
521222,"Fabrics, woven: of cotton, bleached, weighing more than 200g/m2, n.e.s. in chapter 52",S21,1.0,1312,alta,cadena,1.0,,25711633.333333332
521223,"Fabrics, woven: of cotton, dyed, weighing more than 200g/m2, n.e.s. in chapter 52",S21,1.0,1312,alta,cadena,1.0,,103024619.33333333
521224,"Fabrics, woven: of cotton, of yarns of different colours, weighing more than 200g/m2, n.e.s. in chapter 52",S21,1.0,1312,alta,cadena,1.0,,48366635.333333336
521225,"Fabrics, woven: of cotton, printed, weighing more than 200g/m2, n.e.s. in chapter 52",S21,1.0,1312,alta,cadena,1.0,,35294967.666666664
530110,"Flax: raw or retted, but not spun",S01,1.0,0116,alta,cadena,1.0,,36964960.0
530121,"Flax: broken or scutched, but not spun",S21,1.0,1311,alta,cadena,1.0,,880805850.0
530129,"Flax: hackled or otherwise processed, but not spun",S21,1.0,1311,alta,cadena,1.0,,440062799.0
530130,"Flax: tow and waste, including yarn waste and garnetted stock",S21,1.0,1311,alta,cadena,1.0,,235722958.0
530210,"Hemp (cannabis sativa L.): raw or retted, but not spun",S01,1.0,0116,alta,cadena,1.0,,40501959.666666664
530290,"Hemp (cannabis sativa L.): processed (other than retted) (but not spun), true hemp tow and waste (including yarn waste and garnetted stock)",S21,1.0,1311,alta,cadena,1.0,,57284542.666666664
530310,"Jute and other textile bast fibres: raw or retted, but not spun, (excluding flax, hemp (cannabis sativa L.), and ramie)",S01,1.0,0116,alta,cadena,1.0,,174474587.0
530390,"Jute and other textile bast fibres: processed but not spun, tow and waste of these fibres, including yarn waste and garnetted stock (excluding flax, hemp (cannabis sativa L.), and ramie)",S21,1.0,1311,alta,cadena,1.0,,26905324.666666668
530410,"Sisal and other textile fibres of the genus agave: raw, but not spun",S01,0.5,0116,baja,cadena,1.0,,279840373.3333333
530410,"Sisal and other textile fibres of the genus agave: raw, but not spun",S21,0.5,1311,baja,cadena,1.0,,279840373.3333333
530490,"Sisal and other textile fibres of the genus agave: processed (but not spun), tow and waste of these fibres, including yarn waste and garnetted stock",S01,0.5,0116,baja,cadena,1.0,,42675068.0
530490,"Sisal and other textile fibres of the genus agave: processed (but not spun), tow and waste of these fibres, including yarn waste and garnetted stock",S21,0.5,1311,baja,cadena,1.0,,42675068.0
530511,"Coconut (coir): raw, but not spun",S01,0.5,0116,baja,cadena,1.0,,134677659.33333334
530511,"Coconut (coir): raw, but not spun",S21,0.5,1311,baja,cadena,1.0,,134677659.33333334
530519,"Coconut (coir): processed (but not spun), tow, noils and waste, including yarn waste and garnetted stock",S01,0.5,0116,baja,cadena,1.0,,124502981.33333333
530519,"Coconut (coir): processed (but not spun), tow, noils and waste, including yarn waste and garnetted stock",S21,0.5,1311,baja,cadena,1.0,,124502981.33333333
530521,Abaca (manila hemp or musa textilis nee): raw,S01,0.5,0116,baja,cadena,1.0,,58233728.0
530521,Abaca (manila hemp or musa textilis nee): raw,S21,0.5,1311,baja,cadena,1.0,,58233728.0
530529,"Abaca (manila hemp or musa textilis nee): processed but not spun, tow, noils and waste, including yarn waste and garnetted stock",S01,0.5,0116,baja,cadena,1.0,,29753715.666666668
530529,"Abaca (manila hemp or musa textilis nee): processed but not spun, tow, noils and waste, including yarn waste and garnetted stock",S21,0.5,1311,baja,cadena,1.0,,29753715.666666668
530591,"Ramie and other vegetable textile fibres: n.e.s. in chapter 53, raw",S01,0.5,0116,baja,cadena,1.0,,7319368.0
530591,"Ramie and other vegetable textile fibres: n.e.s. in chapter 53, raw",S21,0.5,1311,baja,cadena,1.0,,7319368.0
530599,"Ramie and other vegetable textile fibres: n.e.s. in chapter 53, processed (but not spun): tow, noils and waste of these fibres, including yarn waste and garnetted stock",S01,0.5,0116,baja,cadena,1.0,,17529880.666666668
530599,"Ramie and other vegetable textile fibres: n.e.s. in chapter 53, processed (but not spun): tow, noils and waste of these fibres, including yarn waste and garnetted stock",S21,0.5,1311,baja,cadena,1.0,,17529880.666666668
530610,"Yarn: of flax, single",S21,1.0,1311,alta,cadena,1.0,,437425434.3333333
530620,"Yarn: of flax, multiple (folded) or cabled",S21,1.0,1311,alta,cadena,1.0,,36948972.0
530710,"Yarn: of jute or of other textile bast fibres, single",S21,1.0,1311,alta,cadena,1.0,,315407797.3333333
530720,"Yarn: of jute or of other textile bast fibres, multiple (folded) or cabled",S21,1.0,1311,alta,cadena,1.0,,110257092.0
530810,Yarn: of coir,S21,1.0,1311,alta,cadena,1.0,,6969734.666666667
530820,Yarn: of hemp (cannabis sativa L.),S21,1.0,1311,alta,cadena,1.0,,13340861.333333334
530830,Yarn: of paper,S21,1.0,1311,alta,cadena,1.0,,8833144.666666666
530890,"Yarn: of vegetable textile fibres n.e.s. in heading no. 5306, 5307 and 5308",S21,1.0,1311,alta,cadena,1.0,,70689865.33333333
530911,"Fabrics, woven: of flax, containing 85% or more flax, unbleached or bleached",S21,1.0,1312,alta,cadena,1.0,,372637544.3333333
530919,"Fabrics, woven: of flax, containing 85% or more flax, other than bleached or unbleached",S21,1.0,1312,alta,cadena,1.0,,822779532.0
530921,"Fabrics, woven: of flax, containing less than 85% flax, unbleached or bleached",S21,1.0,1312,alta,cadena,1.0,,131511100.0
530929,"Fabrics, woven: of flax, containing less than 85% flax, other than unbleached or bleached",S21,1.0,1312,alta,cadena,1.0,,790285157.6666666
531010,"Fabrics, woven: of jute or of other textile bast fibres of heading no. 5303, unbleached",S21,1.0,1312,alta,cadena,1.0,,181127670.66666666
531090,"Fabrics, woven: of jute or of other textile bast fibres of heading no. 5303, other than unbleached",S21,1.0,1312,alta,cadena,1.0,,28732849.666666668
531100,"Fabrics, woven: of vegetable textile fibres n.e.s. in heading no. 5309 and 5310, woven fabrics of paper yarn",S21,1.0,1312,alta,cadena,1.0,,137225061.33333334
540110,"Sewing thread: of synthetic filaments, whether or not put up for retail sale",S21,1.0,1311,alta,cadena,1.0,,1086509568.6666667
540120,"Sewing thread: of artificial filaments, whether or not put up for retail sale",S21,1.0,1311,alta,cadena,1.0,,104597921.33333333
540210,"Yarn: (not sewing thread), high tenacity yarn of nylon or other polyamides (including synthetic monofilament of less than 67 decitex), not put up for retail sale",S29,0.8467993539571441,2030,media,cadena,0.9999999999999999,,2643231301.6666665
540210,"Yarn: (not sewing thread), high tenacity yarn of nylon or other polyamides (including synthetic monofilament of less than 67 decitex), not put up for retail sale",S30,0.15320064604285594,2023,media,cadena,0.9999999999999999,,2643231301.6666665
540220,"Yarn: (not sewing thread), high tenacity yarn of polyesters (including synthetic monofilament of less than 67 decitex), not put up for retail sale",S29,1.0,2030,alta,cadena,1.0,,1592369883.6666667
540231,"Yarn: textured, (not sewing thread), of nylon or other polyamides, measuring per single yarn not more than 50 decitex (including synthetic monofilament of less than 67 decitex), not put up for retail sale",S29,1.0,2030,alta,cadena,1.0,,876081627.3333334
540232,"Yarn: textured, (not sewing thread), of nylon or other polyamides, measuring per single yarn more than 50 decitex (including synthetic monofilament of less than 67 decitex), not put up for retail sale",S29,0.9999999994763261,2030,alta,cadena,0.9999999999999999,,614499257.6666666
540232,"Yarn: textured, (not sewing thread), of nylon or other polyamides, measuring per single yarn more than 50 decitex (including synthetic monofilament of less than 67 decitex), not put up for retail sale",S30,5.23673907533528e-10,2023,alta,cadena,0.9999999999999999,,614499257.6666666
540233,"Yarn: textured, (not sewing thread), of polyesters (including synthetic monofilament of less than 67 decitex), not put up for retail sale",S29,1.0,2030,alta,cadena,1.0,,4423499165.333333
540239,"Yarn: textured, (not sewing thread), of synthetic filament yarn n.e.s. in item no. 5402.30 (including synthetic monofilament of less than 67 decitex), not put up for retail sale",S29,1.0,2030,alta,cadena,1.0,,205730471.0
540241,"Yarn: (not sewing thread), single, of nylon or other polyamides (including synthetic monofilament of less than 67 decitex), untwisted or with a twist not exceeding 50 turns per metre, not for retail sale, not textured, not high tenacity",S29,0.9999999993289894,2030,alta,cadena,1.0000000000000002,,1384517725.3333333
540241,"Yarn: (not sewing thread), single, of nylon or other polyamides (including synthetic monofilament of less than 67 decitex), untwisted or with a twist not exceeding 50 turns per metre, not for retail sale, not textured, not high tenacity",S30,6.710104734842905e-10,2023,alta,cadena,1.0000000000000002,,1384517725.3333333
540242,"Yarn: (not sewing thread), single, of polyesters, partially oriented (including synthetic monofilament of less than 67 decitex), untwisted or with twist not over 50 turns per metre, not for retail sale, not textured, not high tenacity",S29,1.0,2030,alta,cadena,1.0,,1062654106.0
540243,"Yarn: (not sewing thread), single, of polyesters not partially oriented (including synthetic monofilament of less than 67 decitex), untwisted or with twist not over 50 turns per metre, not for retail sale, not textured, not high tenacity",S29,1.0,2030,alta,cadena,1.0,,1403299754.0
540249,"Yarn: (not sewing thread), single, synthetic filament yarn (including synthetic monofilament of less than 67 decitex) n.e.s. in item no. 5402.4, untwisted or twisted 50 turns or less per metre, not for retail sale, not textured, not high tenacity",S29,1.0,2030,alta,cadena,1.0,,1722380652.3333333
540251,"Yarn: (not sewing thread), single, of nylon or other polyamides (including synthetic monofilament of less than 67 decitex), with a twist exceeding 50 turns per metre, not put up for retail sale, not textured, not high tenacity",S29,1.0,2030,alta,cadena,1.0,,72546569.66666667
540252,"Yarn: (not sewing thread), single, of polyesters (including synthetic monofilament of less than 67 decitex), with a twist exceeding 50 turns per metre, not put up for retail sale, not textured, not high tenacity",S29,1.0,2030,alta,cadena,1.0,,159740385.33333334
540259,"Yarn: (not sewing thread), single, synthetic filament yarn (including synthetic monofilament less than 67 decitex), n.e.s. in item no. 5402.5, with twist exceeding 50 turns per metre, not for retail sale, not textured, not high tenacity",S29,1.0,2030,alta,cadena,1.0,,112662324.0
540261,"Yarn: (not sewing thread), multiple (folded) or cabled, of nylon or other polyamides (including synthetic monofilament of less than 67 decitex), not put up for retail sale, not textured, not high tenacity",S21,1.0,1311,alta,cadena,1.0,,345475108.0
540262,"Yarn: (not sewing thread), multiple (folded) or cabled, of polyesters (including synthetic monofilament of less than 67 decitex), not put up for retail sale, not textured, not high tenacity",S21,1.0,1311,alta,cadena,1.0,,471785923.6666667
540269,"Yarn: (not sewing thread), multiple (folded) or cabled, of synthetic filament yarn (including synthetic monofilament of less than 67 decitex) n.e.s. in item no. 5402.6, not put up for retail sale, not textured, not high tenacity",S21,1.0,1311,alta,cadena,1.0,,529632092.6666667
540310,"Yarn: (not sewing thread), high tenacity yarn of viscose rayon, (including artificial monofilament of less than 67 decitex), not for retail sale",S29,1.0,2030,alta,cadena,1.0,,120061252.0
540320,"Yarn: textured, (not sewing thread), artificial filament yarn, (including artificial monofilament of less than 67 decitex), not for retail sale",S29,0.6456,2030,media,cadena,1.0,,48592796.333333336
540320,"Yarn: textured, (not sewing thread), artificial filament yarn, (including artificial monofilament of less than 67 decitex), not for retail sale",S21,0.3544,1311,media,cadena,1.0,,48592796.333333336
540331,"Yarn: (not sewing thread), single, of viscose rayon, (including artificial monofilament of less than 67 decitex), untwisted or with a twist not exceeding 120 turns per metre, not for retail sale, not textured, not high tenacity",S29,1.0,2030,alta,cadena,1.0,,625757057.6666666
540332,"Yarn: (not sewing thread), single, of viscose rayon, (including artificial monofilament of less than 67 decitex), with a twist exceeding 120 turns per metre, not for retail sale, not textured, not high tenacity",S29,1.0,2030,alta,cadena,1.0,,13221831.333333334
540333,"Yarn: (not sewing thread), single, of cellulose acetate, (including artificial monofilament of less than 67 decitex), not for retail sale, not textured, not high tenacity",S29,1.0,2030,alta,cadena,1.0,,299372080.6666667
540339,"Yarn: (not sewing thread), single, artificial filament yarn (including artificial monofilament of less than 67 decitex) n.e.s. in item no. 5403.3, not for retail sale, not textured, not high tenacity",S29,1.0,2030,alta,cadena,1.0,,140151275.33333334
540341,"Yarn: (not sewing thread), multiple (folded) or cabled, of viscose rayon (including artificial monofilament of less than 67 decitex), not for retail sale, not textured, not high tenacity",S21,1.0,1311,alta,cadena,1.0,,113282895.0
540342,"Yarn: (not sewing thread), multiple (folded) or cabled, of cellulose acetate (including artificial monofilament of less than 67 decitex), not for retail sale, not textured, not high tenacity",S21,1.0,1311,alta,cadena,1.0,,9100175.0
540349,"Yarn, (not sewing thread), multiple (folded) or cabled, of artificial filament yarn (including artificial monofilament of less than 67 decitex), n.e.s. in item no. 5403.4, not for retail sale, not textured, not high tenacity",S21,1.0,1311,alta,cadena,1.0,,38660149.333333336
540410,"Monofilament, synthetic: of 67 decitex or more and of which no cross-sectional dimension exceeds 1mm",S29,1.0,2030,alta,cadena,1.0,,1012583724.3333334
540490,"Filament, synthetic: strip and the like (eg artificial straw), of synthetic textile materials of an apparent width not exceeding 5mm",S29,1.0,2030,alta,cadena,1.0,,472432412.0
540500,"Monofilament, synthetic: of 67 decitex or more and of which no cross-sectional dimension exceeds 1mm, strip and the like (eg artificial straw), of synthetic textile materials with width not over 5mm",S29,1.0,2030,alta,cadena,1.0,,19619263.0
540610,"Yarn: (not sewing thread), synthetic filament yarn, put up for retail sale",S21,1.0,1311,alta,cadena,1.0,,89336353.0
540620,"Yarn: (not sewing thread), artificial filament yarn, put up for retail sale",S21,1.0,1311,alta,cadena,1.0,,50813600.0
540710,"Fabrics, woven: from high tenacity yarn, of nylon, other polyamides or of polyesters",S21,1.0,1312,alta,cadena,1.0,,1263459963.0
540720,"Fabrics, woven: from strip or the like, of synthetic textile materials",S21,1.0,1312,alta,cadena,1.0,,1135664012.6666667
540730,"Fabrics, woven: from synthetic filament yarn, adhesive or thermal bonded",S21,1.0,1312,alta,cadena,1.0,,124016687.33333333
540741,"Fabrics, woven: containing 85% or more by weight of filaments of nylon or other polyamides, unbleached or bleached",S21,1.0,1312,alta,cadena,1.0,,329276527.6666667
540742,"Fabrics, woven: containing 85% or more by weight of filaments of nylon or other polyamides, dyed",S21,1.0,1312,alta,cadena,1.0,,1879837432.3333333
540743,"Fabrics, woven: containing 85% or more by weight of filaments of nylon or other polyamides, of yarns of different colours",S21,1.0,1312,alta,cadena,1.0,,59289428.333333336
540744,"Fabrics, woven: containing 85% or more by weight of filaments of nylon or other polyamides, printed",S21,1.0,1312,alta,cadena,1.0,,117949201.33333333
540751,"Fabrics, woven: containing 85% or more by weight of textured polyester filaments, unbleached or bleached",S21,1.0,1312,alta,cadena,1.0,,1066159454.0
540752,"Fabrics, woven: containing 85% or more by weight of textured polyester filaments, dyed",S21,1.0,1312,alta,cadena,1.0,,11715138679.666666
540753,"Fabrics, woven: containing 85% or more by weight of textured polyester filaments, of yarns of different colours",S21,1.0,1312,alta,cadena,1.0,,849015997.0
540754,"Fabrics, woven: containing 85% or more by weight of textured polyester filaments, printed",S21,1.0,1312,alta,cadena,1.0,,3062988252.6666665
540760,"Fabrics, woven: containing 85% or more by weight of non-textured polyester filaments",S21,1.0,1312,alta,cadena,1.0,,4317314631.666667
540771,"Fabrics, woven: containing 85% or more by weight of synthetic filaments (excluding nylon or other polyamides and polyesters), unbleached or bleached",S21,1.0,1312,alta,cadena,0.9999999999999999,,320848301.6666667
540772,"Fabrics, woven: containing 85% or more by weight of synthetic filaments (excluding nylon or other polyamides and polyesters), dyed",S21,1.0,1312,alta,cadena,1.0,,1292196286.3333333
540773,"Fabrics, woven: containing 85% or more by weight of synthetic filaments (excluding nylon or other polyamides and polyesters), of yarns of different colours",S21,1.0,1312,alta,cadena,0.9999999999999999,,574778041.0
540774,"Fabrics, woven: containing 85% or more by weight of synthetic filaments (excluding nylon or other polyamides and polyesters), printed",S21,1.0,1312,alta,cadena,0.9999999999999999,,434637728.6666667
540781,"Fabrics, woven: of synthetic filament yarn, containing less than 85% by weight of synthetic filaments, mixed mainly or solely with cotton, bleached or unbleached",S21,1.0,1312,alta,cadena,1.0,,209951808.66666666
540782,"Fabrics, woven: of synthetic filament yarn, containing less than 85% by weight of synthetic filaments, mixed mainly or solely with cotton, dyed",S21,1.0,1312,alta,cadena,1.0,,465502659.0
540783,"Fabrics, woven: of synthetic filament yarn, containing less than 85% by weight of synthetic filaments, mixed mainly or solely with cotton, of yarns of different colours",S21,1.0,1312,alta,cadena,1.0,,130885590.66666667
540784,"Fabrics, woven: of synthetic filament yarn, containing less than 85% by weight of synthetic filaments, printed",S21,1.0,1312,alta,cadena,1.0,,60055637.0
540791,"Fabrics, woven: of synthetic filament yarn, bleached or unbleached, n.e.s. in heading no. 5407",S21,1.0,1312,alta,cadena,1.0,,123188638.0
540792,"Fabrics, woven: of synthetic filament yarn, dyed, n.e.s. in heading 5407",S21,1.0,1312,alta,cadena,1.0,,669936094.0
540793,"Fabrics, woven: of synthetic filament yarn, of yarns of different colours, n.e.s. in heading no. 5407",S21,1.0,1312,alta,cadena,1.0,,227078675.0
540794,"Fabrics, woven: of synthetic filament yarn, printed, n.e.s. in heading no. 5407",S21,1.0,1312,alta,cadena,1.0,,119150745.0
540810,"Fabrics, woven: of viscose rayon, high tenacity, artificial filament yarn",S21,1.0,1312,alta,cadena,1.0,,48801662.333333336
540821,"Fabrics, woven: of artificial filament yarn, containing 85% or more by weight of artificial filament, strip or the like, bleached or unbleached",S21,1.0,1312,alta,cadena,1.0,,91660846.0
540822,"Fabrics, woven: of artificial filament yarn, containing 85% or more by weight of artificial filament, strip or the like, dyed",S21,1.0,1312,alta,cadena,1.0,,391231888.3333333
540823,"Fabrics, woven: containing 85% or more by weight of artificial filament, strip or the like, of yarns of different colours",S21,1.0,1312,alta,cadena,1.0,,25528238.666666668
540824,"Fabrics, woven: of artificial filament yarn, containing 85% or more by weight of artificial filament, strip or the like, printed",S21,1.0,1312,alta,cadena,1.0,,119518264.0
540831,"Fabrics, woven: of artificial filament yarn, of artificial monofilament, strip and the like, n.e.s. in heading no. 5408, unbleached or bleached",S21,1.0,1312,alta,cadena,1.0,,39182819.666666664
540832,"Fabrics, woven: of artificial filament yarn, of artificial monofilament, strip and the like, n.e.s. in heading no. 5408, dyed",S21,1.0,1312,alta,cadena,1.0,,322025799.3333333
540833,"Fabrics, woven: of artificial filament yarn, of artificial monofilament, strip and the like, n.e.s. in heading no. 5408, of yarns of different colours",S21,1.0,1312,alta,cadena,1.0,,45000852.666666664
540834,"Fabrics, woven: of artificial filament yarn, of artificial monofilament, strip and the like, n.e.s. in heading no. 5408, printed",S21,1.0,1312,alta,cadena,1.0,,79150746.66666667
550110,"Fibres: synthetic filament tow, of nylon or other polyamides",S29,1.0,2030,alta,cadena,1.0,,84255148.0
550120,"Fibres: synthetic filament tow, of polyesters",S29,1.0,2030,alta,cadena,1.0,,92149504.66666667
550130,"Fibres: synthetic filament tow, acrylic or modacrylic",S29,1.0,2030,alta,cadena,1.0,,746476261.6666666
550190,"Fibres: synthetic filament tow, of synthetic materials n.e.s. in heading no. 5501",S29,1.0,2030,alta,cadena,1.0,,112777012.66666667
550200,Fibres: artificial filament tow,S29,1.0,2030,alta,cadena,1.0,,2247223501.3333335
550310,"Fibres: synthetic staple fibres, of nylon or other polyamides, not carded, combed or otherwise processed for spinning",S29,1.0,2030,alta,cadena,1.0,,673688096.0
550320,"Fibres: synthetic staple fibres, of polyesters, not carded, combed or otherwise processed for spinning",S29,1.0,2030,alta,cadena,1.0,,4265192847.6666665
550330,"Fibres: synthetic staple fibres, acrylic or modacrylic, not carded, combed or otherwise processed for spinning",S29,1.0,2030,alta,cadena,1.0,,486454481.3333333
550340,"Fibres: synthetic staple fibres, of polypropylene, not carded, combed or otherwise processed for spinning",S29,1.0,2030,alta,cadena,1.0,,595787096.0
550390,"Fibres: synthetic staple fibres, of synthetic materials n.e.s. in heading no. 5503, not carded, combed or otherwise processed for spinning",S29,1.0,2030,alta,cadena,1.0,,724273725.0
550410,"Fibres: artificial staple fibres, of viscose, not carded, combed or otherwise processed for spinning",S29,1.0,2030,alta,cadena,1.0,,2443185548.6666665
550490,"Fibres: artificial staple fibres, other than of viscose, not carded, combed or otherwise processed for spinning",S29,1.0,2030,alta,cadena,1.0,,663452128.6666666
550510,"Fibres: waste (including noils, yarn waste and garnetted stock), of synthetic fibres",S47,1.0,3830,media,regla_residuos,1.0,,192360027.33333334
550520,"Fibres: waste (including noils, yarn waste and garnetted stock), of artificial fibres",S47,1.0,3830,media,regla_residuos,1.0,,7120532.333333333
550610,"Fibres: synthetic staple fibres, of nylon or other polyamides, carded, combed or otherwise processed for spinning",S21,1.0,1311,alta,cadena,1.0,,96901835.66666667
550620,"Fibres: synthetic staple fibres, of polyesters, carded, combed or otherwise processed for spinning",S21,1.0,1311,alta,cadena,1.0,,76153181.66666667
550630,"Fibres: synthetic staple fibres, acrylic or modacrylic, carded, combed or otherwise processed for spinning",S21,1.0,1311,alta,cadena,1.0,,89296573.66666667
550690,"Fibres: synthetic staple fibres, n.e.s. in heading no. 5506, carded, combed or otherwise processed for spinning",S21,1.0,1311,alta,cadena,1.0,,32841507.333333332
550700,"Fibres: artificial staple fibres, carded, combed or otherwise processed for spinning",S21,1.0,1311,alta,cadena,1.0,,30554839.333333332
550810,"Sewing thread: of synthetic staple fibres, whether or not put up for retail sale",S21,1.0,1311,alta,cadena,1.0,,624593478.0
550820,"Sewing thread: of artificial staple fibres, whether or not put up for retail sale",S21,1.0,1311,alta,cadena,1.0,,26712917.666666668
550911,"Yarn: (not sewing thread), single, of synthetic staple fibres, containing 85% or more by weight of nylon or other polyamides, not put up for retail sale",S21,1.0,1311,alta,cadena,1.0,,137876853.66666666
550912,"Yarn: (not sewing thread), multiple (folded) or cabled yarn, of synthetic staple fibres, containing 85% or more by weight of nylon or other polyamides, not put up for retail sale",S21,1.0,1311,alta,cadena,1.0,,186949829.0
550921,"Yarn: (not sewing thread), single, of synthetic staple fibres, containing 85% or more by weight of polyester, not put up for retail sale",S21,1.0,1311,alta,cadena,1.0,,787088015.3333334
550922,"Yarn: (not sewing thread), multiple (folded) or cabled yarn, of synthetic staple fibres, containing 85% or more by weight of polyester, not put up for retail sale",S21,1.0,1311,alta,cadena,1.0,,604641652.0
550931,"Yarn: (not sewing thread), single, of synthetic staple fibres, containing 85% or more by weight of acrylic or modacrylic, not put up for retail sale",S21,1.0,1311,alta,cadena,1.0,,154472314.66666666
550932,"Yarn: (not sewing thread), multiple (folded) or cabled, of synthetic staple fibres, containing 85% or more by weight of acrylic or modacrylic, not put up for retail sale",S21,1.0,1311,alta,cadena,1.0,,571330226.3333334
550941,"Yarn: (not sewing thread), single, containing 85% or more by weight of synthetic staple fibres, n.e.s. in heading no. 5509, not put up for retail sale",S21,1.0,1311,alta,cadena,1.0,,87229267.0
550942,"Yarn: (not sewing thread), multiple (folded) or cabled yarn, containing 85% or more by weight of synthetic staple fibres, n.e.s. in heading no. 5509, not put up for retail sale",S21,1.0,1311,alta,cadena,1.0,,61864046.333333336
550951,"Yarn: (not sewing thread), of polyester staple fibres, mixed mainly or solely with artificial staple fibres, not put up for retail sale",S21,1.0,1311,alta,cadena,1.0,,402440322.3333333
550952,"Yarn: (not sewing thread), of polyester staple fibres, mixed mainly or solely with wool or fine animal hair, not put up for retail sale",S21,1.0,1311,alta,cadena,1.0,,82130577.0
550953,"Yarn: (not sewing thread), of polyester staple fibres, mixed mainly or solely with cotton, not put up for retail sale",S21,1.0,1311,alta,cadena,1.0,,1092128628.0
550959,"Yarn: (not sewing thread), of polyester staple fibres, mixed mainly or solely with fibres n.e.s. in item no. 5509.5, not put up for retail sale",S21,1.0,1311,alta,cadena,1.0,,135257745.33333334
550961,"Yarn: (not sewing thread), of acrylic or modacrylic staple fibres, mixed mainly or solely with wool or fine animal hair, not put up for retail sale",S21,1.0,1311,alta,cadena,1.0,,129268908.66666667
550962,"Yarn: (not sewing thread), of acrylic or modacrylic staple fibres, mixed mainly or solely with cotton, not put up for retail sale",S21,1.0,1311,alta,cadena,1.0,,111497684.0
550969,"Yarn: (not sewing thread), of acrylic or modacrylic staple fibres, mixed mainly or solely with fibres n.e.s. in item no. 5509.6, not put up for retail sale",S21,1.0,1311,alta,cadena,1.0,,279165305.6666667
550991,"Yarn: (not sewing thread), of synthetic staple fibres, mixed mainly or solely with wool or fine animal hair, n.e.s. in heading no. 5509, not put up for retail sale",S21,1.0,1311,alta,cadena,1.0,,31415611.666666668
550992,"Yarn: (not sewing thread), of synthetic staple fibres, mixed mainly or solely with cotton, n.e.s. in heading no. 5509, not put up for retail sale",S21,1.0,1311,alta,cadena,1.0,,223699658.33333334
550999,"Yarn: (not sewing thread), of synthetic staple fibres, mixed mainly or solely with fibres (other than wool, fine animal hair or cotton), n.e.s. in heading no. 5509, not put up for retail sale",S21,1.0,1311,alta,cadena,1.0,,122930250.66666667
551011,"Yarn: (not sewing thread), single, of artificial staple fibres, containing 85% or more by weight of artificial staple fibres, not put up for retail sale",S21,1.0,1311,alta,cadena,1.0,,695118450.3333334
551012,"Yarn: (not sewing thread), multiple (folded) or cabled yarn, of artificial staple fibres, containing 85% or more by weight of artificial staple fibres, not put up for retail sale",S21,1.0,1311,alta,cadena,1.0,,149695302.33333334
551020,"Yarn: (not sewing thread), of artificial staple fibres, mixed mainly or solely with wool or fine animal hair, not put up for retail sale",S21,1.0,1311,alta,cadena,1.0,,30473149.666666668
551030,"Yarn: (not sewing thread), of artificial staple fibres, mixed mainly or solely with cotton, not put up for retail sale",S21,1.0,1311,alta,cadena,1.0,,56894247.666666664
551090,"Yarn: (not sewing thread), of artificial staple fibres, mixed mainly or solely with fibres (other than wool, fine animal hair or cotton), not put up for retail sale",S21,1.0,1311,alta,cadena,1.0,,324820036.6666667
551110,"Yarn: (not sewing thread), of synthetic staple fibres, containing 85% or more by weight of synthetic staple fibres, put up for retail sale",S21,1.0,1311,alta,cadena,1.0,,348031450.3333333
551120,"Yarn: (not sewing thread), of synthetic staple fibres, containing less than 85% by weight of synthetic staple fibres, put up for retail sale",S21,1.0,1311,alta,cadena,1.0,,84966649.33333333
551130,"Yarn: (not sewing thread), of artificial staple fibres, put up for retail sale",S21,1.0,1311,alta,cadena,1.0,,20568822.666666668
551211,"Fabrics, woven: of synthetic staple fibres, containing 85% or more by weight of polyester staple fibres, unbleached or bleached",S21,1.0,1312,alta,cadena,1.0,,284181408.3333333
551219,"Fabrics, woven: of synthetic staple fibres, containing 85% or more by weight of polyester staple fibres, other than unbleached or bleached",S21,1.0,1312,alta,cadena,1.0,,1645281941.0
551221,"Fabrics, woven: of synthetic staple fibres, containing 85% or more by weight of acrylic or modacrylic staple fibres, unbleached or bleached",S21,1.0,1312,alta,cadena,1.0,,147714400.0
551229,"Fabrics, woven: of synthetic staple fibres, containing 85% or more by weight of acrylic or modacrylic staple fibres, other than unbleached or bleached",S21,1.0,1312,alta,cadena,1.0,,353529453.0
551291,"Fabrics, woven: of synthetic staple fibres, containing 85% or more by weight of such fibres n.e.s. in heading no. 5512, unbleached or bleached",S21,1.0,1312,alta,cadena,1.0,,53124969.0
551299,"Fabrics, woven: of synthetic staple fibres, containing 85% or more by weight of such fibres n.e.s. in heading no. 5512, other than unbleached or bleached",S21,1.0,1312,alta,cadena,1.0,,492069492.6666667
551311,"Fabrics, woven: plain weave, of polyester staple fibres, containing less than 85% by weight of such fibres, mixed mainly or solely with cotton, of a weight not exceeding 170g/m2, unbleached or bleached",S21,1.0,1312,alta,cadena,1.0,,549600649.6666666
551312,"Fabrics, woven: 3-thread or 4-thread twill, of polyester staple fibres, containing less than 85% by weight of such, mixed mainly or solely with cotton, not exceeding 170g/m2, unbleached or bleached",S21,1.0,1312,alta,cadena,1.0,,56470032.666666664
551313,"Fabrics, woven: of polyester staple fibres, containing less than 85% by weight of such fibres, mixed mainly or solely with cotton, not exceeding 170g/m2, unbleached or bleached",S21,1.0,1312,alta,cadena,1.0,,77853685.0
551319,"Fabrics, woven: containing less than 85% by weight of synthetic staple fibres (other than polyesters), mixed mainly or solely with cotton, not exceeding 170g/m2, unbleached or bleached",S21,1.0,1312,alta,cadena,1.0,,93692858.66666667
551321,"Fabrics, woven: plain weave, dyed, containing less than 85% by weight of polyester staple fibres, mixed mainly or solely with cotton, not exceeding 170g/m2",S21,1.0,1312,alta,cadena,1.0,,497779282.6666667
551322,"Fabrics, woven: 3- or 4-thread twill, including cross twill, dyed, containing less than 85% by weight of polyester staple fibres, mixed mainly or solely with cotton, not exceeding 170g/m2",S21,1.0,1312,alta,cadena,1.0,,43816211.333333336
551323,"Fabrics, woven: dyed, containing less than 85% by weight of polyester staple fibres, mixed mainly or solely with cotton, not exceeding 170g/m2",S21,1.0,1312,alta,cadena,1.0,,145667653.0
551329,"Fabrics, woven: dyed, containing less than 85% by weight of synthetic staple fibres (other than polyesters), mixed mainly or solely with cotton, not exceeding 170g/m2",S21,1.0,1312,alta,cadena,1.0,,83371538.33333333
551331,"Fabrics, woven: plain weave, of yarns of different colours, containing less than 85% by weight of polyester staple fibres, mixed mainly or solely with cotton, not exceeding 170g/m2",S21,1.0,1312,alta,cadena,1.0,,82267486.33333333
551332,"Fabrics, woven: 3- or 4-thread twill, including cross twill, of yarns of different colours, less than 85% by weight of polyester staple fibres, mixed mainly or solely with cotton, not exceeding 170g/m2",S21,1.0,1312,alta,cadena,1.0,,8354811.666666667
551333,"Fabrics, woven: of yarns of different colours, containing less than 85% by weight of polyester staple fibres, mixed mainly or solely with cotton, not exceeding 170g/m2, n.e.s. in heading no. 5513",S21,1.0,1312,alta,cadena,1.0,,26740815.333333332
551339,"Fabrics, woven: of yarns of different colours, containing less than 85% of synthetic staple fibres (other than polyesters), mixed mainly or solely with cotton, not exceeding 170g/m2",S21,1.0,1312,alta,cadena,1.0,,23897960.666666668
551341,"Fabrics, woven: plain weave, printed, of polyester staple fibres, containing less than 85% by weight of such fibres, mixed mainly or solely with cotton, not exceeding 170g/m2",S21,1.0,1312,alta,cadena,1.0,,224725449.0
551342,"Fabrics, woven: 3- or 4-thread twill, including cross twill, printed, containing less than 85% by weight of polyester staple fibres, mixed mainly or solely with cotton, not exceeding 170g/m2",S21,1.0,1312,alta,cadena,1.0,,8239050.666666667
551343,"Fabrics, woven: printed, containing less than 85% by weight of polyester staple fibres, mixed mainly or solely with cotton, not exceeding 170g/m2, n.e.s. in heading no. 5513",S21,1.0,1312,alta,cadena,1.0,,10378568.666666666
551349,"Fabrics, woven: printed, containing less than 85% by weight of synthetic staple fibres (other than polyesters), mixed mainly or solely with cotton, not exceeding 170g/m2",S21,1.0,1312,alta,cadena,1.0,,39885894.666666664
551411,"Fabrics, woven: plain weave, unbleached or bleached, containing less than 85% by weight of polyester staple fibres, mixed mainly or solely with cotton, exceeding 170g/m2",S21,1.0,1312,alta,cadena,1.0,,58183121.0
551412,"Fabrics, woven: 3- or 4-thread twill, including cross twill, unbleached or bleached, containing less than 85% by weight of polyester staple fibres, mixed mainly or solely with cotton, over 170g/m2",S21,1.0,1312,alta,cadena,1.0,,148505386.0
551413,"Fabrics, woven: unbleached or bleached, containing less than 85% by weight of polyester staple fibres, mixed mainly or solely with cotton, exceeding 170g/m2, n.e.s. in heading no. 5514",S21,1.0,1312,alta,cadena,1.0,,20919238.333333332
551419,"Fabrics, woven: unbleached or bleached, containing less than 85% by weight of synthetic staple fibres (other than polyesters), mixed mainly or solely with cotton, exceeding 170g/m2",S21,1.0,1312,alta,cadena,1.0,,18787465.0
551421,"Fabrics, woven: plain weave, dyed, containing less than 85% by weight of polyester staple fibres, mixed mainly or solely with cotton, exceeding 170g/m2",S21,1.0,1312,alta,cadena,1.0,,152786034.0
551422,"Fabrics, woven: 3- or 4-thread twill, including cross twill, dyed, containing less than 85% by weight of polyester staple fibres, mixed mainly or solely with cotton, exceeding 170g/m2",S21,1.0,1312,alta,cadena,1.0,,543362838.0
551423,"Fabrics, woven: dyed, containing less than 85% by weight of polyester staple fibres, mixed mainly or solely with cotton, exceeding 170g/m2, n.e.s. in  heading no. 5514",S21,1.0,1312,alta,cadena,1.0,,133635292.33333333
551429,"Fabrics, woven: dyed, containing less than 85% by weight of synthetic staple fibres (other than polyesters), mixed mainly or solely with cotton, exceeding 170g/m2",S21,1.0,1312,alta,cadena,1.0,,158495437.33333334
551431,"Fabrics, woven: plain weave, of yarns of different colours, containing less than 85% by weight of polyester staple fibres, mixed mainly or solely with cotton, exceeding 170g/m2",S21,1.0,1312,alta,cadena,1.0,,8516683.333333334
551432,"Fabrics, woven: 3- or 4-thread twill, including cross twill, of yarns of different colours, containing less than 85% by weight of polyester staple fibres, mixed mainly or solely with cotton, exceeding 170g/m2",S21,1.0,1312,alta,cadena,1.0,,6565934.666666667
551433,"Fabrics, woven: of yarns of different colours, of polyester staple fibres, containing less than 85% by weight of such, mixed mainly or solely with cotton, over 170g/m2, n.e.s. in heading no. 5514",S21,1.0,1312,alta,cadena,1.0,,60453058.666666664
551439,"Fabrics, woven: of yarns of different colours, containing less than 85% by weight of synthetic staple fibres (other than polyesters), mixed mainly or solely with cotton, exceeding 170g/m2",S21,1.0,1312,alta,cadena,1.0,,23441910.333333332
551441,"Fabrics, woven: plain weave, printed, containing less than 85% by weight of polyester staple fibres, mixed mainly or solely with cotton, exceeding 170g/m2",S21,1.0,1312,alta,cadena,1.0,,42620815.333333336
551442,"Fabrics, woven: 3- or 4-thread twill, including cross twill, printed, containing less than 85% by weight of polyester staple fibres, mixed mainly or solely with cotton, exceeding 170g/m2",S21,1.0,1312,alta,cadena,1.0,,241150193.0
551443,"Fabrics, woven: printed, containing less than 85% by weight of polyester staple fibres, mixed mainly or solely with cotton, weight exceeding 170g/m2, n.e.s. in heading no. 5514",S21,1.0,1312,alta,cadena,1.0,,33226984.333333332
551449,"Fabrics, woven: printed, containing less than 85% by weight of synthetic staple fibres (other than polyesters), mixed mainly or solely with cotton, exceeding 170g/m2",S21,1.0,1312,alta,cadena,1.0,,259557666.33333334
551511,"Fabrics, woven: of polyester staple fibres n.e.s. in chapter 55, mixed mainly or solely with viscose rayon staple fibres",S21,1.0,1312,alta,cadena,1.0,,2306540653.3333335
551512,"Fabrics, woven: of polyester staple fibres n.e.s. in chapter 55, mixed mainly or solely with man-made filaments",S21,1.0,1312,alta,cadena,1.0,,490443348.3333333
551513,"Fabrics, woven: of polyester staple fibres n.e.s. in chapter 55, mixed mainly or solely with wool or fine animal hair",S21,1.0,1312,alta,cadena,1.0,,465438595.3333333
551519,"Fabrics, woven: of polyester staple fibres n.e.s. in chapter 55, mixed mainly or solely with fibres n.e.s. in item no. 5515.1",S21,1.0,1312,alta,cadena,1.0,,207132077.0
551521,"Fabrics, woven: of acrylic or modacrylic staple fibres n.e.s. in chapter 55, mixed mainly or solely with man-made filaments",S21,1.0,1312,alta,cadena,1.0,,55096097.666666664
551522,"Fabrics, woven: of acrylic or modacrylic staple fibres n.e.s. in chapter 55, mixed mainly or solely with wool or fine animal hair",S21,1.0,1312,alta,cadena,1.0,,23431188.666666668
551529,"Fabrics, woven: of acrylic or modacrylic staple fibres n.e.s. in chapter 55, mixed mainly or solely with fibres n.e.s. in item no. 5515.2",S21,1.0,1312,alta,cadena,1.0,,143911507.33333334
551591,"Fabrics, woven: of synthetic staple fibres n.e.s. in chapter 55, mixed mainly or solely with man-made filaments",S21,1.0,1312,alta,cadena,1.0,,65466928.0
551592,"Fabrics, woven: of synthetic staple fibres n.e.s. in chapter 55, mixed mainly or solely with wool or fine animal hair",S21,1.0,1312,alta,cadena,1.0,,110839336.66666667
551599,"Fabrics, woven: of synthetic staple fibres n.e.s. in chapter 55, mixed mainly or solely with fibres n.e.s. in heading no. 5515",S21,1.0,1312,alta,cadena,1.0,,171699712.0
551611,"Fabrics, woven: unbleached or bleached, containing 85% or more by weight of artificial staple fibres",S21,1.0,1312,alta,cadena,1.0,,274967327.0
551612,"Fabrics, woven: dyed, containing 85% or more by weight of artificial staple fibres",S21,1.0,1312,alta,cadena,1.0,,1010563122.6666666
551613,"Fabrics, woven: of yarns of different colours, containing 85% or more by weight of artificial staple fibres",S21,1.0,1312,alta,cadena,1.0,,92406178.33333333
551614,"Fabrics, woven: printed, containing 85% or more by weight of artificial staple fibres",S21,1.0,1312,alta,cadena,1.0,,1623447448.0
551621,"Fabrics, woven: unbleached or bleached, containing less than 85% by weight of artificial staple fibres, mixed mainly or solely with manmade filaments",S21,1.0,1312,alta,cadena,1.0,,39778883.666666664
551622,"Fabrics, woven: dyed, containing less than 85% by weight of artificial staple fibres, mixed mainly or solely with man-made filaments",S21,1.0,1312,alta,cadena,1.0,,413495934.6666667
551623,"Fabrics, woven: of yarns of different colours, containing less than 85% by weight of artificial staple fibres, mixed mainly or solely with man-made filaments",S21,1.0,1312,alta,cadena,1.0,,70212009.0
551624,"Fabrics, woven: printed, containing less than 85% by weight of artificial staple fibres, mixed mainly or solely with man-made filaments",S21,1.0,1312,alta,cadena,1.0,,113009601.66666667
551631,"Fabrics, woven: unbleached or bleached, containing less than 85% by weight of artificial staple fibres, mixed mainly or solely with wool or fine animal hair",S21,1.0,1312,alta,cadena,1.0,,4118866.0
551632,"Fabrics, woven: dyed, containing less than 85% by weight of artificial staple fibres, mixed mainly or solely with wool or fine animal hair",S21,1.0,1312,alta,cadena,1.0,,34127098.666666664
551633,"Fabrics, woven: of yarns of different colours, containing less than 85% by weight of artificial staple fibres, mixed mainly or solely with wool or fine animal hair",S21,1.0,1312,alta,cadena,1.0,,56412322.666666664
551634,"Fabrics, woven: printed, containing less than 85% by weight of artificial staple fibres, mixed mainly or solely with wool or fine animal hair",S21,1.0,1312,alta,cadena,1.0,,4124109.3333333335
551641,"Fabrics, woven: unbleached or bleached, containing less than 85% by weight of artificial staple fibres, mixed mainly or solely with cotton",S21,1.0,1312,alta,cadena,1.0,,46771207.333333336
551642,"Fabrics, woven: dyed, containing less than 85% by weight of artificial staple fibres, mixed mainly or solely with cotton",S21,1.0,1312,alta,cadena,1.0,,62836845.333333336
551643,"Fabrics, woven: of yarns of different colours, containing less than 85% by weight of artificial staple fibres, mixed mainly or solely with cotton",S21,1.0,1312,alta,cadena,1.0,,51666330.666666664
551644,"Fabrics, woven: printed, containing less than 85% by weight of artificial staple fibres, mixed mainly or solely with cotton",S21,1.0,1312,alta,cadena,1.0,,25451819.666666668
551691,"Fabrics, woven: unbleached or bleached, of artificial staple fibres, n.e.s. in heading no. 5516",S21,1.0,1312,alta,cadena,1.0,,46834718.0
551692,"Fabrics, woven: dyed, of artificial staple fibres, n.e.s. in heading no. 5516",S21,1.0,1312,alta,cadena,1.0,,350041058.0
551693,"Fabrics, woven: of yarns of different colours, of artificial staple fibres, n.e.s. in heading no. 5516",S21,1.0,1312,alta,cadena,1.0,,81770022.66666667
551694,"Fabrics, woven: printed, of artificial staple fibres, n.e.s. in heading no. 5516",S21,1.0,1312,alta,cadena,1.0,,69708058.66666667
560110,"Wadding, other articles thereof, sanitary towels and tampons, napkins and napkin liners for babies and similar",S26,1.0,1709,alta,cadena,1.0,,1396328635.0
560121,"Wadding: other articles thereof, of cotton",S21,0.5,1399,baja,cadena,1.0,,993799033.6666666
560121,"Wadding: other articles thereof, of cotton",S26,0.5,1709,baja,cadena,1.0,,993799033.6666666
560122,"Wadding: other articles thereof, of man-made fibres",S21,0.5,1399,baja,cadena,1.0,,1447012777.6666667
560122,"Wadding: other articles thereof, of man-made fibres",S26,0.5,1709,baja,cadena,1.0,,1447012777.6666667
560129,"Wadding: other articles thereof, other than of cotton or man-made fibres",S21,0.5,1399,baja,cadena,1.0,,50770097.0
560129,"Wadding: other articles thereof, other than of cotton or man-made fibres",S26,0.5,1709,baja,cadena,1.0,,50770097.0
560130,Wadding: textile flock and dust and mill neps,S21,0.5,1399,baja,cadena,1.0,,405477193.3333333
560130,Wadding: textile flock and dust and mill neps,S26,0.5,1709,baja,cadena,1.0,,405477193.3333333
560210,"Felt: needleloom felt and stitch-bonded fibre fabrics, whether or not impregnated, coated, covered or laminated",S21,1.0,1399,alta,cadena,1.0,,834620333.6666666
560221,"Felt: of wool or fine animal hair (excluding needleloom felt or stitch-bonded fibre fabrics), not impregnated, coated, covered nor laminated",S21,1.0,1399,alta,cadena,1.0,,88058088.0
560229,"Felt: of textile materials other than wool or fine animal hair (excluding needleloom felt and stitch-bonded fibre fabrics), not impregnated, coated, covered or laminated",S21,1.0,1399,alta,cadena,1.0,,168696491.66666666
560290,"Felt: impregnated, coated, covered or laminated (excluding needleloom felt and stitch-bonded fibre fabrics)",S21,1.0,1399,alta,cadena,1.0,,284698083.0
560300,"Nonwovens: whether or not impregnated, coated, covered or laminated",S21,1.0,1399,alta,cadena,0.9999999999999996,,16550520045.333334
560410,Rubber thread and cord: textile covered,S21,1.0,1399,alta,cadena,1.0,,461449507.3333333
560420,"Yarn: high tenacity yarn of polyesters, nylon, other polyamides or of viscose rayon, impregnated or coated",S21,1.0,1399,alta,cadena,1.0,,268691998.6666667
560490,"Yarn: textile yarn, strip, and the like of heading no. 5404 or 5405, impregnated, coated, covered, or sheathed with rubber or plastics, n.e.s. in heading no. 5604",S21,1.0,1399,alta,cadena,1.0,,112299997.33333333
560500,"Yarn: metallised, whether or not gimped, of textile yarn, or strip or the like of heading no. 5404 or 5405, combined with metal in the form of thread, strip or powder or covered with metal",S21,1.0,1399,alta,cadena,1.0,,199509424.66666666
560600,"Yarn and strip and the like of heading no. 5404 or 5405: gimped, (other than those of heading no. 5406 and gimped horsehair yarn): chenille yarn (including flock chenille yarn): loop wale-yarn",S21,1.0,1399,alta,cadena,1.0,,587817823.3333334
560710,"Twine, cordage, ropes and cables: whether or not plaited, braided or impregnated, coated, covered or sheathed with rubber or plastics: of jute or other textile bast fibres of heading no. 5303",S21,1.0,1394,alta,cadena,1.0,,86139715.66666667
560721,"Twine: binder or baler twine, of sisal or other textile fibres of the genus agave",S21,1.0,1394,alta,cadena,1.0,,47152778.666666664
560729,"Twine, cordage, ropes, cables: of sisal or other textile fibres of the genus agave (excluding binder or baler twine), whether or not plaited, braided or rubber or plastic impregnated, coated, covered or sheathed",S21,1.0,1394,alta,cadena,1.0,,85749410.0
560730,"Twine, cordage, ropes, cables: of abaca (manila hemp or musa textilis nee) or other hard (leaf) fibres",S21,1.0,1394,alta,cadena,1.0,,
560741,"Twine: binder or baler twine, of polyethylene or polypropylene",S21,1.0,1394,alta,cadena,1.0,,312353463.0
560749,"Twine, cordage, ropes, cables: of polyethylene or polypropylene (excluding binder or baler twine), whether or not plaited, braided or rubber or plastic impregnated, coated, covered or sheathed",S21,1.0,1394,alta,cadena,1.0,,963336260.0
560750,"Twine, cordage, ropes, cables: of synthetic fibres other than polyethylene or polypropylene, whether or not plaited, braided or impregnated, coated, covered or sheathed with rubber or plastics",S21,1.0,1394,alta,cadena,1.0,,1244747844.6666667
560790,"Twine, cordage, ropes, cables: of materials n.e.s. in heading no. 5607, whether or not plaited, braided or impregnated, coated, covered, or sheathed with rubber or plastics",S21,1.0,1394,alta,cadena,1.0,,276135829.0
560811,"Twine, cordage or rope: fishing nets, made up, of man made textile materials",S21,1.0,1394,alta,cadena,1.0,,966764722.3333334
560819,"Twine, cordage or rope: knotted netting, for other than fishing, of man-made textile materials",S21,1.0,1394,alta,cadena,1.0,,970545647.6666666
560890,"Twine, cordage or rope: knotted netting, of other than man-made textiles",S21,1.0,1394,alta,cadena,1.0,,172526297.66666666
560900,"Yarn: articles of yarn, strip or the like of heading no. 5404 and 5405, twine, cordage, rope or cables n.e.s. or included",S21,1.0,1394,alta,cadena,1.0,,846685317.6666666
570110,"Carpets and other textile floor coverings: knotted, of wool or fine animal hair, whether or not made up",S21,1.0,1393,alta,cadena,1.0,,589474463.3333334
570190,"Carpets and other textile floor coverings: knotted, of textile materials (other than wool or fine animal hair), whether or not made up",S21,1.0,1393,alta,cadena,1.0,,302450832.6666667
570210,"Carpets and other textile floor coverings: woven, (not tufted or flocked), whether or not made up, including ""kelem"", ""schumacks"", ""karamanie"" and similar hand-woven rugs",S21,1.0,1393,alta,cadena,1.0,,117356210.33333333
570220,"Carpets and other textile floor coverings: woven, (not tufted or flocked), whether or not made up, of coconut fibres (coir)",S21,1.0,1393,alta,cadena,1.0,,59978573.333333336
570231,"Carpets and other textile floor coverings: woven, (not tufted or flocked), of wool or fine animal hair, of pile construction, not made up, n.e.s. in item no. 5702.10 or 5702.20",S21,1.0,1393,alta,cadena,1.0,,348469724.3333333
570232,"Carpets and other textile floor coverings: woven, (not tufted or flocked), of man-made textile materials, of pile construction, not made up, n.e.s. in item no. 5702.10 or 5702.20",S21,1.0,1393,alta,cadena,1.0,,322367938.0
570239,"Carpets and other textile floor coverings: woven, (not tufted or flocked), of textile materials (other than man-made, wool or fine animal hair), of pile construction, not made up, n.e.s. in item no. 5702.10 or 5702.20",S21,1.0,1393,alta,cadena,1.0,,48721167.0
570241,"Carpets and other textile floor coverings: woven, (not tufted or flocked), of wool or fine animal hair, of pile construction, made up, n.e.s. in item no. 5702.10 or 5702.20",S21,1.0,1393,alta,cadena,1.0,,187477499.0
570242,"Carpets and other textile floor coverings: woven, (not tufted or flocked), of man-made textile materials, of pile construction, made up, n.e.s. in item no. 5702.10 or 5702.20",S21,1.0,1393,alta,cadena,1.0,,3082775146.6666665
570249,"Carpets and other textile floor coverings: woven, (not tufted or flocked), of textile materials (other than man-made, wool or fine animal hair), of pile construction, made up, n.e.s. in item no. 5702.10 or 5702.20",S21,1.0,1393,alta,cadena,1.0,,167710352.0
570251,"Carpets and other textile floor coverings: woven, (not tufted or flocked), of wool or fine animal hair, not of pile construction, not made up, n.e.s. in item no. 5702.10 or 5702.20",S21,1.0,1393,alta,cadena,1.0,,30804558.666666668
570252,"Carpets and other textile floor coverings: woven, (not tufted or flocked), of man-made textile materials, not of pile construction, not made up, n.e.s. in item no. 5702.10 or 5702.20",S21,1.0,1393,alta,cadena,1.0,,54372709.0
570259,"Carpets and other textile floor coverings: woven, (not tufted or flocked), of textile materials (other than man-made or wool or fine animal hair), not of pile construction, not made up, n.e.s. in item no. 5702.10 or 5702.20",S21,1.0,1393,alta,cadena,1.0,,48915316.666666664
570291,"Carpets and other textile floor coverings: woven, (not tufted or flocked), of wool or fine animal hair, (not of pile construction), made up, n.e.s. in item no. 5702.10 or 5702.20",S21,1.0,1393,alta,cadena,1.0,,95875474.66666667
570292,"Carpets and other textile floor coverings: woven, (not tufted or flocked), of man-made textile materials, (not of pile construction), made up, n.e.s. in item no. 5702.10 or 5702.20",S21,1.0,1393,alta,cadena,1.0,,468902145.3333333
570299,"Carpets and other textile floor coverings: woven, (not tufted or flocked), of textile materials (other than man-made or wool or fine animal hair, not of pile construction), made up, n.e.s. in item no. 5702.10 or 5702.20",S21,1.0,1393,alta,cadena,1.0,,279497619.6666667
570310,"Carpets and other textile floor coverings: tufted, of wool or fine animal hair, whether or not made up",S21,1.0,1393,alta,cadena,1.0,,548174110.3333334
570320,"Carpets and other textile floor coverings: tufted, of nylon or other polyamides, whether or not made up",S21,1.0,1393,alta,cadena,1.0,,2262148467.3333335
570330,"Carpets and other textile floor coverings: tufted, of man-made textile materials (other than polyamides), whether or not made up",S21,1.0,1393,alta,cadena,1.0,,3321091017.3333335
570390,"Carpets and other textile floor coverings: tufted, of textile materials (other than man-made, wool or fine animal hair), whether or not made up",S21,1.0,1393,alta,cadena,1.0,,537576130.6666666
570410,"Textile floor coverings: felt tiles, (not tufted or flocked), whether or not made up, having a maximum surface area of 0.3m2",S21,1.0,1393,alta,cadena,1.0,,26391243.666666668
570490,"Carpets and other textile floor coverings: of felt, (not tufted or flocked), whether or not made up, other than tiles having a maximum surface area of 0.3m2",S21,1.0,1393,alta,cadena,1.0,,573500888.3333334
570500,"Carpets and other textile floor coverings: n.e.s. in chapter 57, whether or not made up",S21,1.0,1393,alta,cadena,1.0,,2583425962.6666665
580110,"Fabrics: woven pile, of wool or fine animal hair, other than fabrics of heading no. 5802 or 5806",S21,1.0,1312,alta,cadena,1.0,,78584345.0
580121,"Fabrics: woven pile, of cotton, uncut weft pile fabrics, other than fabrics of heading no. 5802 or 5806",S21,1.0,1312,alta,cadena,1.0,,21293329.0
580122,"Fabrics: woven pile, of cotton, cut corduroy, other than fabrics of heading no. 5802 or 5806",S21,1.0,1312,alta,cadena,1.0,,331495923.3333333
580123,"Fabrics: woven pile, of cotton, weft pile fabrics other than uncut and corduroy, other than fabrics of heading no. 5802 or 5806",S21,1.0,1312,alta,cadena,1.0,,22874256.0
580124,"Fabrics: woven pile, of cotton, warp pile fabrics, epingle (uncut), other than fabrics of heading no. 5802 or 5806",S21,1.0,1312,alta,cadena,1.0,,16602262.0
580125,"Fabrics: woven pile, of cotton, warp pile fabrics, cut, other than fabrics of heading no. 5802 or 5806",S21,1.0,1312,alta,cadena,1.0,,75207888.33333333
580126,"Fabrics: chenille, of cotton, other than fabrics of heading no. 5802 or 5806",S21,1.0,1312,alta,cadena,1.0,,16530519.666666666
580131,"Fabrics: woven pile, of man-made fibres, uncut weft pile fabrics, other than fabrics of heading no. 5802 or 5806",S21,1.0,1312,alta,cadena,1.0,,134600112.66666666
580132,"Fabrics: woven pile, of man-made fibres, cut corduroy, other than fabrics of heading no. 5802 or 5806",S21,1.0,1312,alta,cadena,1.0,,104953918.66666667
580133,"Fabrics: woven pile, of man-made fibres, other weft pile fabrics, other than fabrics of heading no. 5802 or 5806",S21,1.0,1312,alta,cadena,1.0,,221372692.0
580134,"Fabrics: woven pile, of man-made fibres, warp pile fabrics, epingle (uncut), other than fabrics of heading no. 5802 or 5806",S21,1.0,1312,alta,cadena,1.0,,310593985.3333333
580135,"Fabrics: woven pile, of man-made fibres, warp pile fabrics, cut, other than fabrics of heading no. 5802 or 5806",S21,1.0,1312,alta,cadena,1.0,,232523202.66666666
580136,"Fabrics: chenille, of man-made fibres, other than fabrics of heading no. 5802 or 5806",S21,1.0,1312,alta,cadena,1.0,,490360406.6666667
580190,"Fabrics: woven pile and chenille, of textile materials n.e.s. in heading no. 5801, other than fabrics of heading no. 5802 or 5806",S21,1.0,1312,alta,cadena,1.0,,66910328.0
580211,"Fabrics: terry towelling and similar woven terry fabrics, of cotton, unbleached, excluding narrow fabrics of heading no. 5806",S21,1.0,1312,alta,cadena,1.0,,51492107.0
580219,"Fabrics: terry towelling and similar woven terry fabrics, of cotton, bleached, excluding narrow fabrics of heading no. 5806",S21,1.0,1312,alta,cadena,1.0,,42336038.333333336
580220,"Fabrics: terry towelling and similar woven terry fabrics, of textile materials, excluding cotton, excluding narrow fabrics of heading no. 5806",S21,1.0,1312,alta,cadena,1.0,,43603863.333333336
580230,"Fabrics: tufted textile fabrics, excluding products of heading no. 5703",S21,1.0,1312,alta,cadena,1.0,,28165415.0
580310,"Gauze: of cotton, other than narrow fabrics of heading no. 5806",S21,1.0,1312,alta,cadena,1.0,,23547780.333333332
580390,"Gauze: of textile materials other than cotton, (excluding narrow fabrics of heading no. 5806)",S21,1.0,1312,alta,cadena,1.0,,46170596.0
580410,"Tulles and other net fabrics: excluding woven, knitted or crocheted fabrics, (other than fabrics of heading no. 6002)",S21,1.0,1399,alta,cadena,1.0,,611926026.0
580421,"Lace: mechanically made, of man-made fibres in the piece, in strips or in motifs, (other than fabrics of heading no. 6002)",S21,1.0,1399,alta,cadena,1.0,,690458701.6666666
580429,"Lace: mechanically made, of textile materials, (other than man-made fibres), in the piece, in strips or motifs, (other than fabrics of heading no. 6002)",S21,1.0,1399,alta,cadena,1.0,,118489896.0
580430,"Lace: hand-made, in the piece, in strips or motifs, (other than fabrics of heading no. 6002)",S21,1.0,1399,alta,cadena,1.0,,13189751.333333334
580500,"Tapestries: hand-woven, (gobelins, flanders, aubusson, beauvais and the like) and needle-worked tapestries (eg petit point, cross-stitch) whether or not made up",S21,1.0,1392,alta,cadena,1.0,,29606796.666666668
580610,Fabrics: woven pile (including terry towelling and similar terry fabrics) and chenille fabrics (excluding goods of heading no. 5807),S21,1.0,1399,alta,cadena,1.0,,406338954.6666667
580620,"Fabrics: narrow (excluding pile fabrics), containing by weight 5% or more of elastomeric yarn or rubber thread",S21,1.0,1399,alta,cadena,1.0,,1152211686.3333333
580631,"Fabrics: narrow woven fabrics, n.e.s. in heading no. 5806, of cotton (excluding goods of heading no. 5807)",S21,1.0,1399,alta,cadena,1.0,,194040691.66666666
580632,"Fabrics, narrow woven fabrics, n.e.s. in heading no. 5806, of man-made fibres (excluding goods of heading no. 5807)",S21,1.0,1399,alta,cadena,1.0,,2376592155.3333335
580639,"Fabrics: narrow woven fabrics, n.e.s. in heading no. 5806, of textile materials n.e.s. in item no. 5806.3 (excluding goods of heading no. 5807)",S21,1.0,1399,alta,cadena,1.0,,133379285.0
580640,"Fabrics: narrow woven, consisting of warp without weft, assembled by means of an adhesive (bolducs)",S21,1.0,1399,alta,cadena,1.0,,70415585.0
580710,"Labels, badges and similar articles: woven, of textile materials, in the piece, in strips or cut to shape or size, not embroidered",S21,1.0,1399,alta,cadena,1.0,,977740564.3333334
580790,"Labels, badges and similar articles: (other than woven), of textile materials, in the piece, in strips or cut to shape or size, not embroidered",S21,1.0,1399,alta,cadena,1.0,,149014882.66666666
580810,Braids: in the piece,S21,1.0,1399,alta,cadena,1.0,,268754986.0
580890,"Ornamental trimmings: tassels, pompons and similar articles: ornamental trimmings in the piece, without embroidery, other than knitted or crocheted",S21,1.0,1399,alta,cadena,1.0,,197013813.0
580900,"Fabrics, woven: of metal thread and metallised yarn of heading no. 5605, of a kind used in apparel, as furnishing fabrics or similar purposes: n.e.s. or included",S21,1.0,1399,alta,cadena,1.0,,27385201.666666668
581010,"Embroidery: without visible ground, in the piece, in strips or in motifs",S21,1.0,1399,alta,cadena,1.0,,150597521.0
581091,"Embroidery: with visible ground, of cotton, in the piece, in strips or in motifs",S21,1.0,1399,alta,cadena,1.0,,372445433.3333333
581092,"Embroidery: with visible ground, of man-made fibres, in the piece, in strips or in motifs",S21,1.0,1399,alta,cadena,1.0,,1225501706.3333333
581099,"Embroidery: with visible ground, of textile materials (other than cotton and man-made fibres), in the piece, in strips or in motifs",S21,1.0,1399,alta,cadena,1.0,,121192261.0
581100,"Quilted textile products: in the piece, composed of one or more layers of textile materials assembled with padding by stitching or otherwise (excluding embroidery of heading no. 5810)",S21,1.0,1399,alta,cadena,1.0,,245405850.0
590110,"Textile fabrics: coated with gum or amylaceous substances, of a kind used for the outer covers of books or the like",S21,1.0,1399,alta,cadena,1.0,,112958009.0
590190,"Textile fabrics: coated with gum or amylaceous substances, tracing cloth, prepared painting canvas, buckram and similar stiffened textile fabrics for hat foundations, (excluding book covers)",S21,1.0,1399,alta,cadena,1.0,,482264401.0
590210,Textile fabrics: tyrecord of high tenacity yarn of nylon or other polyamides,S21,1.0,1399,alta,cadena,1.0,,1291945929.3333333
590220,Textile fabrics: tyrecord of high tenacity yarn of polyester,S21,1.0,1399,alta,cadena,1.0,,1336637918.3333333
590290,Textile fabrics: tyrecord of high tenacity yarn of viscose rayon,S21,1.0,1399,alta,cadena,1.0,,299658774.6666667
590310,"Textile fabrics: impregnated, coated, covered or laminated with polyvinyl chloride",S21,1.0,1399,alta,cadena,1.0,,3748885405.0
590320,"Textile fabrics: impregnated, coated, covered or laminated with polyurethane",S21,1.0,1399,alta,cadena,1.0,,6042074252.0
590390,"Textile fabrics: impregnated, coated, covered or laminated with plastics, (excluding polyvinyl chloride, polyurethane and those of heading no. 5902)",S21,1.0,1399,alta,cadena,1.0,,4195886922.0
590410,"Linoleum, whether or not cut to shape",S32,1.0,2220,alta,cadena,1.0,,191943868.66666666
590491,"Textiles: floor coverings (excluding linoleum) consisting of a coating or covering applied on a base of needleloom felt or nonwovens, whether or not cut to shape",S32,1.0,2220,alta,cadena,1.0,,17618204.0
590492,"Textiles: floor coverings (excluding linoleum) consisting of a coating or covering applied on a textile base (excluding needleloom felt or nonwovens), whether or not cut to shape",S32,1.0,2220,alta,cadena,1.0,,43175383.666666664
590500,"Textile wall coverings of fabrics impregnated, coated, covered or laminated",S26,1.0,1709,alta,cadena,1.0,,141789318.33333334
590610,"Textile fabrics, rubberised: (excluding those of heading no. 5902), adhesive tape of a width not exceeding 20cm",S32,1.0,2219,alta,cadena,1.0,,764665612.3333334
590691,"Textile fabrics, rubberised: (excluding those of heading no. 5902 and adhesive tape of a width not exceeding 20cm), knitted or crocheted",S32,1.0,2219,alta,cadena,1.0,,130449343.66666667
590699,"Textile fabrics, rubberised: (excluding those of heading no. 5902 and adhesive tape of a width not exceeding 20cm), not knitted or crocheted",S32,1.0,2219,alta,cadena,1.0,,763934858.3333334
590700,"Textile fabrics: otherwise impregnated, coated or covered, painted canvas being theatrical scenery, studio back-cloths or the like",S21,1.0,1399,alta,cadena,1.0,,821811362.3333334
590800,"Textile wicks, woven, plaited or knitted: for lamps, stoves, lighters, candles or the like: incandescent gas mantles and tubular knitted gas mantle fabric therefor, whether or not impregnated",S21,1.0,1399,alta,cadena,1.0,,48502037.333333336
590900,"Textile hosepiping and similar textile tubing: with or without lining, armour or accessories of other materials",S21,1.0,1399,alta,cadena,1.0,,392882414.3333333
591000,"Textiles: transmission or conveyor belts or belting, of textile material, whether or not reinforced with metal or other material",S21,1.0,1399,alta,cadena,1.0,,656707700.0
591110,"Textile fabric, felt and felt-lined woven fabrics, with one or more layers of rubber, leather or other material, of a kind used for card clothing, similar fabric for other technical uses",S21,1.0,1399,alta,cadena,1.0,,451848616.6666667
591120,"Textile products and articles for technical uses: bolting cloth, whether or not made up",S21,1.0,1399,alta,cadena,1.0,,329050407.3333333
591131,"Textiles: fabrics and felts, endless or fitted with linking devices, of a kind used in paper-making or similar machines, weighing less than 650g/m2",S21,1.0,1399,alta,cadena,1.0,,281211761.6666667
591132,"Textiles: fabrics and felts, endless or fitted with linking devices, of a kind used in paper-making or similar machines, weighing 650g/m2 or more",S21,1.0,1399,alta,cadena,1.0,,910907308.0
591140,"Textile products and articles for technical uses: straining cloth of a kind used in oil presses and the like, including that of human hair",S21,1.0,1399,alta,cadena,1.0,,428568815.0
591190,Textile products and articles for technical uses: n.e.s. in heading no. 5911,S21,1.0,1399,alta,cadena,1.0,,2964204230.0
600110,"Fabrics: ""long pile"" fabrics, knitted or crocheted",S21,1.0,1391,alta,cadena,1.0,,461481679.0
600121,"Fabrics: looped pile fabrics, of cotton, knitted or crocheted",S21,1.0,1391,alta,cadena,1.0,,428836258.0
600122,"Fabrics: looped pile fabrics, of man-made fibres, knitted or crocheted",S21,1.0,1391,alta,cadena,1.0,,389227069.3333333
600129,"Fabrics: looped pile fabrics, of textile materials (other than cotton or man-made fibres), knitted or crocheted",S21,1.0,1391,alta,cadena,1.0,,74262136.66666667
600191,"Fabrics: pile fabrics (excluding ""long pile"" and loop pile), of cotton, knitted or crocheted",S21,1.0,1391,alta,cadena,1.0,,867417364.3333334
600192,"Fabrics: pile fabrics (excluding ""long pile"" and loop pile), of man-made fibres, knitted or crocheted",S21,1.0,1391,alta,cadena,1.0,,4404001161.666667
600199,"Fabrics: pile fabrics (excluding ""long pile"" and loop pile), of textile materials (other than cotton or man-made fibres), knitted or crocheted",S21,1.0,1391,alta,cadena,1.0,,78192597.0
600210,"Fabrics: knitted or crocheted (excluding pile fabrics), 30cm wide or less, containing 5% or more by weight of elastomeric yarn or rubber thread",S21,1.0,1391,alta,cadena,1.0,,396704751.6666667
600220,"Fabrics: knitted or crocheted (excluding pile fabrics), 30cm or less wide",S21,0.95288581,1391,alta,cadena,1.0,,257189694.0
600220,"Fabrics: knitted or crocheted (excluding pile fabrics), 30cm or less wide",S43,0.04711419,3250,alta,cadena,1.0,,257189694.0
600230,"Fabrics: knitted or crocheted (excluding pile fabrics), wider than 30cm, containing 5% or more by weight of elastomeric yarn or rubber thread",S21,1.0,1391,alta,cadena,1.0,,8816169406.666666
600241,"Fabrics: warp knit, (including those made on galloon knitting machines, excluding pile fabrics), of wool or fine animal hair",S21,1.0,1391,alta,cadena,1.0,,106830746.66666667
600242,"Fabrics: warp knit, (including those made on galloon knitting machines, excluding pile fabrics), of cotton",S21,1.0,1391,alta,cadena,1.0,,130458609.33333333
600243,"Fabrics: warp knit, (including those made on galloon knitting machines, excluding pile fabrics), of man-made fibres",S21,1.0,1391,alta,cadena,1.0,,3140405488.0
600249,"Fabrics: warp knit, (including those made on galloon knitting machines, excluding pile fabrics), of fibres n.e.s. in item no. 6002.4",S21,1.0,1391,alta,cadena,1.0,,152258235.33333334
600291,"Fabrics: knitted or crocheted (excluding pile fabrics and warp knit), of wool or fine animal hair",S21,1.0,1391,alta,cadena,1.0,,274946655.6666667
600292,"Fabrics: knitted or crocheted (excluding pile fabrics and warp knit), of cotton",S21,1.0,1391,alta,cadena,0.9999999999999999,,6271299290.0
600293,"Fabrics: knitted or crocheted (excluding pile fabrics and warp knit), of man-made fibres",S21,1.0,1391,alta,cadena,0.9999,,11250204597.666666
600299,"Fabrics: knitted or crocheted (excluding pile fabrics and warp knit), of fibres n.e.s. in item no. 6002.9",S21,1.0,1391,alta,cadena,1.0,,811461750.6666666
610110,"Coats: men's or boys' overcoats, car-coats, capes, anoraks, wind-jackets and similar articles, of wool or fine animal hair, knitted or crocheted (excluding those of heading no. 6103)",S22,1.0,1410,alta,cadena,1.0,,168025375.0
610120,"Coats: men's or boys' overcoats, car-coats, capes, anoraks, wind-jackets and similar articles, of cotton, knitted or crocheted (excluding those of heading no. 6103)",S22,1.0,1410,alta,cadena,1.0,,1054737208.6666666
610130,"Coats: men's or boys' overcoats, car-coats, capes, anoraks, wind-jackets and similar articles, of man-made fibres, knitted or crocheted, (excluding those of heading no. 6103)",S22,1.0,1410,alta,cadena,1.0,,1526698904.0
610190,"Coats: men's or boys' overcoats, car-coats, capes, anoraks, wind-jackets and similar articles, of textile materials n.e.s. in heading no. 6101, knitted or crocheted (excluding those of heading no. 6103)",S22,1.0,1410,alta,cadena,1.0,,166596126.0
610210,"Coats: women's or girls' overcoats, car-coats, capes, anoraks, wind-jackets and similar articles, of wool or fine animal hair, knitted or crocheted (excluding those of heading no. 6104)",S22,1.0,1410,alta,cadena,1.0,,305258461.0
610220,"Coats: women's or girls' overcoats, car-coats, capes, anoraks, wind-jackets and similar articles, of cotton, knitted or crocheted (excluding those of heading no. 6104)",S22,1.0,1410,alta,cadena,1.0,,1073733024.3333334
610230,"Coats: women's or girls' overcoats, car-coats, capes, anoraks, wind-jackets and similar articles, of man-made fibres, knitted or crocheted (excluding those of heading no. 6104)",S22,1.0,1410,alta,cadena,1.0,,2504617709.6666665
610290,"Coats: women's or girls' overcoats, car-coats, capes, anoraks, wind-jackets and similar articles, of textile materials n.e.s. in heading no. 6102, knitted or crocheted (excluding those of heading no. 6104)",S22,1.0,1410,alta,cadena,1.0,,192159496.66666666
610311,"Suits: men's or boys', of wool or fine animal hair, knitted or crocheted",S22,1.0,1410,alta,cadena,1.0,,79165755.0
610312,"Suits: men's or boys', of synthetic fibres, knitted or crocheted",S22,1.0,1410,alta,cadena,1.0,,40603649.333333336
610319,"Suits: men's or boys', of textile materials (other than wool, fine animal hair or synthetic fibres), knitted or crocheted",S22,1.0,1410,alta,cadena,1.0,,41644020.0
610321,"Ensembles: men's or boys', of wool or fine animal hair, knitted or crocheted",S22,1.0,1410,alta,cadena,1.0,,24745299.333333332
610322,"Ensembles: men's or boys', of cotton, knitted or crocheted",S22,1.0,1410,alta,cadena,1.0,,519686509.0
610323,"Ensembles: men's or boys', of synthetic fibres, knitted or crocheted",S22,1.0,1410,alta,cadena,1.0,,424196219.3333333
610329,"Ensembles: men's or boys', of textile materials (other than wool or fine animal hair, cotton or synthetic fibres), knitted or crocheted",S22,1.0,1410,alta,cadena,1.0,,105892224.33333333
610331,"Jackets and blazers: men's or boys', of wool or fine animal hair, knitted or crocheted",S22,1.0,1410,alta,cadena,1.0,,171286730.66666666
610332,"Jackets and blazers: men's or boys', of cotton, knitted or crocheted",S22,1.0,1410,alta,cadena,1.0,,1110834100.0
610333,"Jackets and blazers: men's or boys', of synthetic fibres, knitted or crocheted",S22,1.0,1410,alta,cadena,1.0,,995050247.0
610339,"Jackets and blazers: men's or boys', of textile materials (other than wool or fine animal hair, cotton or synthetic fibres), knitted or crocheted",S22,1.0,1410,alta,cadena,1.0,,369441979.0
610341,"Trousers, bib and brace overalls, breeches and shorts: men's or boys', of wool or fine animal hair, knitted or crocheted",S22,1.0,1410,alta,cadena,1.0,,115976139.33333333
610342,"Trousers, bib and brace overalls, breeches and shorts: men's or boys', of cotton, knitted or crocheted",S22,1.0,1410,alta,cadena,1.0,,5253909225.666667
610343,"Trousers, bib and brace overalls, breeches and shorts: men's or boys', of synthetic fibres, knitted or crocheted",S22,1.0,1410,alta,cadena,1.0,,4544362567.333333
610349,"Trousers, bib and brace overalls, breeches and shorts: men's or boys', of textile materials (other than wool or fine animal hair, cotton or synthetic fibres), knitted or crocheted",S22,1.0,1410,alta,cadena,1.0,,1028058150.3333334
610411,"Suits: women's or girls', of wool or fine animal hair, knitted or crocheted",S22,1.0,1410,alta,cadena,1.0,,116947628.66666667
610412,"Suits: women's or girls', of cotton, knitted or crocheted",S22,1.0,1410,alta,cadena,1.0,,111898822.0
610413,"Suits: women's or girls', of synthetic fibres, knitted or crocheted",S22,1.0,1410,alta,cadena,1.0,,73899179.0
610419,"Suits: women's or girls', of textile materials (other than wool or fine animal hair, cotton or synthetic fibres), knitted or crocheted",S22,1.0,1410,alta,cadena,1.0,,100867342.0
610421,"Ensembles: women's or girls', of wool or fine animal hair, knitted or crocheted",S22,1.0,1410,alta,cadena,1.0,,54273200.333333336
610422,"Ensembles: women's or girls', of cotton, knitted or crocheted",S22,1.0,1410,alta,cadena,1.0,,587780546.0
610423,"Ensembles: women's or girls', of synthetic fibres, knitted or crocheted",S22,1.0,1410,alta,cadena,1.0,,913575822.6666666
610429,"Ensembles: women's or girls', of textile materials (other than wool or fine animal hair, cotton or synthetic fibres), knitted or crocheted",S22,1.0,1410,alta,cadena,1.0,,140812087.66666666
610431,"Jackets: women's or girls', of wool or fine animal hair, knitted or crocheted",S22,1.0,1410,alta,cadena,1.0,,132459659.0
610432,"Jackets: women's or girls', of cotton, knitted or crocheted",S22,1.0,1410,alta,cadena,1.0,,1778891920.6666667
610433,"Jackets: women's or girls', of synthetic fibres, knitted or crocheted",S22,1.0,1410,alta,cadena,1.0,,2165051873.6666665
610439,"Jackets: women's or girls', of textile materials (other than wool or fine animal hair, cotton or synthetic fibres), knitted or crocheted",S22,1.0,1410,alta,cadena,1.0,,379245047.0
610441,"Dresses: women's or girls', of wool or fine animal hair, knitted or crocheted",S22,1.0,1410,alta,cadena,1.0,,224110023.0
610442,"Dresses: women's or girls', of cotton, knitted or crocheted",S22,1.0,1410,alta,cadena,1.0,,2896145494.3333335
610443,"Dresses: women's or girls', of synthetic fibres, knitted or crocheted",S22,1.0,1410,alta,cadena,1.0,,4974053575.0
610444,"Dresses: women's or girls', of artificial fibres, knitted or crocheted",S22,1.0,1410,alta,cadena,1.0,,1542232999.6666667
610449,"Dresses: women's or girls', of textile materials (other than wool or fine animal hair, cotton, synthetic or artificial fibres), knitted or crocheted",S22,1.0,1410,alta,cadena,1.0,,408579398.3333333
610451,"Skirts and divided skirts: women's or girls', of wool or fine animal hair, knitted or crocheted",S22,1.0,1410,alta,cadena,1.0,,70963319.66666667
610452,"Skirts and divided skirts: women's or girls', of cotton, knitted or crocheted",S22,1.0,1410,alta,cadena,1.0,,543225283.6666666
610453,"Skirts and divided skirts: women's or girls', of synthetic fibres, knitted or crocheted",S22,1.0,1410,alta,cadena,1.0,,1285111361.3333333
610459,"Skirts and divided skirts: women's or girls', of textile materials (other than wool or fine animal hair, cotton or synthetic fibres), knitted or crocheted",S22,1.0,1410,alta,cadena,1.0,,301190063.3333333
610461,"Trousers, bib and brace overalls, breeches and shorts: women's or girls', of wool or fine animal hair, knitted or crocheted",S22,1.0,1410,alta,cadena,1.0,,203054679.0
610462,"Trousers, bib and brace overalls, breeches and shorts: women's or girls', of cotton, knitted or crocheted",S22,1.0,1410,alta,cadena,1.0,,7805291012.666667
610463,"Trousers, bib and brace overalls, breeches and shorts: women's or girls', of synthetic fibres, knitted or crocheted",S22,1.0,1410,alta,cadena,1.0,,9659770758.0
610469,"Trousers, bib and brace overalls, breeches and shorts: women's or girls', of textile materials (other than wool or fine animal hair, cotton or synthetic fibres), knitted or crocheted",S22,1.0,1410,alta,cadena,1.0,,1659599685.0
610510,"Shirts: men's or boys', of cotton, knitted or crocheted",S22,1.0,1410,alta,cadena,1.0,,5272570978.666667
610520,"Shirts: men's or boys', of man-made fibres, knitted or crocheted",S22,1.0,1410,alta,cadena,1.0,,2915014565.6666665
610590,"Shirts: men's or boys', of textile materials (other than cotton or man-made fibres), knitted or crocheted",S22,1.0,1410,alta,cadena,1.0,,857005916.3333334
610610,"Blouses, shirts and shirt-blouses: women's or girls', of cotton, knitted or crocheted",S22,1.0,1410,alta,cadena,1.0,,1796064051.0
610620,"Blouses, shirts and shirt-blouses: women's or girls', of man-made fibres, knitted or crocheted",S22,1.0,1410,alta,cadena,1.0,,1867591690.6666667
610690,"Blouses, shirts and shirt-blouses: women's or girls', of textile materials (other than cotton or man-made fibres), knitted or crocheted",S22,1.0,1410,alta,cadena,1.0,,382376105.3333333
610711,"Underpants and briefs: men's or boys', of cotton, knitted or crocheted",S22,1.0,1410,alta,cadena,1.0,,4274970091.3333335
610712,"Underpants and briefs: men's or boys', of man-made fibres, knitted or crocheted",S22,1.0,1410,alta,cadena,1.0,,1691634661.3333333
610719,"Underpants and briefs: men's or boys', of textile materials (other than cotton or man-made fibres), knitted or crocheted",S22,1.0,1410,alta,cadena,1.0,,218023093.33333334
610721,"Nightshirts and pyjamas: men's or boys', of cotton, knitted or crocheted",S22,1.0,1410,alta,cadena,1.0,,944578206.3333334
610722,"Nightshirts and pyjamas: men's or boys', of man-made fibres, knitted or crocheted",S22,1.0,1410,alta,cadena,1.0,,563412266.6666666
610729,"Nightshirts and pyjamas: men's or boys', of textile materials (other than cotton or man-made fibres), knitted or crocheted",S22,1.0,1410,alta,cadena,1.0,,132455423.33333333
610791,"Bathrobes, dressing gowns and similar articles: men's or boys', of cotton, knitted or crocheted",S22,1.0,1410,alta,cadena,1.0,,204230697.33333334
610792,"Bathrobes, dressing gowns and similar articles: men's or boys', of man-made fibres, knitted or crocheted",S22,1.0,1410,alta,cadena,1.0,,231054629.66666666
610799,"Bathrobes, dressing gowns and similar articles: men's or boys', of textile materials (other than cotton or man-made fibres), knitted or crocheted",S22,1.0,1410,alta,cadena,1.0,,61998676.666666664
610811,"Slips and petticoats: women's or girls', of man-made fibres, knitted or crocheted",S22,1.0,1410,alta,cadena,1.0,,82237605.33333333
610819,"Slips and petticoats: women's or girls', of textile materials (other than man-made fibres), knitted or crocheted",S22,1.0,1410,alta,cadena,1.0,,42255311.0
610821,"Briefs and panties: women's or girls', of cotton, knitted or crocheted",S22,1.0,1410,alta,cadena,1.0,,3300285499.3333335
610822,"Briefs and panties: women's or girls', of man-made fibres, knitted or crocheted",S22,1.0,1410,alta,cadena,1.0,,3171451569.6666665
610829,"Briefs and panties: women's or girls', of textile materials (other than cotton or man-made fibres), knitted or crocheted",S22,0.9237,1410,media,cadena,1.0,,195496053.0
610829,"Briefs and panties: women's or girls', of textile materials (other than cotton or man-made fibres), knitted or crocheted",S26,0.0763,1709,media,cadena,1.0,,195496053.0
610831,"Nightdresses and pyjamas: women's or girls', of cotton, knitted or crocheted",S22,1.0,1410,alta,cadena,1.0,,1742353665.6666667
610832,"Nightdresses and pyjamas: women's or girls', of man-made fibres, knitted or crocheted",S22,1.0,1410,alta,cadena,1.0,,2663586612.6666665
610839,"Nightdresses and pyjamas: women's or girls', of textile materials (other than cotton or man-made fibres), knitted or crocheted",S22,1.0,1410,alta,cadena,1.0,,211426717.0
610891,"Negligees, bathrobes, dressing gowns and similar articles: women's or girls', of cotton, knitted or crocheted",S22,1.0,1410,alta,cadena,1.0,,869067168.6666666
610892,"Negligees, bathrobes, dressing gowns and similar articles: women's or girls', of man-made fibres, knitted or crocheted",S22,1.0,1410,alta,cadena,1.0,,1737753370.6666667
610899,"Negligees, bathrobes, dressing gowns and similar articles: women's or girls', of textile materials (other than cotton or man-made fibres), knitted or crocheted",S22,1.0,1410,alta,cadena,1.0,,106503853.33333333
610910,"T-shirts, singlets and other vests: of cotton, knitted or crocheted",S22,1.0,"1410,1430",alta,cadena,1.0,,34071751674.666668
610990,"T-shirts, singlets and other vests: of textile materials (other than cotton), knitted or crocheted",S22,1.0,"1410,1430",alta,cadena,1.0,,15112516298.0
611010,"Jerseys, pullovers, cardigans, waistcoats and similar articles: of wool or fine animal hair, knitted or crocheted",S22,1.0,1430,alta,cadena,1.0001,,6790762333.666667
611020,"Jerseys, pullovers, cardigans, waistcoats and similar articles: of cotton, knitted or crocheted",S22,1.0,1430,alta,cadena,1.0,,25561380945.666668
611030,"Jerseys, pullovers, cardigans, waistcoats and similar articles: of man-made fibres, knitted or crocheted",S22,1.0,1430,alta,cadena,1.0,,26156657070.333332
611090,"Jerseys, pullovers, cardigans, waistcoats and similar articles: of textile materials (other than wool or fine animal hair, cotton or man-made fibres), knitted or crocheted",S22,1.0,1430,alta,cadena,1.0,,1803980294.0
611110,"Garments and clothing accessories: babies', of wool or fine animal hair, knitted or crocheted",S22,1.0,1410,alta,cadena,1.0,,212804311.66666666
611120,"Garments and clothing accessories: babies', of cotton, knitted or crocheted",S22,1.0,1410,alta,cadena,1.0,,6053432565.666667
611130,"Garments and clothing accessories: babies', of synthetic fibres, knitted or crocheted",S22,1.0,1410,alta,cadena,1.0,,947272458.6666666
611190,"Garments and clothing accessories: babies', of textile materials (other than wool or fine animal hair, cotton or synthetic fibres), knitted or crocheted",S22,1.0,1410,alta,cadena,1.0,,314446883.6666667
611211,"Track suits: of cotton, knitted or crocheted",S22,1.0,1410,alta,cadena,1.0,,489841426.3333333
611212,"Track suits: of synthetic fibres, knitted or crocheted",S22,1.0,1410,alta,cadena,1.0,,718923523.3333334
611219,"Track suits: of textile materials (other than cotton or synthetic fibres), knitted or crocheted",S22,1.0,1410,alta,cadena,1.0,,101834345.0
611220,Ski suits: knitted or crocheted,S22,1.0,1410,alta,cadena,1.0,,27869521.666666668
611231,"Swimwear: men's or boys', of synthetic fibres, knitted or crocheted",S22,1.0,1410,alta,cadena,1.0,,352461801.0
611239,"Swimwear: men's or boys', of textile materials (other than synthetic fibres), knitted or crocheted",S22,1.0,1410,alta,cadena,1.0,,22760484.666666668
611241,"Swimwear: women's or girls', of synthetic fibres, knitted or crocheted",S22,1.0,1410,alta,cadena,1.0,,3803092795.6666665
611249,"Swimwear: women's or girls', of textile materials (other than synthetic fibres), knitted or crocheted",S22,1.0,1410,alta,cadena,1.0,,98063719.33333333
611300,"Garments: made up of knitted or crocheted rubberised textile fabrics, or fabrics otherwise impregnated, coated, covered or laminated",S22,1.0,1410,alta,cadena,1.0,,1353036802.6666667
611410,"Garments: of wool or fine animal hair, knitted or crocheted, n.e.s. in chapter 61",S22,1.0,1410,alta,cadena,1.0,,375944036.6666667
611420,"Garments: of cotton, knitted or crocheted, n.e.s. in chapter 61",S22,1.0,1410,alta,cadena,1.0,,3067594085.6666665
611430,"Garments: of man-made fibres, knitted or crocheted, n.e.s. in chapter 61",S22,1.0,1410,alta,cadena,1.0,,4761194229.666667
611490,"Garments: of textile materials (other than wool or fine animal hair, cotton or man-made fibres), knitted or crocheted, n.e.s. in chapter 61",S22,1.0,1410,alta,cadena,1.0,,1449080426.6666667
611511,"Hosiery: panty hose and tights, of synthetic fibres, measuring per single yarn less than 67 decitex, knitted or crocheted",S22,1.0,1430,alta,cadena,1.0,,1173945667.6666667
611512,"Hosiery: panty hose and tights, of synthetic fibres, measuring per single yarn 67 decitex or more, knitted or crocheted",S22,1.0,1430,alta,cadena,1.0,,478249626.3333333
611519,"Hosiery: panty hose and tights, of textile materials (other than synthetic fibres), knitted or crocheted",S22,1.0,1430,alta,cadena,1.0,,590630995.3333334
611520,"Hosiery: women's, full-length or knee-length, measuring per single yarn less than 67 decitex, knitted or crocheted",S22,1.0,1430,alta,cadena,1.0,,258956271.33333334
611591,"Hosiery and footwear: without applied soles, of wool or fine animal hair, knitted or crocheted (excluding tights, women's full or knee-length hosiery measuring per single yarn less than 67 decitex)",S22,1.0,1430,alta,cadena,1.0,,318128431.6666667
611592,"Hosiery and footwear: without applied soles, of cotton, knitted or crocheted (excluding panty hose, tights, full or knee-length hosiery measuring per single yarn less than 67 decitex)",S22,1.0,1430,alta,cadena,1.0,,6240288725.666667
611593,"Hosiery and footwear: without applied soles, of synthetic fibres, knitted or crocheted (excluding panty hose, tights, full or knee-length hosiery measuring per single yarn less than 67 decitex)",S22,1.0,1430,alta,cadena,1.0,,4955204475.666667
611599,"Hosiery and footwear: without applied soles, of textile materials n.e.s. in item no. 6115.9, knitted or crocheted (excluding tights, full or knee-length hosiery of less than 67 decitex per single yarn)",S22,1.0,1430,alta,cadena,1.0,,492630937.3333333
611610,"Gloves: knitted or crocheted, impregnated, coated or covered with plastics or rubber",S22,1.0,1410,alta,cadena,1.0,,3269715106.0
611691,"Gloves, mittens and mitts: of wool or fine animal hair, knitted or crocheted, (other than impregnated, coated or covered with plastics or rubber)",S22,1.0,1410,alta,cadena,1.0,,161530972.0
611692,"Gloves, mittens and mitts: of cotton, knitted or crocheted, (other than impregnated, coated or covered with plastics or rubber)",S22,1.0,1410,alta,cadena,1.0,,462082335.0
611693,"Gloves, mittens and mitts: of synthetic fibres, knitted or crocheted, (other than impregnated, coated or covered with plastics or rubber)",S22,1.0,1410,alta,cadena,0.9999999999999999,,1362027190.0
611699,"Gloves, mittens and mitts: of textile materials (other than wool or fine animal hair, cotton or synthetic fibres), knitted or crocheted, (other than impregnated, coated or covered with plastics or rubber)",S22,1.0,1410,alta,cadena,0.9999999999999999,,188455054.66666666
611710,"Shawls, scarves, mufflers, mantillas, veils and the like: knitted or crocheted",S22,1.0,1410,alta,cadena,1.0,,1435552020.0
611720,"Ties, bow ties and cravats: knitted or crocheted",S22,1.0,1410,alta,cadena,1.0,,94213119.66666667
611780,"Clothing accessories: knitted or crocheted, n.e.s. in heading no. 6117",S22,1.0,1410,alta,cadena,1.0,,1046199343.0
611790,"Clothing: parts, knitted or crocheted",S22,1.0,1410,alta,cadena,1.0,,687111208.0
620111,"Coats: men's or boys', overcoats, raincoats, car-coats, capes, cloaks and similar articles, of wool or fine animal hair, other than those of heading no. 6203 (not knitted or crocheted)",S22,1.0,1410,alta,cadena,1.0,,610704128.6666666
620112,"Coats: men's or boys', overcoats, raincoats, car-coats, capes, cloaks and similar articles, of cotton, other than those of heading no. 6203 (not knitted or crocheted)",S22,1.0,1410,alta,cadena,1.0,,362659881.0
620113,"Coats: men's or boys', overcoats, raincoats, car-coats, capes, cloaks and similar articles, of man-made fibres, other than those of heading no. 6203 (not knitted or crocheted)",S22,1.0,1410,alta,cadena,1.0,,1988533240.6666667
620119,"Coats: men's or boys', overcoats, raincoats, car-coats, capes, cloaks and similar articles, of textile materials (other than wool or fine animal hair, cotton or man-made fibres), other than those of heading no. 6203 (not knitted or crocheted)",S22,1.0,1410,alta,cadena,1.0,,1015507214.3333334
620191,"Anoraks (including ski-jackets), wind-cheaters, wind-jackets and similar articles: men's or boys', of wool or fine animal hair, other than those of heading no. 6203 (not knitted or crocheted)",S22,1.0,1410,alta,cadena,1.0,,364321898.3333333
620192,"Anoraks (including ski-jackets), wind-cheaters, wind-jackets and similar articles: men's or boys', of cotton, other than those of heading no. 6203 (not knitted or crocheted)",S22,1.0,1410,alta,cadena,1.0,,1458857775.3333333
620193,"Anoraks (including ski-jackets), wind-cheaters, wind-jackets and similar articles: men's or boys', of man-made fibres, other than those of heading no. 6203 (not knitted or crocheted)",S22,1.0,1410,alta,cadena,1.0,,10555965845.666666
620199,"Anoraks (including ski-jackets), wind-cheaters, wind-jackets and similar articles: men's or boys', of textile materials (other than wool or fine animal hair, cotton or man-made fibres), other than those of heading no. 6203 (not knitted or crocheted)",S22,1.0,1410,alta,cadena,1.0,,7285378.0
620211,"Coats: women's or girls', overcoats, raincoats, car-coats, capes, cloaks and similar articles, of wool or fine animal hair, other than those of heading no. 6204 (not knitted or crocheted)",S22,1.0,1410,alta,cadena,1.0,,1759592112.6666667
620212,"Coats: women's or girls', overcoats, raincoats, car-coats, capes, cloaks and similar articles, of cotton, other than those of heading no. 6204 (not knitted or crocheted)",S22,1.0,1410,alta,cadena,1.0,,632388883.3333334
620213,"Coats: women's or girls', overcoats, raincoats, car-coats, capes, cloaks and similar articles, of man-made fibres, other than those of heading no. 6204 (not knitted or crocheted)",S22,1.0,1410,alta,cadena,1.0,,4911205936.666667
620219,"Coats: women's or girls', overcoats, raincoats, car-coats, capes, cloaks and similar articles, of textile materials (other than wool or fine animal hair, cotton or man-made fibres), other than those of heading no. 6204 (not knitted or crocheted)",S22,1.0,1410,alta,cadena,1.0,,928526702.6666666
620291,"Anoraks (including ski-jackets), wind-cheaters, wind-jackets and similar articles: women's or girls', of wool or fine animal hair, other than those of heading no. 6204 (not knitted or crocheted)",S22,1.0,1410,alta,cadena,1.0,,235799586.0
620292,"Anoraks (including ski-jackets), wind-cheaters, wind-jackets and similar articles: women's or girls', of cotton, other than those of heading no. 6204 (not knitted or crocheted)",S22,1.0,1410,alta,cadena,1.0,,1370512438.3333333
620293,"Anoraks (including ski-jackets), wind-cheaters, wind-jackets and similar articles: women's or girls', of man-made fibres, other than those of heading no. 6204 (not knitted or crocheted)",S22,1.0,1410,alta,cadena,1.0,,9796908024.333334
620299,"Anoraks (including ski-jackets), wind-cheaters, wind-jackets and similar articles: women's or girls', of textile materials n.e.s. in item no. 6202.9, other than those of heading no. 6204, (not knitted or crocheted)",S22,1.0,1410,alta,cadena,1.0,,525785182.6666667
620311,"Suits: men's or boys', of wool or fine animal hair (not knitted or crocheted)",S22,1.0,1410,alta,cadena,1.0,,1146188613.3333333
620312,"Suits: men's or boys', of synthetic fibres (not knitted or crocheted)",S22,1.0,1410,alta,cadena,1.0,,815907464.6666666
620319,"Suits: men's or boys', of textile materials n.e.s. in item no. 6203.1 (not knitted or crocheted)",S22,1.0,1410,alta,cadena,1.0,,481519719.0
620321,"Ensembles: men's or boys', of wool or fine animal hair (not knitted or crocheted)",S22,1.0,1410,alta,cadena,1.0,,22759631.666666668
620322,"Ensembles: men's or boys', of cotton (not knitted or crocheted)",S22,1.0,1410,alta,cadena,1.0,,1852581391.0
620323,"Ensembles: men's or boys', of synthetic fibres (not knitted or crocheted)",S22,1.0,1410,alta,cadena,1.0,,533945301.0
620329,"Ensembles: men's or boys', of textile materials n.e.s. in item no. 6203.2 (not knitted or crocheted)",S22,1.0,1410,alta,cadena,1.0,,231563065.0
620331,"Jackets and blazers: men's or boys', of wool or fine animal hair (not knitted or crocheted)",S22,1.0,1410,alta,cadena,1.0,,1400720840.6666667
620332,"Jackets and blazers: men's or boys', of cotton (not knitted or crocheted)",S22,1.0,1410,alta,cadena,1.0,,1648887892.6666667
620333,"Jackets and blazers: men's or boys', of synthetic fibres (not knitted or crocheted)",S22,1.0,1410,alta,cadena,1.0,,2947879062.6666665
620339,"Jackets and blazers: men's or boys', of textile materials n.e.s. in item no. 6203.3 (not knitted or crocheted)",S22,1.0,1410,alta,cadena,1.0,,949964596.3333334
620341,"Trousers, bib and brace overalls, breeches and shorts: men's or boys', of wool or fine animal hair (not knitted or crocheted)",S22,1.0,1410,alta,cadena,1.0,,764727158.6666666
620342,"Trousers, bib and brace overalls, breeches and shorts: men's or boys', of cotton (not knitted or crocheted)",S22,1.0,1410,alta,cadena,1.0,,23086135445.333332
620343,"Trousers, bib and brace overalls, breeches and shorts: men's or boys', of synthetic fibres (not knitted or crocheted)",S22,1.0,1410,alta,cadena,1.0,,9802539819.0
620349,"Trousers, bib and brace overalls, breeches and shorts: men's or boys', of textile materials (other than wool, fine animal hair, cotton or synthetic fibres), (not knitted or crocheted)",S22,1.0,1410,alta,cadena,1.0,,1927892068.6666667
620411,"Suits: women's or girls', of wool or fine animal hair (not knitted or crocheted)",S22,1.0,1410,alta,cadena,1.0,,98449901.0
620412,"Suits: women's or girls', of cotton (not knitted or crocheted)",S22,1.0,1410,alta,cadena,1.0,,127514526.0
620413,"Suits: women's or girls', of synthetic fibres (not knitted or crocheted)",S22,1.0,1410,alta,cadena,1.0,,169684364.66666666
620419,"Suits: women's or girls', of textile materials n.e.s. in item no. 6204.1 (not knitted or crocheted)",S22,1.0,1410,alta,cadena,1.0,,685789471.3333334
620421,"Ensembles: women's or girls', of wool or fine animal hair (not knitted or crocheted)",S22,1.0,1410,alta,cadena,1.0,,20960605.666666668
620422,"Ensembles: women's or girls', of cotton (not knitted or crocheted)",S22,1.0,1410,alta,cadena,1.0,,380581531.6666667
620423,"Ensembles: women's or girls', of synthetic fibres (not knitted or crocheted)",S22,1.0,1410,alta,cadena,1.0,,864602561.6666666
620429,"Ensembles: women's or girls', of textile materials n.e.s. in item no. 6204.2 (not knitted or crocheted)",S22,1.0,1410,alta,cadena,1.0,,469955565.0
620431,"Jackets and blazers: women's or girls', of wool or fine animal hair (not knitted or crocheted)",S22,1.0,1410,alta,cadena,1.0,,769452911.0
620432,"Jackets and blazers: women's or girls', of cotton (not knitted or crocheted)",S22,1.0,1410,alta,cadena,1.0,,2969152900.0
620433,"Jackets and blazers: women's or girls', of synthetic fibres (not knitted or crocheted)",S22,1.0,1410,alta,cadena,1.0,,4934285485.0
620439,"Jackets and blazers: women's or girls', of textile materials n.e.s. in item no. 6204.3 (not knitted or crocheted)",S22,1.0,1410,alta,cadena,1.0,,1296757549.0
620441,"Dresses: women's or girls', of wool or fine animal hair (not knitted or crocheted)",S22,1.0,1410,alta,cadena,1.0,,241967789.66666666
620442,"Dresses: women's or girls', of cotton (not knitted or crocheted)",S22,1.0,1410,alta,cadena,1.0,,4853264444.0
620443,"Dresses: women's or girls', of synthetic fibres (not knitted or crocheted)",S22,1.0,1410,alta,cadena,1.0,,8303427075.0
620444,"Dresses: women's or girls', of artificial fibres (not knitted or crocheted)",S22,1.0,1410,alta,cadena,1.0,,3373990766.3333335
620449,"Dresses: women's or girls', of textile materials n.e.s. in item no. 6204.4 (not knitted or crocheted)",S22,1.0,1410,alta,cadena,1.0,,2311201670.0
620451,"Skirts and divided skirts: women's or girls', of wool or fine animal hair (not knitted or crocheted)",S22,1.0,1410,alta,cadena,1.0,,223279763.66666666
620452,"Skirts and divided skirts: women's or girls', of cotton (not knitted or crocheted)",S22,1.0,1410,alta,cadena,1.0,,1774914869.0
620453,"Skirts and divided skirts: women's or girls', of synthetic fibres (not knitted or crocheted)",S22,1.0,1410,alta,cadena,1.0,,2388518631.6666665
620459,"Skirts and divided skirts: women's or girls', of textile materials n.e.s. in item no. 6204.5 (not knitted or crocheted)",S22,1.0,1410,alta,cadena,1.0,,934765192.6666666
620461,"Trousers, bib and brace overalls, breeches and shorts: women's or girls', of wool or fine animal hair (not knitted or crocheted)",S22,1.0,1410,alta,cadena,1.0,,379410588.3333333
620462,"Trousers, bib and brace overalls, breeches and shorts: women's or girls', of cotton (not knitted or crocheted)",S22,1.0,1410,alta,cadena,1.0,,19511930062.0
620463,"Trousers, bib and brace overalls, breeches and shorts: women's or girls', of synthetic fibres (not knitted or crocheted)",S22,1.0,1410,alta,cadena,1.0,,8303769405.666667
620469,"Trousers, bib and brace overalls, breeches and shorts: women's or girls', of textile materials (other than wool, fine animal hair, cotton or synthetic fibres), (not knitted or crocheted)",S22,1.0,1410,alta,cadena,1.0,,4400766077.0
620510,"Shirts: men's or boys', of wool or fine animal hair (not knitted or crocheted)",S22,1.0,1410,alta,cadena,1.0,,148811947.66666666
620520,"Shirts: men's or boys', of cotton (not knitted or crocheted)",S22,1.0,1410,alta,cadena,1.0,,8331277751.0
620530,"Shirts: men's or boys', of man-made fibres (not knitted or crocheted)",S22,1.0,1410,alta,cadena,1.0,,2560974969.6666665
620590,"Shirts: men's or boys', of textile materials n.e.s. in heading no. 6205 (not knitted or crocheted)",S22,1.0,1410,alta,cadena,1.0,,1327823820.0
620610,"Blouses, shirts and shirt-blouses: women's or girls', of silk or silk waste (not knitted or crocheted)",S22,1.0,1410,alta,cadena,1.0,,503262722.0
620620,"Blouses, shirts and shirt-blouses: women's or girls', of wool or fine animal hair (not knitted or crocheted)",S22,1.0,1410,alta,cadena,1.0,,64659286.0
620630,"Blouses, shirts and shirt-blouses: women's or girls', of cotton (not knitted or crocheted)",S22,1.0,1410,alta,cadena,1.0,,3869644323.3333335
620640,"Blouses, shirts and shirt-blouses: women's or girls', of man-made fibres (not knitted or crocheted)",S22,1.0,1410,alta,cadena,1.0,,5282000586.0
620690,"Blouses, shirts and shirt-blouses: women's or girls', of textile materials n.e.s. in heading no. 6206 (not knitted or crocheted)",S22,1.0,1410,alta,cadena,1.0,,1360212312.0
620711,"Underpants and briefs: men's or boys', of cotton (not knitted or crocheted)",S22,1.0,1410,alta,cadena,1.0,,382817244.0
620719,"Underpants and briefs: men's or boys', of textile materials other than cotton (not knitted or crocheted)",S22,1.0,1410,alta,cadena,1.0,,98783603.33333333
620721,"Nightshirts and pyjamas: men's or boys', of cotton (not knitted or crocheted)",S22,1.0,1410,alta,cadena,1.0,,201353243.66666666
620722,"Nightshirts and pyjamas: men's or boys', of man-made fibres (not knitted or crocheted)",S22,1.0,1410,alta,cadena,1.0,,69058434.0
620729,"Nightshirts and pyjamas: men's or boys', of textile materials other than cotton or man-made fibres (not knitted or crocheted)",S22,1.0,1410,alta,cadena,1.0,,48956517.333333336
620791,"Singlets and other vests, bathrobes, dressing gowns and similar articles: men's or boys', of cotton (not knitted or crocheted)",S22,1.0,1410,alta,cadena,1.0,,311252575.0
620792,"Singlets and other vests, bathrobes, dressing gowns and similar articles: men's or boys', of man-made fibres (not knitted or crocheted)",S22,1.0,1410,alta,cadena,1.0,,196980455.33333334
620799,"Singlets and other vests, bathrobes, dressing gowns and similar articles: men's or boys', of textile materials other than cotton or man-made fibres (not knitted or crocheted)",S22,1.0,1410,alta,cadena,1.0,,44558803.333333336
620811,"Slips and petticoats: women's or girls', of man-made fibres (not knitted or crocheted)",S22,1.0,1410,alta,cadena,1.0,,63042179.0
620819,"Slips and petticoats: women's or girls', of textile materials other than man-made fibres (not knitted or crocheted)",S22,1.0,1410,alta,cadena,1.0,,66172564.666666664
620821,"Nightdresses and pyjamas: women's or girls', of cotton (not knitted or crocheted)",S22,1.0,1410,alta,cadena,1.0,,483717256.0
620822,"Nightdresses and pyjamas: women's or girls', of man-made fibres (not knitted or crocheted)",S22,1.0,1410,alta,cadena,1.0,,758109547.6666666
620829,"Nightdresses and pyjamas: women's or girls', of textile materials other than cotton or man-made fibres (not knitted or crocheted)",S22,1.0,1410,alta,cadena,1.0,,165629928.0
620891,"Singlets and other vests, briefs, panties, negligees, bathrobes, dressing gowns and similar articles: women's or girls', of cotton (not knitted or crocheted)",S22,1.0,1410,alta,cadena,1.0,,548946059.0
620892,"Singlets and other vests, briefs, panties, negligees, bathrobes, dressing gowns and similar articles: women's or girls', of man-made fibres (not knitted or crocheted)",S22,1.0,1410,alta,cadena,1.0,,522838151.3333333
620899,"Singlets and other vests, briefs, panties, negligees, bathrobes, dressing gowns and similar articles: women's or girls', of textile materials other than cotton or man-made fibres (not knitted or crocheted)",S22,1.0,1410,alta,cadena,1.0,,225025425.33333334
620910,"Garments and clothing accessories: babies', of wool or fine animal hair (not knitted or crocheted)",S22,0.7761,1410,media,cadena,1.0,,48876242.666666664
620910,"Garments and clothing accessories: babies', of wool or fine animal hair (not knitted or crocheted)",S26,0.2239,1709,media,cadena,1.0,,48876242.666666664
620920,"Garments and clothing accessories: babies', of cotton (not knitted or crocheted)",S22,1.0,1410,alta,cadena,1.0,,1204965133.3333333
620930,"Garments and clothing accessories: babies', of synthetic fibres (not knitted or crocheted)",S22,1.0,1410,alta,cadena,1.0,,501589844.3333333
620990,"Garments and clothing accessories: babies', of textile materials other than wool or fine animal hair, cotton or synthetic fibres (not knitted or crocheted)",S22,0.7761,1410,media,cadena,1.0,,203718455.66666666
620990,"Garments and clothing accessories: babies', of textile materials other than wool or fine animal hair, cotton or synthetic fibres (not knitted or crocheted)",S26,0.2239,1709,media,cadena,1.0,,203718455.66666666
621010,Garments: of felt or non-wovens (not knitted or crocheted),S22,1.0,1410,alta,cadena,1.0,,2204512043.0
621020,"Garments: overcoats, raincoats, car-coats, capes, cloaks and similar articles, men's or boys', of the fabrics of heading no. 5602, 5603, 5903, 5906 or 5907 (not knitted or crocheted)",S22,1.0,1410,alta,cadena,1.0,,405713235.6666667
621030,"Garments: overcoats, raincoats, car-coats, capes, cloaks and similar articles, women's or girls', of the fabrics of heading no. 5602, 5603, 5903, 5906 or 5907 (not knitted or crocheted)",S22,1.0,1410,alta,cadena,1.0,,479472594.0
621040,"Garments: men's or boys', n.e.s. in item no. 6210.2, of the fabrics of heading no. 5602, 5603, 5903, 5906 or 5907 (not knitted or crocheted)",S22,1.0,1410,alta,cadena,1.0,,4177605377.0
621050,"Garments: women's or girls', n.e.s. in item no. 6210.3, of the fabrics of heading no. 5602, 5603, 5903, 5906 or 5907 (not knitted or crocheted)",S22,1.0,1410,alta,cadena,1.0,,3985403699.0
621111,"Swimwear: men's or boys', (not knitted or crocheted)",S22,1.0,1410,alta,cadena,1.0,,794056328.0
621112,"Swimwear: women's or girls', (not knitted or crocheted)",S22,1.0,1410,alta,cadena,1.0,,285764920.0
621120,Ski suits: (not knitted or crocheted),S22,1.0,1410,alta,cadena,1.0,,189642848.33333334
621131,"Track suits and other garments n.e.s.: men's or boys', of wool or fine animal hair (not knitted or crocheted)",S22,1.0,1410,alta,cadena,1.0,,253672896.33333334
621132,"Track suits and other garments n.e.s.: men's or boys', of cotton (not knitted or crocheted)",S22,1.0,1410,alta,cadena,1.0,,1199225377.6666667
621133,"Track suits and other garments n.e.s.: men's or boys', of man-made fibres (not knitted or crocheted)",S22,1.0,1410,alta,cadena,1.0,,3108035072.3333335
621139,"Track suits and other garments n.e.s.: men's or boys', of textile materials n.e.s. in item no. 6211.3 (not knitted or crocheted)",S22,1.0,1410,alta,cadena,1.0,,279752050.0
621141,"Track suits and other garments n.e.s.: women's or girls', of wool or fine animal hair (not knitted or crocheted)",S22,1.0,1410,alta,cadena,1.0,,57554463.0
621142,"Track suits and other garments n.e.s.: women's or girls', of cotton (not knitted or crocheted)",S22,1.0,1410,alta,cadena,1.0,,1703770295.6666667
621143,"Track suits and other garments n.e.s.: women's or girls', of man-made fibres (not knitted or crocheted)",S22,1.0,1410,alta,cadena,1.0,,4836410282.0
621149,"Track suits and other garments n.e.s.: women's or girls', of textile materials n.e.s. in item no. 6211.4 (not knitted or crocheted)",S22,1.0,1410,alta,cadena,1.0,,1582408178.6666667
621210,Brassieres: whether or not knitted or crocheted,S22,1.0,1410,alta,cadena,1.0,,10105218002.333334
621220,Girdles and panty-girdles: whether or not knitted or crocheted,S22,1.0,1410,alta,cadena,1.0,,399055188.3333333
621230,Corselettes: whether or not knitted or crocheted,S22,1.0,1410,alta,cadena,1.0,,353138349.6666667
621290,"Braces, suspenders, garters and similar articles: whether or not knitted or crocheted, n.e.s. in heading no. 6212",S22,1.0,1410,alta,cadena,1.0,,641151290.0
621310,Handkerchiefs: of silk or silk waste (not knitted or crocheted),S22,1.0,1410,alta,cadena,1.0,,50290625.0
621320,Handkerchiefs: of cotton (not knitted or crocheted),S22,1.0,1410,alta,cadena,1.0,,82540524.33333333
621390,Handkerchiefs: of textile materials other than silk or cotton (not knitted or crocheted),S22,1.0,1410,alta,cadena,1.0,,16606005.0
621410,"Shawls, scarves, mufflers, mantillas, veils and the like: of silk or silk waste (not knitted or crocheted)",S22,1.0,1410,alta,cadena,1.0,,679425091.3333334
621420,"Shawls, scarves, mufflers, mantillas, veils and the like: of wool or fine animal hair (not knitted or crocheted)",S22,1.0,1410,alta,cadena,1.0,,1134504979.3333333
621430,"Shawls, scarves, mufflers, mantillas, veils and the like: of synthetic fibres (not knitted or crocheted)",S22,1.0,1410,alta,cadena,1.0,,1275047720.0
621440,"Shawls, scarves, mufflers, mantillas, veils and the like: of artificial fibres (not knitted or crocheted)",S22,1.0,1410,alta,cadena,1.0,,132303408.33333333
621490,"Shawls, scarves, mufflers, mantillas, veils and the like: of textile materials n.e.s. in heading no. 6214 (not knitted or crocheted)",S22,1.0,1410,alta,cadena,1.0,,378120475.3333333
621510,"Ties, bow ties and cravats: of silk or silk waste (not knitted or crocheted)",S22,1.0,1410,alta,cadena,1.0,,244438630.0
621520,"Ties, bow ties and cravats: of man-made fibres (not knitted or crocheted)",S22,1.0,1410,alta,cadena,1.0,,151390234.0
621590,"Ties, bow ties and cravats: of textile materials other than silk or man-made fibres (not knitted or crocheted)",S22,1.0,1410,alta,cadena,1.0,,50090603.0
621600,"Gloves, mittens and mitts (not knitted or crocheted)",S22,1.0,1410,alta,cadena,1.0,,1171769520.6666667
621710,Clothing accessories: other than those of heading no. 6212 (not knitted or crocheted),S22,1.0,1410,alta,cadena,1.0,,1437074950.6666667
621790,"Clothing: parts of garments or of clothing accessories, other than those of heading no. 6212 (not knitted or crocheted)",S22,1.0,1410,alta,cadena,1.0,,1367953358.3333333
630110,Blankets: electric,S40,1.0,2750,alta,cadena,1.0,,519199267.0
630120,Blankets (other than electric blankets) and travelling rugs: of wool or fine animal hair,S21,1.0,1392,alta,cadena,1.0,,334459856.0
630130,Blankets (other than electric blankets) and travelling rugs: of cotton,S21,1.0,1392,alta,cadena,1.0,,436928027.6666667
630140,Blankets (other than electric blankets) and travelling rugs: of synthetic fibres,S21,1.0,1392,alta,cadena,1.0,,3962668387.3333335
630190,Blankets and travelling rugs: n.e.s. in heading no. 6301,S21,1.0,1392,alta,cadena,1.0,,215632442.33333334
630210,Bed linen: knitted or crocheted,S21,1.0,1392,alta,cadena,1.0,,1593021740.6666667
630221,"Bed linen: of cotton, printed, not knitted or crocheted",S21,1.0,1392,alta,cadena,1.0,,1925365177.3333333
630222,"Bed linen: of man-made fibres, printed, not knitted or crocheted",S21,1.0,1392,alta,cadena,1.0,,1093230839.0
630229,"Bed linen: of textile materials (other than cotton or man-made fibres), printed, not knitted or crocheted",S21,1.0,1392,alta,cadena,1.0,,84809226.0
630231,"Bed linen: of cotton (not printed, knitted or crocheted)",S21,1.0,1392,alta,cadena,1.0,,3819716412.0
630232,"Bed linen: of man-made fibres (not printed, knitted or crocheted)",S21,1.0,1392,alta,cadena,1.0,,2255285034.0
630239,"Bed linen: of textile materials other than cotton or man-made fibres (not printed, knitted or crocheted)",S21,1.0,1392,alta,cadena,1.0,,1421569200.3333333
630240,Table linen: knitted or crocheted,S21,1.0,1392,alta,cadena,1.0,,91636324.33333333
630251,"Table linen: of cotton, not knitted or crocheted",S21,1.0,1392,alta,cadena,1.0,,343687516.6666667
630252,"Table linen: of flax, not knitted or crocheted",S21,1.0,1392,alta,cadena,1.0,,91088329.0
630253,"Table linen: of man-made fibres, not knitted or crocheted",S21,1.0,1392,alta,cadena,1.0,,756263313.6666666
630259,"Table linen: of textile materials (other than cotton, flax or man-made fibres), not knitted or crocheted",S21,1.0,1392,alta,cadena,1.0,,67190595.0
630260,"Kitchen and toilet linen: of terry towelling or similar terry fabrics, of cotton",S21,1.0,1392,alta,cadena,1.0,,6045617183.666667
630291,"Toilet and kitchen linen: of cotton, excluding terry towelling or similar terry fabrics",S21,1.0,1392,alta,cadena,1.0,,466768266.0
630292,Toilet and kitchen linen: of flax,S21,1.0,1392,alta,cadena,1.0,,173080042.66666666
630293,Toilet and kitchen linen: of man-made fibres,S21,1.0,1392,alta,cadena,1.0,,1383923639.0
630299,"Toilet and kitchen linen: of textile materials (other than cotton, flax or man-made fibres)",S21,1.0,1392,alta,cadena,1.0,,180292732.0
630311,"Curtains (including drapes) and interior blinds: curtain or bed valances, knitted or crocheted, of cotton",S21,1.0,1392,alta,cadena,1.0,,41615034.666666664
630312,"Curtains (including drapes) and interior blinds: curtain or bed valances, knitted or crocheted, of synthetic fibres",S21,1.0,1392,alta,cadena,1.0,,430074462.3333333
630319,"Curtains (including drapes) and interior blinds: curtain or bed valances, knitted or crocheted, of textile materials other than cotton or synthetic fibres",S21,1.0,1392,alta,cadena,1.0,,64190957.666666664
630391,"Curtains (including drapes) and interior blinds, curtain or bed valances: of cotton, not knitted or crocheted",S21,1.0,1392,alta,cadena,1.0,,277122916.6666667
630392,"Curtains (including drapes) and interior blinds, curtain or bed valances: of synthetic fibres, not knitted or crocheted",S21,1.0,1392,alta,cadena,1.0,,4256239033.0
630399,"Curtains (including drapes) and interior blinds, curtain or bed valances: of textile materials other than cotton or synthetic fibres, not knitted or crocheted",S21,1.0,1392,alta,cadena,1.0,,320976874.0
630411,Bedspreads: knitted or crocheted,S21,1.0,1392,alta,cadena,1.0,,178652886.33333334
630419,Bedspreads: not knitted or crocheted,S21,1.0,1392,alta,cadena,1.0,,1116919811.6666667
630491,"Furnishing articles: excluding those of heading no. 9404, knitted or crocheted (excluding bedspreads)",S21,1.0,1392,alta,cadena,1.0,,1096931617.3333333
630492,"Furnishing articles: of cotton, not knitted or crocheted (excluding bedspreads and articles of heading no. 9404)",S21,1.0,1392,alta,cadena,1.0,,1189642671.0
630493,"Furnishing articles: of synthetic fibres, not knitted or crocheted (excluding bedspreads and articles of heading no. 9404)",S21,1.0,1392,alta,cadena,1.0,,1525470629.6666667
630499,"Furnishing articles: of textile materials other than cotton or synthetic fibres, not knitted or crocheted (excluding bedspreads and articles of heading no. 9404)",S21,1.0,1392,alta,cadena,1.0,,395601659.6666667
630510,"Sacks and bags: of a kind used for the packing of goods, of jute or of other textile bast fibres of heading no. 5303",S21,1.0,1392,alta,cadena,1.0,,251703640.0
630520,"Sacks and bags: of a kind used for the packing of goods, of cotton",S21,1.0,1392,alta,cadena,1.0,,214884987.0
630531,"Sacks and bags: of a kind used for the packing of goods, of polyethylene or polypropylene strip or the like",S21,1.0,1392,alta,cadena,1.0,,4303483659.666667
630539,"Sacks and bags: of a kind used for the packing of goods, of man-made textile materials, not of polyethylene or polypropylene strip or the like",S21,1.0,1392,alta,cadena,1.0,,653978532.6666666
630590,"Sacks and bags: of a kind used for the packing of goods, of textile materials (other than jute, cotton or man-made textile materials)",S21,1.0,1392,alta,cadena,1.0,,211724971.66666666
630611,"Tarpaulins, awnings and sunblinds: of cotton",S21,1.0,1392,alta,cadena,1.0,,105915586.66666667
630612,"Tarpaulins, awnings and sunblinds: of synthetic fibres",S21,1.0,1392,alta,cadena,1.0,,1753015811.3333333
630619,"Tarpaulins, awnings and sunblinds: of textile materials other than cotton or synthetic fibres",S21,1.0,1392,alta,cadena,1.0,,318898222.6666667
630621,Tents: of cotton,S21,1.0,1392,alta,cadena,1.0,,425375493.6666667
630622,Tents: of synthetic fibres,S21,1.0,1392,alta,cadena,1.0,,2910745120.6666665
630629,Tents: of textile materials other than cotton or synthetic fibres,S21,1.0,1392,alta,cadena,1.0,,54571471.666666664
630631,Sails: of synthetic fibres,S21,1.0,1392,alta,cadena,1.0,,195934322.0
630639,Sails: of textile materials other than synthetic fibres,S21,1.0,1392,alta,cadena,1.0,,22317544.666666668
630641,Pneumatic mattresses: of cotton,S21,1.0,1392,alta,cadena,1.0,,3376794.6666666665
630649,Pneumatic mattresses: of textile materials other than cotton,S21,1.0,1392,alta,cadena,1.0,,383218405.0
630691,"Sailboards, landcraft or camping goods: of cotton",S21,1.0,1392,alta,cadena,1.0,,90135780.66666667
630699,"Sailboards, landcraft or camping goods: of textile materials other than cotton",S21,1.0,1392,alta,cadena,1.0,,443178330.0
630710,"Cloths: floor cloths, dish-cloths, dusters and similar cleaning cloths",S21,1.0,1392,alta,cadena,1.0,,2843509761.6666665
630720,Life-jackets and life-belts,S21,1.0,1392,alta,cadena,1.0,,618064727.3333334
630790,"Textiles: made up articles (including dress patterns), n.e.s. in chapter 63, n.e.s. in heading no. 6307",S21,1.0,1392,alta,cadena,1.0,,14502957932.0
630800,"Fabrics, woven and yarn: in sets, whether or not with accessories, for making up into rugs, tapestries, embroidered table cloths or serviettes or similar textile articles, packaged for retail sale",S21,1.0,1392,alta,cadena,1.0,,85503900.33333333
630900,"Clothing: worn, and other worn articles",S47,1.0,3830,media,regla_residuos,1.0,,5046096191.666667
631010,"Rags: used or new, scrap twine, cordage, rope and cables and worn out articles of twine, cordage, rope or cables, of textile materials: sorted",S47,1.0,3830,media,regla_residuos,1.0,,383920205.0
631090,"Rags: used or new, scrap twine, cordage, rope and cables and worn out articles of twine, cordage, rope or cables, of textile materials: other than sorted",S47,1.0,3830,media,regla_residuos,1.0,,237174568.66666666
640110,"Footwear: waterproof with metal toe-cap, rubber or plastic outer soles and uppers (not assembled by stitch, rivet, nail, screw, plug or similar)",S23,1.0,1520,alta,cadena,1.0,,231461820.66666666
640191,"Footwear: waterproof, covering the knee, rubber or plastic outer soles and uppers (not assembled by stitch, rivet, nail, screw, plug or similar)",S23,1.0,1520,alta,cadena,1.0,,74890739.66666667
640192,"Footwear: waterproof, covering the ankle (but not the knee), rubber or plastic outer soles and uppers (not assembled by stitch, rivet, nail, screw, plug or similar)",S23,1.0,1520,alta,cadena,1.0,,1069773312.0
640199,"Footwear: waterproof, n.e.s. in heading no. 6401, rubber or plastic outer soles and uppers (not assembled by stitch, rivet, nail, screw, plug or similar)",S23,1.0,1520,alta,cadena,1.0,,216751260.33333334
640211,"Sports footwear: ski boots and cross-country ski footwear, with outer soles and uppers of rubber or plastics",S43,1.0,3230,alta,cadena,1.0,,1091968841.3333333
640219,"Sports footwear: (other than ski-boots and cross-country ski footwear), with outer soles and uppers of rubber or plastics",S23,1.0,1520,alta,cadena,1.0,,3105276118.0
640220,"Footwear: with outer soles and uppers of rubber or plastics, upper straps or thongs assembled to the sole by plugs",S23,1.0,1520,alta,cadena,1.0,,1995265561.6666667
640230,"Footwear: with metal toe-caps, outer soles and uppers of rubber or plastics",S23,1.0,1520,alta,cadena,1.0,,167409075.0
640291,"Footwear: n.e.s. in heading no. 6402, covering the ankle, with outer soles and uppers of rubber or plastics",S23,0.999999999999958,1520,alta,cadena,1.0,,5110939893.666667
640291,"Footwear: n.e.s. in heading no. 6402, covering the ankle, with outer soles and uppers of rubber or plastics",S43,4.2058352454019377e-14,3230,alta,cadena,1.0,,5110939893.666667
640299,"Footwear: n.e.s. in heading no. 6402, (other than just covering the ankle), with outer soles and uppers of rubber or plastics",S23,1.0,1520,alta,cadena,1.0,,31600531190.0
640311,"Sports footwear: ski-boots and cross-country ski footwear, outer soles of rubber, plastics, leather or composition leather, uppers of leather",S43,1.0,3230,alta,cadena,1.0,,23177455.333333332
640319,"Sports footwear: (other than ski-boots or cross-country ski footwear), with outer soles of rubber, plastics, leather or composition leather and uppers of leather",S23,1.0,1520,alta,cadena,1.0,,3691630151.6666665
640320,"Footwear: with outer soles of leather, uppers consisting of leather straps across instep and around the big toe",S23,1.0,1520,alta,cadena,1.0,,200030065.33333334
640330,"Footwear: made on wooden base or platform, without inner sole or metal toe cap, outer sole of rubber, plastic, leather or composition leather, uppers of leather",S23,1.0,1520,alta,cadena,1.0,,
640340,"Footwear: with metal toe-cap, outer soles of rubber, plastics, leather or composition leather, uppers of leather",S23,1.0,1520,alta,cadena,1.0,,2466341892.6666665
640351,"Footwear: n.e.s. in heading no. 6403, with outer soles and uppers of leather, covering the ankle",S23,1.0,1520,alta,cadena,1.0,,1730505962.3333333
640359,"Footwear: n.e.s. in heading no. 6403, (not covering the ankle), outer soles and uppers of leather",S23,1.0,1520,alta,cadena,1.0,,4305282277.0
640391,"Footwear: n.e.s. in heading no. 6403, covering the ankle, outer soles of rubber, plastics or composition leather, uppers of leather",S23,0.9950813587420066,1520,alta,cadena,1.0,,12178587774.666666
640391,"Footwear: n.e.s. in heading no. 6403, covering the ankle, outer soles of rubber, plastics or composition leather, uppers of leather",S43,0.0049186412579934,3230,alta,cadena,1.0,,12178587774.666666
640399,"Footwear: n.e.s. in heading no. 6403, (not covering the ankle), outer soles of rubber, plastics or composition leather, uppers of leather",S23,1.0,1520,alta,cadena,1.0,,28785104151.333332
640411,"Sports footwear: tennis shoes, basketball shoes, gym shoes, training shoes and the like, with outer soles of rubber or plastics and uppers of textile materials",S23,1.0,1520,alta,cadena,1.0,,12871550517.666666
640419,"Footwear: (other than sportswear), with outer soles of rubber or plastics and uppers of textile materials",S23,1.0,1520,alta,cadena,0.9999999999999999,,28314030602.0
640420,"Footwear: outer soles of leather or composition leather, uppers of textile materials",S23,1.0,1520,alta,cadena,1.0,,1114143740.6666667
640510,"Footwear: with uppers of leather or composition leather, n.e.s. in chapter 64",S23,1.0,1520,alta,cadena,1.0,,788845242.3333334
640520,"Footwear: with uppers of textile materials, n.e.s. in chapter 64",S23,1.0,1520,alta,cadena,1.0,,971166688.6666666
640590,Footwear: n.e.s. in chapter 64,S23,1.0,1520,alta,cadena,1.0,,1604369344.3333333
640610,"Footwear: parts, uppers and parts thereof, other than stiffeners",S32,0.5,"2219,2220",baja,cadena,1.0,,3513861987.3333335
640610,"Footwear: parts, uppers and parts thereof, other than stiffeners",S23,0.25,1520,baja,cadena,1.0,,3513861987.3333335
640610,"Footwear: parts, uppers and parts thereof, other than stiffeners",S24,0.25,1629,baja,cadena,1.0,,3513861987.3333335
640620,"Footwear: parts, outer soles and heels, of rubber or plastics",S32,0.5,"2219,2220",baja,cadena,1.0,,2307328369.3333335
640620,"Footwear: parts, outer soles and heels, of rubber or plastics",S23,0.25,1520,baja,cadena,1.0,,2307328369.3333335
640620,"Footwear: parts, outer soles and heels, of rubber or plastics",S24,0.25,1629,baja,cadena,1.0,,2307328369.3333335
640691,"Footwear: parts, of wood",S32,0.5,"2219,2220",baja,cadena,1.0,,41899126.666666664
640691,"Footwear: parts, of wood",S23,0.25,1520,baja,cadena,1.0,,41899126.666666664
640691,"Footwear: parts, of wood",S24,0.25,1629,baja,cadena,1.0,,41899126.666666664
640699,Footwear: of materials n.e.s. in heading no. 6406,S32,0.5,"2219,2220",baja,cadena,1.0,,3388806547.0
640699,Footwear: of materials n.e.s. in heading no. 6406,S23,0.25,1520,baja,cadena,1.0,,3388806547.0
640699,Footwear: of materials n.e.s. in heading no. 6406,S24,0.25,1629,baja,cadena,1.0,,3388806547.0
650100,"Hat-forms, hat bodies and hoods of felt, neither blocked to shape nor with made brims: plateaux and manchons (including slit manchons) of felt",S22,1.0,1410,alta,cadena,1.0,,123307182.0
650200,"Hat-shapes: plaited or made by assembling strips of any material, neither blocked to shape, nor with made brims, nor lined, nor trimmed",S22,1.0,1410,alta,cadena,1.0,,35714793.333333336
650300,"Hats and other felt headgear: made from the hat bodies, hoods or plateaux of heading no. 6501, whether or not lined or trimmed",S22,1.0,1410,alta,cadena,1.0,,262649480.33333334
650400,"Hats and other headgear: plaited or made by assembling strips of any material, whether or not lined or trimmed",S22,1.0,1410,alta,cadena,1.0,,460823838.0
650510,"Hair-nets: of any material, whether or not lined or trimmed",S22,1.0,1410,alta,cadena,1.0,,319216308.3333333
650590,"Hats and other headgear: knitted or crocheted, or made up from lace, felt or other textile fabrics, in the piece (but not in strips), whether or not lined or trimmed",S22,1.0,1410,alta,cadena,1.0,,6992025082.333333
650610,"Headgear: safety, whether or not lined or trimmed",S43,1.0,3290,alta,cadena,1.0,,3888826758.3333335
650691,"Headgear: (other than safety headgear), of rubber or plastics, whether or not lined or trimmed",S32,1.0,"2219,2220",alta,cadena,1.0,,246656534.33333334
650692,"Headgear: (other than safety headgear), of furskin, whether or not lined or trimmed",S22,1.0,1410,alta,cadena,1.0,,159617674.0
650699,"Headgear: (other than safety headgear), (of materials other than rubber, plastic or furskin), whether or not lined or trimmed",S22,1.0,1410,alta,cadena,1.0,,570304377.3333334
650700,"Head-bands, linings, covers, hat foundations, hat frames, peaks and chinstraps: for headgear",S22,1.0,1410,alta,cadena,1.0,,423538297.0
660110,Umbrellas and sun umbrellas: garden or similar umbrellas,S23,0.5,1512,baja,cadena,1.0,,1273522692.0
660110,Umbrellas and sun umbrellas: garden or similar umbrellas,S43,0.5,3290,baja,cadena,1.0,,1273522692.0
660191,"Umbrellas and sun umbrellas: having a telescopic shaft, (excluding garden or similar umbrellas)",S23,0.5,1512,baja,cadena,1.0,,1038415863.0
660191,"Umbrellas and sun umbrellas: having a telescopic shaft, (excluding garden or similar umbrellas)",S43,0.5,3290,baja,cadena,1.0,,1038415863.0
660199,Umbrellas and sun umbrellas: n.e.s. in heading no. 6601 (including walking stick umbrellas),S23,0.5,1512,baja,cadena,1.0,,1042954638.3333334
660199,Umbrellas and sun umbrellas: n.e.s. in heading no. 6601 (including walking stick umbrellas),S43,0.5,3290,baja,cadena,1.0,,1042954638.3333334
660200,"Walking-sticks, seat-sticks, whips, riding-crops and the like",S23,0.5,1512,baja,cadena,1.0,,301480247.3333333
660200,"Walking-sticks, seat-sticks, whips, riding-crops and the like",S43,0.5,3290,baja,cadena,1.0,,301480247.3333333
660310,Handles and knobs: of articles of heading no. 6601 or 6602,S43,1.0,3290,alta,cadena,1.0,,38160861.333333336
660320,Umbrella frames: including frames mounted on shafts (sticks),S43,1.0,3290,alta,cadena,1.0,,168272977.0
660390,"Trimmings, accessories and parts of articles of heading no. 6601 or 6602: n.e.s. in heading no. 6603",S43,1.0,3290,alta,cadena,1.0,,209141027.66666666
670100,"Skins and other parts of birds with their feathers or down: feathers, parts of feathers, down and articles thereof (other than goods of heading no. 0505 and worked quills and scapes)",S43,1.0,3290,alta,cadena,1.0,,122534721.66666667
670210,"Flowers, foliage and fruit, artificial, and parts thereof: articles made of artificial flowers, foliage or fruit, of plastics",S43,1.0,3290,alta,cadena,1.0,,3359729995.3333335
670290,"Flowers, foliage and fruit, artificial, and parts thereof: articles made of artificial flowers, foliage or fruit, of materials other than plastics",S43,1.0,3290,alta,cadena,1.0,,2286984620.0
670300,"Human hair, dressed, thinned, bleached or otherwise worked: wool or other animal hair or other textile materials, prepared for use in making wigs or the like",S43,1.0,3290,alta,cadena,1.0,,1012122749.3333334
670411,"Wigs: complete, of synthetic textile materials",S43,1.0,3290,alta,cadena,1.0,,513558515.0
670419,"False beards, eyebrows and eyelashes, switches and the like: of synthetic textile materials",S43,1.0,3290,alta,cadena,1.0,,1295508515.0
670420,"Wigs, false beards, eyebrows and eyelashes, switches and the like and other articles n.e.s.: of human hair",S43,1.0,3290,alta,cadena,1.0,,3346601269.0
670490,"Wigs, false beards, eyebrows and eyelashes, switches and the like and other articles n.e.s.: of animal hair or of textile materials other than synthetic",S43,1.0,3290,alta,cadena,1.0,,1086954849.3333333
680100,"Stone: setts, curbstones and flagstones, of natural stone (except slate)",S35,1.0,2396,alta,cadena,1.0,,566719724.0
680210,"Tiles, cubes and similar articles: whether or not rectangular (including square), largest surface area of which is capable of being enclosed in square, side less than 7cm, coloured granules, chippings, powder",S35,1.0,2396,alta,cadena,1.0,,211941037.0
680221,"Marble, travertine and alabaster: simply cut or sawn, with a flat or even surface",S35,1.0,2396,alta,cadena,1.0,,1803230471.0
680222,"Stone: calcareous (excluding marble, travertine, alabaster), articles thereof, simply cut or sawn, with a flat or even surface",S35,1.0,2396,alta,cadena,1.0,,160489744.66666666
680223,"Granite: articles thereof, simply cut or sawn, with a flat or even surface",S35,1.0,2396,alta,cadena,1.0,,1064885211.0
680229,"Stone: monumental or building stone, n.e.s. in item no. 6802.2, articles thereof, simply cut or sawn, with a flat or even surface",S35,1.0,2396,alta,cadena,1.0,,212020194.66666666
680291,"Marble, travertine and alabaster: articles thereof, (other than simply cut or sawn, with a flat or even surface)",S35,1.0,2396,alta,cadena,1.0,,3233917263.0
680292,"Stone: calcareous (excluding marble, travertine, alabaster) articles thereof, (other than simply cut or sawn, with a flat or even surface)",S35,1.0,2396,alta,cadena,1.0,,294809554.0
680293,"Granite: articles thereof, (other than simply cut or sawn, with a flat or even surface)",S35,1.0,2396,alta,cadena,1.0,,4429330901.0
680299,"Stone: natural (excluding marble, travertine, alabaster, other calcareous stone or granite), monumental or building stone, (other than simply cut or sawn, with a flat or even surface)",S35,1.0,2396,alta,cadena,1.0,,1104882862.0
680300,"Slate, worked: and articles of slate or of agglomerated slate",S35,1.0,2396,alta,cadena,1.0,,670510441.0
680410,"Millstones and grindstones: for milling, grinding or pulping",S35,1.0,2399,alta,cadena,1.0,,118017946.33333333
680421,"Millstones, grindstones, grinding wheels and the like: of agglomerated synthetic or natural diamond",S35,1.0,2399,alta,cadena,1.0,,1727525690.0
680422,"Millstones, grindstones, grinding wheels and the like: of other agglomerated abrasives or of ceramics",S35,1.0,2399,alta,cadena,1.0,,2849991761.6666665
680423,"Millstones, grindstones, grinding wheels and the like: of natural stone",S35,1.0,2399,alta,cadena,1.0,,88566481.66666667
680430,"Stones: hand sharpening or polishing stones, of natural stone, agglomerated natural or artificial abrasives or ceramics, with or without parts of other materials",S35,1.0,2399,alta,cadena,1.0,,174283315.33333334
680510,"Abrasive powder or grain: natural or artificial, on a base of woven textile fabric only, whether or not cut to shape or sewn or otherwise made up",S35,1.0,2399,alta,cadena,1.0,,1327181453.0
680520,"Abrasive powder or grain: natural or artificial, on a base of paper or paperboard only, whether or not cut to shape or sewn or otherwise made up",S35,1.0,2399,alta,cadena,1.0,,1252582215.3333333
680530,"Abrasive powder or grain: natural or artificial, on a base of materials n.e.s. in heading no. 6805, whether or not cut to shape or sewn or otherwise made up",S35,1.0,2399,alta,cadena,1.0,,2016513365.3333333
680610,"Slag wool, rock wool and similar mineral wools (including intermixtures thereof), in bulk, sheets or rolls",S35,1.0,2399,alta,cadena,1.0,,3002321805.3333335
680620,"Exfoliated vermiculite, expanded clays, foamed slag and similar expanded mineral materials (including intermixtures thereof)",S35,1.0,2399,alta,cadena,1.0,,431913295.0
680690,"Minerals: mixtures and articles of heat-insulating, sound-insulating or sound-absorbing mineral materials, other than those of heading no. 6811 or 6812 or of chapter 69",S35,1.0,2399,alta,cadena,1.0,,1771865869.6666667
680710,Asphalt or similar material: articles (eg petroleum bitumen or coal tar pitch) in rolls,S35,1.0,2399,alta,cadena,1.0,,1494847657.0
680790,Asphalt or similar material: articles (eg petroleum bitumen or coal tar pitch) other than in rolls,S35,1.0,2399,alta,cadena,1.0,,826534212.3333334
680800,"Panels, boards, tiles, blocks and the like: of vegetable fibre, of straw, shavings, chips, particles, sawdust or other waste, of wood, agglomerated with cement, plaster or other mineral binders",S33,1.0,2395,alta,cadena,1.0,,583111906.0
680911,"Plaster, or plaster compositions: boards, sheets, panels, tiles and similar articles, faced or reinforced with paper or paperboard only, not ornamented",S33,1.0,2395,alta,cadena,1.0,,1740605380.6666667
680919,"Plaster, or plaster compositions: boards, sheets, panels, tiles and similar articles, (other than faced or reinforced with paper or paperboard only), not ornamented",S33,1.0,2395,alta,cadena,1.0,,670407843.6666666
680990,Plaster articles or articles of compositions based on plaster: n.e.s. in heading no. 6809,S33,1.0,2395,alta,cadena,1.0,,226325777.66666666
681011,"Cement, concrete or artificial stone: building blocks or bricks, whether or not reinforced",S33,1.0,2395,alta,cadena,1.0,,859786169.6666666
681019,"Cement, concrete or artificial stone: tiles, flagstones and similar, (excluding building blocks and bricks) whether or not reinforced",S33,1.0,2395,alta,cadena,1.0,,2314893225.6666665
681020,"Cement, concrete or artificial stone: pipes, whether or not reinforced",S33,1.0,2395,alta,cadena,1.0,,545514232.0
681091,"Cement, concrete or artificial stone: prefabricated structural components for building or civil engineering, whether or not reinforced",S33,1.0,2395,alta,cadena,1.0,,2994194910.0
681099,"Cement, concrete or artificial stone: articles (other than prefabricated structural components for building or civil engineering), whether or not reinforced, n.e.s. in heading no. 6810",S33,1.0,2395,alta,cadena,1.0,,5003151812.0
681110,"Asbestos-cement, cellulose fibre-cement articles or the like: corrugated sheets",S33,1.0,2395,alta,cadena,1.0,,168254477.0
681120,"Asbestos-cement, cellulose fibre-cement articles or the like: sheets, panels, tiles and similar articles, other than corrugated sheets",S33,1.0,2395,alta,cadena,1.0,,1207749075.6666667
681130,"Asbestos-cement, cellulose fibre-cement articles or the like: tubes, pipes and tube or pipe fittings",S33,1.0,2395,alta,cadena,1.0,,54560353.0
681190,"Asbestos-cement, cellulose fibre-cement articles or the like: articles n.e.s. in heading no. 6811",S33,1.0,2395,alta,cadena,1.0,,74819844.0
681210,"Asbestos fibres, fabricated: mixtures with a basis of asbestos or with a basis of asbestos and magnesium carbonate",S35,1.0,2399,alta,cadena,1.0,,7713088.0
681220,"Asbestos: articles thereof, yarn and thread, whether or not reinforced, (excluding goods of heading no. 6811 or 6813)",S35,1.0,2399,alta,cadena,1.0,,5237631.666666667
681230,"Asbestos: cords and string, whether or not plaited, of a mixture with a basis of asbestos or asbestos and magnesium carbonate, whether or not reinforced, (excluding goods of heading no. 6811 or 6813)",S35,1.0,2399,alta,cadena,1.0,,1615980.3333333333
681240,"Asbestos: woven or knitted fabric, of a mixture with a basis of asbestos or asbestos and magnesium carbonate, whether or not reinforced, (excluding goods of heading no. 6811 or 6813)",S35,1.0,2399,alta,cadena,1.0,,3889895.6666666665
681250,"Asbestos: clothing, clothing accessories, footwear and headgear, of a mixture with a basis of asbestos or asbestos and magnesium carbonate, whether or not reinforced (excluding heading no. 6811 or 6813)",S35,1.0,2399,alta,cadena,1.0,,64251247.333333336
681260,"Asbestos: paper, millboard and felt, of a mixture with a basis of asbestos or asbestos and magnesium carbonate, whether or not reinforced (excluding goods of heading no. 6811 or 6813)",S35,1.0,2399,alta,cadena,1.0,,6213566.333333333
681270,"Asbestos fibres, fabricated: compressed asbestos fibre jointing, in sheets or rolls",S35,1.0,2399,alta,cadena,1.0,,25028519.333333332
681290,"Asbestos: goods n.e.s. in heading no. 6812, of a mixture with a basis of asbestos and magnesium carbonate, whether or not reinforced (excluding goods of heading no. 6811 or 6813)",S35,1.0,2399,alta,cadena,1.0,,7082223.333333333
681310,"Brake linings and pads: with a basis of asbestos, of other mineral substances or of cellulose",S35,1.0,2399,alta,cadena,1.0,,915131526.6666666
681390,"Friction material: unmounted, for clutches or the like, with a basis of asbestos, of other mineral substances or of cellulose, other than brake linings and pads",S35,1.0,2399,alta,cadena,1.0,,481292911.0
681410,"Mica: plates, sheets and strips of agglomerated or reconstituted mica, whether or not on a support of paper, paperboard or other materials",S35,1.0,2399,alta,cadena,1.0,,282402461.3333333
681490,"Mica: worked mica and articles of mica (excluding plates, sheets and strips) whether or not on a support of paper, paperboard or other materials",S35,1.0,2399,alta,cadena,1.0,,92910750.66666667
681510,"Stone articles and other mineral substances, non-electrical articles of graphite or other carbon",S35,1.0,2399,alta,cadena,1.0,,1860808059.3333333
681520,Peat: articles of peat n.e.s. or included,S35,1.0,2399,alta,cadena,1.0,,50079984.666666664
681591,"Stone articles and articles of other mineral substances: containing magnesite, dolomite or chromite",S34,1.0,2391,alta,cadena,1.0,,756515251.6666666
681599,Stone articles and articles of other mineral substances: n.e.s. or included in heading no. 6815,S35,1.0,2399,alta,cadena,1.0,,6379905788.333333
690100,"Bricks, blocks, tiles and other ceramic goods of siliceous fossil meals (eg kieselguhr, tripolite or diatomite) or of similar siliceous earths",S34,1.0,2392,alta,cadena,1.0,,199009191.0
690210,"Refractory bricks, blocks, tiles and similar refractory ceramic constructional goods: containing by weight, singly or together, more than 50% of the elements Mg, Ca or Cr, expressed as MgO, CaO or Cr2o3",S34,1.0,2391,alta,cadena,1.0,,1803507530.3333333
690220,"Refractory bricks, blocks, tiles and similar refractory ceramic constructional goods: containing by weight more than 50% of alumina (Al2o3), of silica (SiO2) or of a mixture or compound of these",S34,1.0,2391,alta,cadena,1.0,,2079651134.0
690290,"Refractory bricks, blocks, tiles and similar refractory ceramic constructional goods: n.e.s. in item no. 6902.1 or 6902.2",S34,1.0,2391,alta,cadena,1.0,,604545048.3333334
690310,"Refractory ceramic goods: containing by weight more than 50% of graphite or other forms of carbon or of a mixture of these products, excluding those of siliceous fossil meals or similar earths",S34,1.0,2391,alta,cadena,1.0,,134846853.66666666
690320,"Refractory ceramic goods: containing by weight more than 50% of alumina or of a mixture or compound of alumina and of silica, excluding those of siliceous fossil meals or similar earths",S34,1.0,2391,alta,cadena,1.0,,1247024139.6666667
690390,"Refractory ceramic goods: composition of which n.e.s. in heading no. 6903, other than those of siliceous fossil meals or similar earths",S34,1.0,2391,alta,cadena,1.0,,895658008.0
690410,Ceramic building bricks,S34,1.0,2392,alta,cadena,1.0,,864844256.0
690490,"Ceramic flooring blocks, supports or filler tiles and the like (excluding building bricks)",S34,1.0,2392,alta,cadena,1.0,,1668464853.6666667
690510,Ceramic roofing tiles,S34,1.0,2392,alta,cadena,1.0,,709561540.3333334
690590,"Ceramic chimney-pots, cowls, chimney liners, architectural ornaments and other constructional goods (excluding roofing tiles)",S34,1.0,2392,alta,cadena,1.0,,70953142.0
690600,"Ceramic pipes, conduits, guttering and pipe fittings",S34,1.0,2392,alta,cadena,1.0,,107368495.66666667
690710,"Ceramic tiles, cubes and similar articles: unglazed, whether or not rectangular, the largest surface area of which is capable of being enclosed in a square the side of which is less than 7cm",S34,1.0,2392,alta,cadena,1.0,,304235774.0
690790,Ceramic flags and paving: unglazed,S34,1.0,2392,alta,cadena,1.0,,8213927331.0
690810,"Ceramic tiles, cubes and similar articles: glazed, whether or not rectangular or on a backing, with the largest surface area less than a 7cm square",S34,1.0,2392,alta,cadena,1.0,,800420762.3333334
690890,Ceramic flags and pavings: glazed,S34,1.0,2392,alta,cadena,1.0,,10288956460.333334
690911,"Ceramic wares: for laboratory, chemical or other technical uses, of porcelain or china",S34,1.0,2393,alta,cadena,1.0,,719072609.3333334
690919,"Ceramic wares: for laboratory, chemical or other technical uses, other than of porcelain or china",S34,1.0,2393,alta,cadena,0.9999999999999999,,6063132581.666667
690990,"Ceramic wares: pots, jars and similar articles of a kind used for the conveyance or packing of goods and ceramic troughs, tubs and similar receptacles used in agriculture",S34,1.0,2393,alta,cadena,1.0,,111483428.33333333
691010,"Ceramic sinks, wash basins, wash basin pedestals, baths, bidets, water closet pans, flushing cisterns, urinals and similar sanitary fixtures: of porcelain or china",S34,1.0,2392,alta,cadena,1.0,,8622322326.333334
691090,"Ceramic sinks, wash basins, wash basin pedestals, baths, bidets, water closet pans, flushing cisterns, urinals and similar sanitary fixtures: of other than porcelain or china",S34,1.0,2392,alta,cadena,1.0,,1609275575.6666667
691110,Tableware and kitchenware: of porcelain or china,S34,1.0,2393,alta,cadena,1.0,,8495069321.0
691190,"Household and toilet articles: n.e.s. in heading no. 6911, of porcelain or china",S34,1.0,2393,alta,cadena,1.0,,448940403.6666667
691200,"Ceramic tableware, kitchenware, other household articles and toilet articles: other than of porcelain or china",S34,1.0,2393,alta,cadena,1.0,,2207158524.0
691310,"Ceramic statuettes and other ornamental ceramic articles, of porcelain or china",S34,1.0,2393,alta,cadena,1.0,,1282008422.0
691390,Ceramic statuettes and other ornamental ceramic articles: other than of porcelain or china,S34,1.0,2393,alta,cadena,1.0,,1187983674.6666667
691410,Ceramic articles n.e.s. in chapter 69: of porcelain or china,S34,1.0,2393,alta,cadena,1.0,,808134809.0
691490,Ceramic articles n.e.s. in chapter 69: other than of porcelain or china,S34,1.0,2393,alta,cadena,1.0,,1714688326.0
700100,"Glass: cullet and other waste and scrap of glass, glass in the mass",S35,1.0,2310,alta,cadena,1.0,,585128794.6666666
700210,"Glass: unworked, in balls (other than microspheres of heading no. 7018)",S35,1.0,2310,alta,cadena,1.0,,41611377.666666664
700220,"Glass: unworked, in rods",S35,1.0,2310,alta,cadena,1.0,,434252577.6666667
700231,"Glass: unworked, in tubes, of fused quartz or other fused silica",S35,1.0,2310,alta,cadena,1.0,,379277978.0
700232,"Glass: unworked, tubes, of glass having a linear coefficient of expansion not exceeding 5 x 10-6 per kelvin within a temperature range of 0-300 degrees C",S35,1.0,2310,alta,cadena,1.0,,199485863.66666666
700239,"Glass: unworked, in tubes, other than of glass having a linear coefficient of expansion not exceeding 5 x 10-6 per kelvin within a temperature range of 0-300 degrees C, not fused quartz or other fused silica",S35,1.0,2310,alta,cadena,1.0,,279892727.3333333
700311,"Glass: cast glass and rolled glass, non-wired sheets, coloured throughout the mass (body tinted), opacified, flashed or having an absorbent or reflecting layer",S35,1.0,2310,alta,cadena,1.0,,247732049.66666666
700319,"Glass: cast glass and rolled glass, non-wired sheets, (excluding those coloured throughout the mass (body tinted) opacified, flashed or having an absorbent or reflecting layer)",S35,1.0,2310,alta,cadena,1.0,,1805961734.0
700320,"Glass: cast glass and rolled glass, wired sheets, whether or not having an absorbent or reflecting layer but not otherwise worked",S35,1.0,2310,alta,cadena,1.0,,26482295.0
700330,"Glass: cast glass and rolled glass, profiles, not otherwise worked",S35,1.0,2310,alta,cadena,1.0,,34833670.333333336
700410,"Glass: drawn and blown, in sheets, coloured throughout the mass (body tinted), opacified, flashed or having an absorbent or reflecting layer but not otherwise worked",S35,1.0,2310,alta,cadena,1.0,,52101123.666666664
700490,"Glass: drawn and blown, in sheets, (other than glass coloured throughout the mass (body tinted), opacified, flashed or having an absorbent or reflecting layer)",S35,1.0,2310,alta,cadena,1.0,,895772889.3333334
700510,"Glass: float glass and surface ground or polished glass, in sheets, non-wired, having an absorbent or reflecting layer",S35,1.0,2310,alta,cadena,1.0,,1602095295.6666667
700521,"Glass: float glass and surface ground or polished glass, in sheets, non-wired, coloured throughout the mass (body tinted), opacified, flashed or merely surface ground",S35,1.0,2310,alta,cadena,1.0,,1131374787.0
700529,"Glass: float glass and surface ground or polished glass, in sheets, non-wired, (other than coloured throughout the mass (body tinted), opacified, flashed or merely surface ground)",S35,1.0,2310,alta,cadena,1.0,,3413121847.3333335
700530,"Glass: float glass and surface ground or polished glass, in sheets, wired glass, whether or not having an absorbent or reflecting layer",S35,1.0,2310,alta,cadena,1.0,,23387642.333333332
700600,"Glass of heading no. 7003, 7004 or 7005: bent, edge-worked, engraved, drilled, enamelled or otherwise worked, but not framed or fitted with other materials",S35,1.0,2310,alta,cadena,1.0000000000000002,,3387420968.6666665
700711,"Glass: safety glass, toughened (tempered), of size and shape suitable for incorporation in vehicles, aircraft, spacecraft or vessels",S35,1.0,2310,alta,cadena,1.0,,2145293525.6666667
700719,"Glass: safety glass, toughened (tempered), (not of a size and shape suitable for incorporation in vehicles, aircraft, spacecraft or vessels)",S35,1.0,2310,alta,cadena,1.0,,4414307153.333333
700721,"Glass: safety glass, laminated, of size and shape suitable for incorporation in vehicles, aircraft, spacecraft or vessels",S35,1.0,2310,alta,cadena,1.0,,3550939624.0
700729,"Glass: safety glass, laminated, (not of a size and shape suitable for incorporation in vehicles, aircraft, spacecraft or vessels)",S35,1.0,2310,alta,cadena,1.0,,1620679377.3333333
700800,Glass: multiple-walled insulating units of glass,S35,1.0,2310,alta,cadena,1.0,,2394824320.0
700910,Glass: rear-view mirrors for vehicles,S35,1.0,2310,alta,cadena,1.0,,4389430897.0
700991,"Glass mirrors: unframed, excluding rear-view mirrors for vehicles",S35,1.0,2310,alta,cadena,1.0,,1214300677.3333333
700992,"Glass mirrors: framed, excluding rear-view mirrors for vehicles",S35,1.0,2310,alta,cadena,1.0,,2647900662.0
701010,"Glass: ampoules, of a kind used for the conveyance or packing of goods",S35,1.0,2310,alta,cadena,1.0,,202458869.0
701090,"Glass: carboys, bottles, flasks, jars, pots, phials and other containers of glass used for the conveyance or packing of goods",S35,1.0,2310,alta,cadena,0.9999999999999999,,14074909350.0
701110,"Glass envelopes (including bulbs and tubes): open, and glass parts thereof, without fittings, for electric lighting",S35,1.0,2310,alta,cadena,1.0,,53286211.333333336
701120,"Glass envelopes (including bulbs and tubes): open, and glass parts thereof, without fittings, for cathode-ray tubes",S35,1.0,2310,alta,cadena,1.0,,2627175.0
701190,"Glass envelopes (including bulbs and tubes): open, and glass parts thereof, without fittings, other than for electric lighting and cathode-ray tubes",S35,1.0,2310,alta,cadena,1.0,,36975271.0
701200,Glass: inners for vacuum flasks or other vacuum vessels,S35,1.0,2310,alta,cadena,1.0,,269652520.6666667
701310,"Glassware: of a kind used for table, kitchen, toilet, office, indoor decoration or similar purposes (other than of heading no. 7010 or 7018), of glass-ceramics",S35,1.0,2310,alta,cadena,1.0,,208221443.66666666
701321,"Glassware: drinking glasses, of lead crystal",S35,1.0,2310,alta,cadena,1.0,,137747376.0
701329,"Glassware: drinking glasses, not of glass-ceramics or lead crystal",S35,1.0,2310,alta,cadena,1.0,,4137415045.0
701331,"Glassware: of a kind used for table or kitchen purposes, (excluding drinking glasses), of lead crystal",S35,1.0,2310,alta,cadena,1.0,,68474556.66666667
701332,"Glassware: of a kind used for table or kitchen purposes, of glass having a linear co-efficient of expansion not exceeding 5 x 10-6 per kelvin within a temperature range of 0-300 degrees C, (not of glass-ceramics)",S35,1.0,2310,alta,cadena,1.0,,563958375.0
701339,"Glassware: used for table or kitchen purposes, (not of lead crystal or glass-ceramics or glass having a linear co-efficient of expansion not exceeding 5 x 10-6 per kelvin with a temperature range of 0-300 degrees c)",S35,1.0,2310,alta,cadena,1.0,,2748371769.6666665
701391,"Glassware: n.e.s. in heading no. 7013, of lead crystal",S35,1.0,2310,alta,cadena,1.0,,163346156.0
701399,"Glassware: n.e.s. in heading no. 7013, other than of lead crystal",S35,1.0,2310,alta,cadena,1.0,,2200816950.0
701400,"Glassware: signalling, (not optically worked)",S35,1.0,2310,alta,cadena,1.0,,600511018.6666666
701510,"Glasses for corrective spectacles: curved, bent, hollowed or the like, not optically worked",S35,1.0,2310,alta,cadena,1.0,,67647834.66666667
701590,"Glasses: clock or watch and similar, glasses for non-corrective spectacles, curved, bent, hollowed etc, (not optically worked), hollow glass spheres and segments, for the manufacture of such glasses",S35,1.0,2310,alta,cadena,1.0,,120537116.66666667
701610,"Glass cubes and other glass smallwares: whether or not on a backing, for mosaics or similar decorative purposes",S35,1.0,2310,alta,cadena,1.0,,376378676.0
701690,"Multicellular or foam glass: in blocks, panels, plates, shells or similar forms: paving blocks, slabs, bricks and other articles of pressed or moulded glass",S35,1.0,2310,alta,cadena,1.0,,780766966.6666666
701710,"Glassware: laboratory, hygienic or pharmaceutical, whether or not graduated or calibrated, of fused quartz or other fused silica",S35,1.0,2310,alta,cadena,1.0,,242718805.33333334
701720,"Glassware: laboratory, hygienic or pharmaceutical, whether or not graduated or calibrated, having a linear co-efficient of expansion not over 5 x 10-6 per kelvin with a temperature of 0-300 degrees C",S35,1.0,2310,alta,cadena,1.0,,402080473.3333333
701790,"Glassware: laboratory, hygienic or pharmaceutical, whether or not graduated or calibrated, of glass n.e.s. in heading no. 7017",S35,1.0,2310,alta,cadena,1.0,,633444633.6666666
701810,"Glass: beads, imitation pearls, imitation precious or semi-precious stones and similar glass smallwares",S35,1.0,2310,alta,cadena,1.0,,1299450007.3333333
701820,Glass microspheres: not exceeding 1mm in diameter,S35,1.0,2310,alta,cadena,1.0,,408327852.3333333
701890,"Glass: articles thereof, statuettes and other ornaments of lamp worked glass, other than imitation jewellery",S35,1.0,2310,alta,cadena,1.0,,507583561.6666667
701910,"Glass fibres (including glass wool): slivers, rovings, yarn and chopped strands",S35,1.0,2310,alta,cadena,1.0,,3167104135.3333335
701920,"Glass fibres: woven fabrics, including narrow fabrics",S21,1.0,1312,alta,cadena,1.0,,2758234238.6666665
701931,"Glass fibres: non-woven products, mats",S35,1.0,2310,alta,cadena,1.0,,1215970014.3333333
701932,"Glass fibres: non-woven products, thin sheets (voiles)",S35,1.0,2310,alta,cadena,1.0,,871043614.3333334
701939,"Glass fibres: webs, mattresses, boards and similar non-woven products excluding mats and thin sheets",S35,1.0,2310,alta,cadena,1.0,,2348646399.6666665
701990,Glass fibres: n.e.s. in heading no. 7019,S35,1.0,2310,alta,cadena,1.0,,2788477107.6666665
702000,Glass: articles n.e.s. in chapter 70,S35,1.0,2310,alta,cadena,1.0,,3412242452.6666665
710110,"Pearls: natural, whether or not worked or graded (but not strung, mounted or set), ungraded and temporarily strung for convenience of transport",S07,1.0,"0311,0321",alta,cadena,1.0,,67241978.0
710121,"Pearls: cultured, unworked, whether or not graded (but not strung, mounted or set), ungraded and temporarily strung for convenience of transport",S07,1.0,"0311,0321",alta,cadena,1.0,,366974941.6666667
710122,"Pearls: cultured, worked, whether or not graded (but not strung, mounted or set), ungraded and temporarily strung for convenience of transport",S43,1.0,3211,alta,cadena,1.0,,291591337.3333333
710210,"Diamonds: whether or not worked, but not mounted or set, unsorted",S08,1.0,0899,alta,cadena,1.0,,1137989771.3333333
710221,"Diamonds: industrial, unworked or simply sawn, cleaved or bruted, but not mounted or set",S08,1.0,0899,alta,cadena,1.0,,1591820475.0
710229,"Diamonds: industrial, (other than unworked or simply sawn, cleaved or bruted), but not mounted or set",S43,1.0,3211,alta,cadena,1.0,,263733351.33333334
710231,"Diamonds: non-industrial, unworked or simply sawn, cleaved or bruted, but not mounted or set",S08,1.0,0899,alta,cadena,1.0,,28073006759.666668
710239,"Diamonds: non-industrial, (other than unworked or simply sawn, cleaved or bruted), but not mounted or set",S43,1.0,3211,alta,cadena,1.0,,60716848653.666664
710310,"Stones: precious (other than diamonds) and semi-precious stones, unworked or simply sawn or roughly shaped, not strung, mounted or set",S08,1.0,0899,alta,cadena,1.0,,1079433163.0
710391,"Stones: rubies, sapphires and emeralds, worked (other than simply sawn or roughly shaped), not strung, mounted or set",S43,1.0,3211,alta,cadena,1.0,,7465070294.333333
710399,"Stones: precious (other than diamonds) and semi-precious stones, (other than rubies, sapphires and emeralds), worked other than simply sawn or roughly shaped, not strung, mounted or set",S43,1.0,3211,alta,cadena,1.0,,3527825914.3333335
710410,"Stones: precious or semi-precious, synthetic or reconstructed, piezo-electric quartz, whether or not worked or graded (but not strung, mounted or set), temporarily strung for transport convenience",S35,1.0,2399,alta,cadena,1.0,,126124238.66666667
710420,"Stones: precious or semi-precious, synthetic or reconstructed, (not piezo-electric quartz), unworked or simply sawn, roughly shaped, (not strung, mounted or set), temporarily strung for transport convenience",S35,1.0,2399,alta,cadena,1.0,,1427545483.0
710490,"Stones: precious or semi-precious, synthetic or reconstructed, (not piezo-electric quartz), worked or graded or not, (but not strung, mounted or set), temporarily strung for transport convenience, n.e.s. in item no. 7104.20",S43,1.0,3211,alta,cadena,1.0,,2839870277.3333335
710510,"Stones: precious and semi-precious, dust and powder, of diamonds",S43,1.0,3211,alta,cadena,1.0,,365326019.0
710590,"Stones: precious and semi-precious, dust and powder, of natural or synthetic precious or semi-precious stones, excluding diamonds",S43,1.0,3211,alta,cadena,1.0,,13742858.666666666
710610,Metals: silver powder,S37,1.0,2420,alta,cadena,1.0,,1877647550.3333333
710691,"Metals: silver, unwrought, (but not powder)",S37,1.0,2420,alta,cadena,1.0,,24346739896.666668
710692,"Metals: silver, semi-manufactured",S37,1.0,2420,alta,cadena,1.0,,4499094044.0
710700,Base metals clad with silver: not further worked than semi-manufactured,S37,1.0,2420,alta,cadena,1.0,,133909310.0
710811,"Metals: gold, non-monetary, powder",S37,1.0,2420,alta,cadena,1.0,,985755303.3333334
710812,"Metals: gold, non-monetary, unwrought (but not powder)",S37,1.0,2420,alta,cadena,1.0,,349537917701.0
710813,"Metals: gold, semi-manufactured",S37,1.0,2420,alta,cadena,1.0,,130434587263.33333
710820,"Gold, monetary",S37,1.0,2420,alta,cadena,1.0,,
710900,"Base metals or silver: clad with gold, not further worked than semi-manufactured",S37,1.0,2420,alta,cadena,1.0,,96709079.66666667
711011,"Metals: platinum, unwrought or in powder form",S37,1.0,2420,alta,cadena,1.0,,11380101447.666666
711019,"Metals: platinum, semi-manufactured",S37,1.0,2420,alta,cadena,1.0,,5195264020.0
711021,"Metals: palladium, unwrought or in powder form",S37,1.0,2420,alta,cadena,1.0,,16939312428.0
711029,"Metals: palladium, semi-manufactured",S37,1.0,2420,alta,cadena,1.0,,3004381210.0
711031,"Metals: rhodium, unwrought or in powder form",S37,1.0,2420,alta,cadena,1.0,,12391437666.0
711039,"Metals: rhodium, semi-manufactured",S37,1.0,2420,alta,cadena,1.0,,1233452399.6666667
711041,"Metals: iridium, osmium, ruthenium, unwrought or in powder form",S37,1.0,2420,alta,cadena,1.0,,1885358354.6666667
711049,"Metals: iridium, osmium, ruthenium, semi-manufactured",S37,1.0,2420,alta,cadena,1.0,,665255968.3333334
711100,"Base metals, silver or gold, clad with platinum: not further worked than semi-manufactured",S37,1.0,2420,alta,cadena,1.0,,1106231670.6666667
711210,"Metals: waste and scrap of gold, including metal clad with gold but excluding sweepings containing other precious metals",S47,1.0,3830,media,regla_residuos,1.0,,9393659041.666666
711220,"Metals: waste and scrap of platinum, including metal clad with platinum but excluding sweepings containing other precious metals",S47,1.0,3830,media,regla_residuos,1.0,,6871888441.333333
711290,Metals: waste and scrap of precious metal other than gold or platinum but excluding sweepings containing other precious metals,S47,1.0,3830,media,regla_residuos,1.0,,6481375207.666667
711311,"Jewellery: of silver, whether or not plated or clad with other precious metal, and parts thereof",S43,1.0,3211,alta,cadena,1.0,,8520809972.333333
711319,"Jewellery: of precious metal (excluding silver) whether or not plated or clad with precious metal, and parts thereof",S43,1.0,3211,alta,cadena,1.0,,113623134224.0
711320,"Jewellery: of base metal clad with precious metal, and parts thereof",S43,1.0,3211,alta,cadena,1.0,,532325256.3333333
711411,"Silversmiths' wares: and parts thereof, of silver, whether or not plated or clad with other precious metal",S43,1.0,3211,alta,cadena,1.0,,282665329.3333333
711419,"Goldsmiths' wares: articles of and parts thereof, of precious metal (excluding silver) whether or not plated or clad with precious metal",S43,1.0,3211,alta,cadena,1.0,,1132694230.0
711420,"Goldsmiths' and silversmiths' wares: articles of and parts thereof, of base metal clad with precious metal",S43,1.0,3211,alta,cadena,1.0,,164913299.33333334
711510,"Metal: catalysts in the form of wire cloth or grill, of platinum",S37,1.0,2420,alta,cadena,1.0,,802953386.6666666
711590,"Metal: precious or metal clad with precious metal, other than that of item no. 7115.10",S43,1.0,3211,alta,cadena,1.0,,6068374609.666667
711610,Pearls: articles of natural or cultured pearls,S43,0.9999999999972679,3211,alta,cadena,1.0,,348802386.0
711610,Pearls: articles of natural or cultured pearls,S07,2.7321573050923327e-12,"0311,0321",alta,cadena,1.0,,348802386.0
711620,"Stones: precious or semi-precious stones (natural, synthetic or reconstructed) articles of",S43,1.0,3211,alta,cadena,1.0,,1791396805.0
711711,"Jewellery: imitation, cuff links and studs, of base metal, whether or not plated with precious metal",S43,1.0,3212,alta,cadena,1.0,,231773082.33333334
711719,"Jewellery: imitation, (excluding cuff links and studs), of base metal, whether or not plated with precious metal",S43,1.0,3212,alta,cadena,1.0,,6193167157.0
711790,"Jewellery: imitation, of other than base metal, whether or not plated with precious metal",S43,1.0,3212,alta,cadena,1.0,,1985702040.0
711810,"Coin (other than gold coin), not being legal tender",S43,1.0,3211,alta,cadena,1.0,,670904888.3333334
711890,Coin: other than coin of item no. 7118.10,S43,1.0,3211,alta,cadena,1.0,,
720110,"Iron: non-alloy pig iron containing by weight 0.5% or less of phosphorus, in pigs, blocks or other primary forms",S36,1.0,2410,alta,cadena,1.0,,4829467134.0
720120,"Iron: non-alloy pig iron containing by weight more than 0.5% of phosphorus, in pigs, blocks or other primary forms",S36,1.0,2410,alta,cadena,1.0,,29210053.0
720130,"Iron: alloy pig iron, in pigs, blocks or other primary forms",S36,1.0,2410,alta,cadena,1.0,,314209228.6666667
720140,"Iron: spiegeleisen, in pigs, blocks or other primary forms",S36,1.0,2410,alta,cadena,1.0,,
720211,"Ferro-alloys: ferro-manganese, containing by weight more than 2% of carbon",S36,1.0,2410,alta,cadena,1.0,,1491352643.3333333
720219,"Ferro-alloys: ferro-manganese, containing by weight 2% or less of carbon",S36,1.0,2410,alta,cadena,1.0,,989764240.0
720221,"Ferro-alloys: ferro-silicon, containing by weight more than 55% of silicon",S36,1.0,2410,alta,cadena,1.0,,3777877042.0
720229,"Ferro-alloys: ferro-silicon, containing by weight 55% or less of silicon",S36,1.0,2410,alta,cadena,1.0,,583826334.0
720230,Ferro-alloys: ferro-silico-manganese,S36,1.0,2410,alta,cadena,1.0,,3865899742.0
720241,"Ferro-alloys: ferro-chromium, containing by weight more than 4% of carbon",S36,1.0,2410,alta,cadena,1.0,,8226557800.0
720249,"Ferro-alloys: ferro-chromium, containing by weight 4% or less of carbon",S36,1.0,2410,alta,cadena,1.0,,969176352.0
720250,Ferro-alloys: ferro-silico-chromium,S36,1.0,2410,alta,cadena,1.0,,157697491.0
720260,Ferro-alloys: ferro-nickel,S36,1.0,2410,alta,cadena,1.0,,16786409007.666666
720270,Ferro-alloys: ferro-molybdenum,S36,1.0,2410,alta,cadena,1.0,,3025882544.0
720280,Ferro-alloys: ferro-tungsten and ferro-silico-tungsten,S36,1.0,2410,alta,cadena,1.0,,129857803.0
720291,Ferro-alloys: ferro-titanium and ferro-silico-titanium,S36,1.0,2410,alta,cadena,1.0,,301258329.0
720292,Ferro-alloys: ferro-vanadium,S36,1.0,2410,alta,cadena,1.0,,758894333.6666666
720293,Ferro-alloys: ferro-niobium,S36,1.0,2410,alta,cadena,1.0,,2837278058.3333335
720299,Ferro-alloys: n.e.s. in heading no. 7202,S36,1.0,2410,alta,cadena,1.0,,1128297903.6666667
720310,"Ferrous products: obtained by direct reduction of iron ore, in lumps, pellets or similar forms",S36,1.0,2410,alta,cadena,1.0,,4605173274.666667
720390,"Ferrous products: spongy ferrous products and iron having a minimum purity by weight of 99.94%, in lumps, pellets or similar forms",S36,1.0,2410,alta,cadena,1.0,,559896946.0
720410,Ferrous waste and scrap: of cast iron,S47,1.0,3830,media,regla_residuos,1.0,,1661533868.3333333
720421,Ferrous waste and scrap: of stainless steel,S47,1.0,3830,media,regla_residuos,1.0000000000000002,,7123684882.666667
720429,Ferrous waste and scrap: of alloy steel (excluding stainless),S47,1.0,3830,media,regla_residuos,0.9999999999999998,,2765333742.0
720430,Ferrous waste and scrap: of tinned iron or steel,S47,1.0,3830,media,regla_residuos,0.9999999999999999,,1400660348.6666667
720441,"Ferrous waste and scrap: turnings, shavings, chips, milling waste, sawdust, fillings, trimmings and stampings, whether or not in bundles",S47,1.0,3830,media,regla_residuos,1.0,,3075020436.3333335
720449,Ferrous waste and scrap: n.e.s. in heading no. 7204,S47,1.0,3830,media,regla_residuos,0.9999999999999999,,27947125396.666668
720450,Ferrous products: remelting scrap ingots,S47,1.0,3830,media,regla_residuos,1.0,,65319730.666666664
720510,"Iron or steel, pig iron, spiegeleisen: granules thereof",S36,1.0,2410,alta,cadena,1.0,,572274990.3333334
720521,Alloy steel powders,S36,1.0,2410,alta,cadena,1.0,,739354201.6666666
720529,"Iron or steel, pig iron, spiegeleisen: powders (excluding alloy steel)",S36,1.0,2410,alta,cadena,1.0,,966193819.0
720610,Iron or non-alloy steel: ingots (excluding iron of heading no. 7203),S36,1.0,2410,alta,cadena,1.0,,448722308.6666667
720690,Iron or non-alloy steel: primary forms (excluding ingots and iron of heading no. 7203),S36,1.0,2410,alta,cadena,1.0,,351918055.3333333
720711,"Iron or non-alloy steel: semi-finished products of iron or non-alloy steel: containing by weight less than 0.25% of carbon, of rectangular (including square) cross-section, width less than twice thickness",S36,1.0,2410,alta,cadena,1.0,,7333509461.333333
720712,"Iron or non-alloy steel: semi-finished products of iron or non-alloy steel: containing by weight less than 0.25% of carbon, of rectangular (other than square) cross-section",S36,1.0,2410,alta,cadena,1.0,,14368877604.333334
720719,"Iron or non-alloy steel: semi-finished products of iron or non-alloy steel, containing by weight less than 0.25% of carbon, other than rectangular or square cross-section",S36,1.0,2410,alta,cadena,1.0,,2854579743.3333335
720720,"Iron or non-alloy steel: semi-finished products of iron or non-alloy steel, containing by weight 0.25% or more of carbon",S36,1.0,2410,alta,cadena,1.0,,4499119955.666667
720811,"Iron or non-alloy steel: in coils, flat-rolled, width 600mm or more, hot-rolled, having a minimum yield point of 355MPa, thickness exceeding 10mm",S36,1.0,2410,alta,cadena,0.9999999999999999,,1015943772.3333334
720812,"Iron or non-alloy steel: in coils, flat-rolled, width 600mm or more, hot-rolled, minimum yield point of 355MPa, thickness 4.75mm or more but not exceeding 10mm",S36,1.0,2410,alta,cadena,0.9999999999999999,,1255501600.6666667
720813,"Iron or non-alloy steel: in coils, flat-rolled, width 600mm or more, hot-rolled, of a thickness of 3mm or more but less than 4.75mm, having a minimum yield point of 355MPa",S36,1.0,2410,alta,cadena,1.0,,1346193200.6666667
720814,"Iron or non-alloy steel: in coils, flat-rolled, width 600mm or more, hot-rolled, thickness less than 3mm and having a minimum yield point of 275MPa",S36,1.0,2410,alta,cadena,0.9999999999999999,,4210932045.0
720821,"Iron or non-alloy steel: in coils, flat-rolled, width 600mm or more, hot-rolled, of a thickness exceeding 10mm, excluding minimum yield point of 355MPa",S36,1.0,2410,alta,cadena,0.9999999999999998,,1771110528.6666667
720822,"Iron or non-alloy steel: in coils, flat-rolled, width 600mm or more, hot-rolled, thickness of 4.75mm or more but not exceeding 10mm, excluding minimum yield point of 355MPa",S36,1.0,2410,alta,cadena,1.0,,6434136130.333333
720823,"Iron or non-alloy steel: in coils, flat-rolled, width 600mm or more, hot-rolled, thickness of 3mm or more but less than 4.75mm, other than minimum yield point of 355MPa",S36,1.0,2410,alta,cadena,1.0,,10411547897.0
720824,"Iron or non-alloy steel: in coils, flat-rolled, width 600mm or more, hot-rolled, less than 3mm thick, excluding minimum yield point of 275MPa",S36,1.0,2410,alta,cadena,1.0,,17728793526.0
720831,"Iron or non-alloy steel: not in coils, flat-rolled, width not over 1250mm hot-rolled, thickness not less than 4mm, having a minimum yield point of 355MPa, without patterns in relief",S36,1.0,2410,alta,cadena,1.0,,477438618.6666667
720832,"Iron or non-alloy steel: not in coils, flat-rolled, hot-rolled, thickness exceeding 10mm, and a minimum yield point of 355MPa",S36,1.0,2410,alta,cadena,1.0,,3016809159.6666665
720833,"Iron or non-alloy steel: not in coils, flat-rolled, hot-rolled, thickness of 4.75mm or more but not exceeding 10mm, having a minimum yield point of 355MPa",S36,1.0,2410,alta,cadena,0.9999999999999999,,1106797451.0
720834,"Iron or non-alloy steel: not in coils, flat-rolled, hot-rolled, thickness of 3mm or more but less than 4.75mm, having a minimum yield point of 355MPa",S36,1.0,2410,alta,cadena,0.9999999999999999,,252879825.0
720835,"Iron or non-alloy steel: not in coils, flat-rolled, hot-rolled, thickness less than 3mm, having a minimum yield point of 275MPa",S36,1.0,2410,alta,cadena,0.9999999999999998,,385945261.3333333
720841,"Iron or non-alloy steel: not in coils, flat-rolled, hot-rolled, width not exceeding 1250mm and not less than 4mm thick, without patterns in relief, excluding minimum yield point of 355MPa",S36,1.0,2410,alta,cadena,0.9999999999999999,,446485163.0
720842,"Iron or non-alloy steel: not in coils, flat-rolled, hot-rolled, thickness exceeding 10mm, excluding minimum yield point of 355MPa",S36,1.0,2410,alta,cadena,0.9999999999999999,,11186029976.0
720843,"Iron or non-alloy steel: not in coils, flat-rolled, hot-rolled, thickness of 4.75mm or more but not exceeding 10mm, excluding minimum yield point of 355MPa",S36,1.0,2410,alta,cadena,1.0000000000000002,,3860191458.6666665
720844,"Iron or non-alloy steel: not in coils, flat-rolled, hot-rolled, thickness of 3mm or more but less than 4.75mm, excluding minimum yield point of 355MPa",S36,1.0,2410,alta,cadena,0.9999999999999998,,1030423472.3333334
720845,"Iron or non-alloy steel: not in coils, flat-rolled, hot-rolled, thickness less than 3mm, excluding minimum yield point of 275MPa",S36,1.0,2410,alta,cadena,1.0,,462896678.6666667
720890,"Iron or non-alloy steel: flat-rolled, hot-rolled, of a width 600mm or more, n.e.s. in heading no. 7208",S36,1.0,2410,alta,cadena,1.0,,1157947024.0
720911,"Iron or non-alloy steel: in coils, flat-rolled, width 600mm or more, cold-rolled, thickness of 3mm or more and having a minimum yield point of 355MPa",S36,1.0,2410,alta,cadena,1.0,,201277657.0
720912,"Iron or non-alloy steel: in coils, flat-rolled, width 600mm or more, cold-rolled, thickness exceeding 1mm but less than 3mm and having a minimum yield point of 275MPa",S36,1.0,2410,alta,cadena,1.0,,960356141.6666666
720913,"Iron or non-alloy steel: in coils, flat-rolled, width 600mm or more, cold-rolled, thickness of 0.5mm or more but not exceeding 1mm and having a minimum yield point of 275MPa",S36,1.0,2410,alta,cadena,1.0,,1500652123.0
720914,"Iron or non-alloy steel: in coils, flat-rolled, width 600mm or more, cold-rolled, thickness less than 0.5mm and having a minimum yield point of 275MPa",S36,1.0,2410,alta,cadena,1.0,,698588527.3333334
720921,"Iron or non-alloy steel: in coils, flat-rolled, width 600mm or more, cold-rolled, thickness 3mm or more, excluding minimum yield point of 355MPa",S36,1.0,2410,alta,cadena,1.0,,276392564.6666667
720922,"Iron or non-alloy steel: in coils, flat-rolled, width 600mm or more, cold-rolled, thickness exceeding 1mm but less than 3mm, excluding minimum yield point of 275MPa",S36,1.0,2410,alta,cadena,1.0,,4372553165.666667
720923,"Iron or non-alloy steel: in coils, flat-rolled, width 600mm or more, cold-rolled of a thickness of 0.5mm or more but not exceeding 1mm, excluding minimum yield point of 275MPa",S36,1.0,2410,alta,cadena,1.0,,5166542500.666667
720924,"Iron or non-alloy steel: in coils, flat-rolled, width 600mm or more, cold-rolled of a thickness of less than 0.5mm, excluding minimum yield point of 275MPa",S36,1.0,2410,alta,cadena,1.0,,1164095326.0
720931,"Iron or non-alloy steel: not in coils, flat-rolled, width 600mm or more, cold-rolled of a thickness of 3mm or more, having a minimum yield point of 355MPa",S36,1.0,2410,alta,cadena,1.0,,58375805.666666664
720932,"Iron or non-alloy steel: not in coils, flat-rolled, width 600mm or more, cold-rolled, thickness exceeding 1mm but less than 3mm, having a minimum yield point of 275MPa",S36,1.0,2410,alta,cadena,1.0,,209579081.66666666
720933,"Iron or non-alloy steel: not in coils, flat-rolled, width 600mm or more, cold-rolled, thickness of 0.5mm or more but not exceeding 1mm, having a minimum yield point of 275MPa",S36,1.0,2410,alta,cadena,1.0,,146853780.33333334
720934,"Iron or non-alloy steel: not in coils, flat-rolled, width 600mm or more, cold-rolled, thickness of less than 0.5mm, having a minimum yield point of 275MPa",S36,1.0,2410,alta,cadena,1.0,,13758128.666666666
720941,"Iron or non-alloy steel: not in coils, flat-rolled, width 600mm or more, cold-rolled, thickness of 3mm or more, excluding minimum yield point of 355MPa",S36,1.0,2410,alta,cadena,1.0,,58236127.666666664
720942,"Iron or non-alloy steel: not in coils, flat-rolled, width 600mm or more, cold-rolled, thickness exceeding 1mm but less than 3mm, excluding minimum yield point of 275MPa",S36,1.0,2410,alta,cadena,1.0,,340009488.0
720943,"Iron or non-alloy steel: not in coils, flat-rolled, width 600mm or more, cold-rolled, thickness of 0.5mm or more but not exceeding 1mm, excluding minimum yield point of 275MPa",S36,1.0,2410,alta,cadena,1.0,,247125840.66666666
720944,"Iron or non-alloy steel: not in coils, flat-rolled, width 600mm or more, cold-rolled, thickness less than 0.5mm, excluding minimum yield point of 275MPa",S36,1.0,2410,alta,cadena,1.0,,18882363.333333332
720990,"Iron or non-alloy steel: flat-rolled, width 600mm or more, cold-rolled, n.e.s. in heading no. 7209",S36,1.0,2410,alta,cadena,1.0,,236935911.66666666
721011,"Iron or non-alloy steel: flat-rolled, width 600mm or more, plated or coated with tin, thickness of 0.5mm or more",S36,1.0,2410,alta,cadena,1.0,,189122283.66666666
721012,"Iron or non-alloy steel: flat-rolled, width 600mm or more, plated or coated with tin, thickness of less than 0.5mm",S36,1.0,2410,alta,cadena,1.0,,6758674073.0
721020,"Iron or non-alloy steel: flat-rolled, width 600mm or more, plated or coated with lead, including terne-plate",S36,1.0,2410,alta,cadena,1.0,,114826997.0
721031,"Iron or non-alloy steel: flat-rolled, width 600mm or more, less than 3mm thick with minimum yield point 275MPa or 3mm or more thick with minimum yield point of 355MPa, electrolytically coated with zinc",S36,1.0,2410,alta,cadena,1.0,,293414879.6666667
721039,"Iron or non-alloy steel: flat-rolled, width 600mm or more, n.e.s. in item no. 7210.31, electrolytically plated or coated with zinc",S36,1.0,2410,alta,cadena,1.0,,2250933811.0
721041,"Iron or non-alloy steel: flat-rolled, width 600mm or more, corrugated, plated or coated with zinc (not electrolytically)",S36,1.0,2410,alta,cadena,1.0,,780828903.3333334
721049,"Iron or non-alloy steel: flat-rolled, width 600mm or more, (not corrugated), plated or coated with zinc (not electrolytically)",S36,1.0,2410,alta,cadena,1.0,,26069700562.666668
721050,"Iron or non-alloy steel: flat-rolled, width 600mm or more, plated or coated with chromium oxides or with chromium and chromium oxides",S36,1.0,2410,alta,cadena,1.0,,1416953841.3333333
721060,"Iron or non-alloy steel: flat-rolled, width 600mm or more, plated or coated with aluminium",S36,1.0,2410,alta,cadena,0.9999999999999998,,4503403551.333333
721070,"Iron or non-alloy steel: flat-rolled, width 600mm or more, painted, varnished or coated with plastics",S36,1.0,2410,alta,cadena,1.0,,14290005367.333334
721090,"Iron or non-alloy steel: flat-rolled, width 600mm or more, plated or coated with materials n.e.s. in heading no. 7210",S36,1.0,2410,alta,cadena,1.0,,1564670491.6666667
721111,"Iron or non-alloy steel: flat-rolled, hot-rolled, width exceeding 150mm, 4mm or more thick, minimum yield point of 355MPa, not in coils and without patterns in relief",S36,1.0,2410,alta,cadena,1.0,,17480805.0
721112,"Iron or non-alloy steel: flat-rolled, hot-rolled, 4.75mm or more thick, minimum yield point of 355MPa, width less than 600mm",S36,1.0,2410,alta,cadena,1.0,,250957514.66666666
721119,"Iron or non-alloy steel: flat-rolled, hot-rolled, width less than 600mm, excluding those of item no. 7211.11 and 7211.12",S36,1.0,2410,alta,cadena,1.0,,445076594.3333333
721121,"Iron or non-alloy steel: flat-rolled, hot-rolled, 4mm or more thick, width over 150mm but less than 600mm, not in coils and without patterns in relief",S36,1.0,2410,alta,cadena,1.0,,206167380.66666666
721122,"Iron or non-alloy steel: flat-rolled, hot-rolled, 4.75mm or more thick, width less than 600mm",S36,1.0,2410,alta,cadena,1.0,,371928846.0
721129,"Iron or non-alloy steel: flat-rolled, hot-rolled, width less than 600mm, other than of item no. 7211.21 and 7211.22",S36,1.0,2410,alta,cadena,0.9999999999999998,,1368296847.6666667
721130,"Iron or non-alloy steel: flat-rolled, cold-rolled, width less than 600mm, less than 3mm thick with minimum yield point of 275MPa or 3mm or more thick with minimum yield point of 355MPa",S36,1.0,2410,alta,cadena,1.0,,582477328.3333334
721141,"Iron or non-alloy steel: flat-rolled, cold-rolled, width less than 600mm, containing by weight less than 0.25% of carbon",S36,1.0,2410,alta,cadena,1.0,,816709966.0
721149,"Iron or non-alloy steel: flat-rolled, cold-rolled, containing by weight 0.25% or more of carbon, width less than 600mm",S36,1.0,2410,alta,cadena,1.0,,562807582.6666666
721190,"Iron or non-alloy steel: flat-rolled, n.e.s. in heading no. 7211, width less than 600mm",S36,1.0,2410,alta,cadena,1.0,,385875505.6666667
721210,"Iron or non-alloy steel: flat-rolled, width less than 600mm, plated or coated with tin",S36,1.0,2410,alta,cadena,1.0,,128231019.33333333
721221,"Iron or non-alloy steel: flat-rolled, width less than 600mm, less than 3mm thick with minimum yield point 275MPa or 3mm or more thick with minimum yield point 355MPa, electrolytically coated with zinc",S36,1.0,2410,alta,cadena,1.0,,265241209.0
721229,"Iron or non-alloy steel: flat-rolled, width less than 600mm, electrolytically plated or coated with zinc",S36,1.0,2410,alta,cadena,1.0,,315640796.3333333
721230,"Iron or non-alloy steel: flat-rolled, width less than 600mm, plated or coated with zinc (not electrolytically)",S36,1.0,2410,alta,cadena,1.0,,3380862033.0
721240,"Iron or non-alloy steel: flat-rolled, width less than 600mm, painted, varnished or coated with plastics",S36,1.0,2410,alta,cadena,1.0,,961510812.6666666
721250,"Iron or non-alloy steel: flat-rolled, width less than 600mm, plated or coated, (excluding tin, zinc or plastic)",S36,1.0,2410,alta,cadena,1.0,,788545805.6666666
721260,"Iron or non-alloy steel: flat-rolled, width less than 600mm, clad",S36,1.0,2410,alta,cadena,1.0,,252208087.66666666
721310,"Iron or non-alloy steel: bars and rods, hot-rolled, in irregularly wound coils, containing indentations, ribs, grooves or other deformations produced during the rolling process",S36,1.0,2410,alta,cadena,1.0,,2475189559.6666665
721320,"Iron or non-alloy steel: bars and rods, hot-rolled, in irregularly wound coils, of free-cutting steel",S36,1.0,2410,alta,cadena,1.0,,748873750.6666666
721331,"Iron or non-alloy steel: bars and rods, hot-rolled, in irregularly wound coils, containing by weight less than 0.25% of carbon, of circular cross-section measuring less than 14mm in diameter",S36,1.0,2410,alta,cadena,1.0,,6124612520.0
721339,"Iron or non-alloy steel: bars and rods, hot-rolled, in irregularly wound coils, containing by weight less than 0.25% of carbon, not of circular cross-section measuring less than 14mm in diameter",S36,1.0,2410,alta,cadena,1.0,,373382080.0
721341,"Iron or non-alloy steel: bars and rods, hot-rolled, in irregularly wound coils, containing by weight 0.25% or more but less than 0.6% of carbon, of circular cross-section less than 14mm in diameter",S36,1.0,2410,alta,cadena,1.0,,1098070260.3333333
721349,"Iron or non-alloy steel: bars and rods, hot-rolled, in irregularly wound coils, containing by weight 0.25% or more but less than 0.6% of carbon, other than circular cross-section less than 14mm in diameter",S36,1.0,2410,alta,cadena,1.0,,302609651.6666667
721350,"Iron or non-alloy steel: bars and rods, hot-rolled, in irregularly wound coils, containing by weight 0.6% or more of carbon",S36,1.0,2410,alta,cadena,0.9999999999999998,,2834160307.0
721410,"Iron or non-alloy steel: bars and rods, forged, hot-rolled, hot-drawn or hot-extruded, but including those twisted after rolling",S36,1.0,2410,alta,cadena,1.0,,1911341078.6666667
721420,"Iron or non-alloy steel: bars and rods, hot-rolled, hot-drawn or hot-extruded, containing indentations, ribs, grooves or other deformations produced during the rolling process or twisted after rolling",S36,1.0,2410,alta,cadena,1.0,,12919237678.666666
721430,"Iron or non-alloy steel: bars and rods, hot-rolled, hot-drawn or hot-extruded, including those twisted after rolling, of free-cutting steel",S36,1.0,2410,alta,cadena,1.0,,296420694.3333333
721440,"Iron or non-alloy steel: bars and rods, hot-rolled, hot-drawn or hot-extruded, containing by weight less than 0.25% of carbon, including those twisted after rolling",S36,1.0,2410,alta,cadena,1.0,,2891706148.6666665
721450,"Iron or non-alloy steel: bars and rods, hot-rolled, hot-drawn or hot-extruded, containing by weight 0.25% or more but less than 0.6% of carbon, including those twisted after rolling",S36,1.0,2410,alta,cadena,1.0,,1810126054.6666667
721460,"Iron or non-alloy steel: bars and rods, hot-rolled, hot-drawn or hot-extruded, containing by weight 0.6% or more of carbon, including those twisted after rolling",S36,1.0,2410,alta,cadena,1.0,,243652649.0
721510,"Iron or non-alloy steel: bars and rods, of free-cutting steel, cold-formed or cold-finished, n.e.s. in chapter 72",S36,1.0,2410,alta,cadena,1.0,,747678809.6666666
721520,"Iron or non-alloy steel: bars and rods, cold-formed or cold-finished, containing by weight less than 0.25% of carbon",S36,1.0,2410,alta,cadena,1.0,,669951139.6666666
721530,"Iron or non-alloy steel: bars and rods, cold-formed or cold-finished, containing by weight 0.25% or more but less than 0.6% of carbon",S36,1.0,2410,alta,cadena,1.0,,479328839.6666667
721540,"Iron or non-alloy steel: bars and rods, cold-formed or cold-finished, containing by weight 0.6% or more of carbon",S36,1.0,2410,alta,cadena,1.0,,107703639.0
721590,"Iron or non-alloy steel: bars and rods, n.e.s. in chapter 72, n.e.s. in heading no. 7215",S36,1.0,2410,alta,cadena,1.0,,805108062.0
721610,"Iron or non-alloy steel: U, I or H sections, hot-rolled, hot-drawn or extruded, of a height of less than 80mm",S36,1.0,2410,alta,cadena,1.0,,471447380.6666667
721621,"Iron or non-alloy steel: L sections, hot-rolled, hot-drawn or extruded, of a height of less than 80mm",S36,1.0,2410,alta,cadena,1.0,,1149521935.0
721622,"Iron or non-alloy steel: T sections, hot-rolled, hot-drawn or extruded, of a height less than 80mm",S36,1.0,2410,alta,cadena,1.0,,58484073.666666664
721631,"Iron or non-alloy steel: U sections, hot-rolled, hot-drawn or extruded, of a height of 80mm or more",S36,1.0,2410,alta,cadena,1.0,,1710960978.6666667
721632,"Iron or non-alloy steel: I sections, hot-rolled, hot-drawn or extruded, of a height of 80mm or more",S36,1.0,2410,alta,cadena,1.0,,2763587491.6666665
721633,"Iron or non-alloy steel: H sections, hot-rolled, hot-drawn or extruded, of a height of 80mm or more",S36,1.0,2410,alta,cadena,1.0,,5889122355.0
721640,"Iron or non-alloy steel: L or T sections, hot-rolled, hot-drawn or extruded, of a height of 80mm or more",S36,1.0,2410,alta,cadena,1.0,,1156362975.3333333
721650,"Iron or non-alloy steel: angles, shapes and sections, n.e.s. in heading no. 7216, hot-rolled, hot-drawn or extruded",S36,1.0,2410,alta,cadena,1.0,,2368009896.3333335
721660,"Iron or non-alloy steel: angles, shapes and sections, n.e.s. in heading no.7216, cold-formed or cold-finished",S36,1.0,2410,alta,cadena,0.9999999999999999,,1549572941.0
721690,"Iron or non-alloy steel: angles, shapes and sections n.e.s. in heading no. 7216",S36,1.0,2410,alta,cadena,0.9999999999999998,,1541060852.6666667
721711,"Iron or non-alloy steel: wire, containing by weight less than 0.25% of carbon, not plated or coated, whether or not polished",S36,1.0,2410,alta,cadena,1.0,,1976281288.0
721712,"Iron or non-alloy steel: wire, containing by weight less than 0.25% of carbon, plated or coated with zinc",S36,1.0,2410,alta,cadena,1.0,,1747354077.6666667
721713,"Iron or non-alloy steel: wire, containing by weight less than 0.25% of carbon, plated or coated with base metals, excluding zinc",S36,1.0,2410,alta,cadena,1.0,,431115914.0
721719,"Iron or non-alloy steel: wire, containing by weight less than 0.25% of carbon, plated or coated with materials n.e.s. in item no. 7217.1",S36,1.0,2410,alta,cadena,1.0,,272644782.0
721721,"Iron or non-alloy steel: wire, containing by weight 0.25% or more but less than 0.6% of carbon, not plated or coated, whether or not polished",S36,1.0,2410,alta,cadena,1.0,,551158317.6666666
721722,"Iron or non-alloy steel: wire, containing by weight 0.25% or more but less than 0.6% of carbon, plated or coated with zinc",S36,1.0,2410,alta,cadena,1.0,,805986082.0
721723,"Iron or non-alloy steel: wire, containing by weight 0.25% or more but less than 0.6% of carbon, plated or coated with base metals, excluding zinc",S36,1.0,2410,alta,cadena,1.0,,82092341.0
721729,"Iron or non-alloy steel: wire, containing by weight 0.25% or more but less than 0.6% of carbon, plated or coated with materials n.e.s. in item no. 7217.2",S36,1.0,2410,alta,cadena,1.0,,96084364.33333333
721731,"Iron or non-alloy steel: wire, containing by weight 0.6% or more of carbon, not plated or coated, whether or not polished",S36,1.0,2410,alta,cadena,1.0,,1080575281.0
721732,"Iron or non-alloy steel: wire, containing by weight 0.6% or more of carbon, plated or coated with zinc",S36,1.0,2410,alta,cadena,1.0,,806359928.0
721733,"Iron or non-alloy steel: wire, containing by weight 0.6% or more of carbon, plated or coated with base metals, excluding zinc",S36,1.0,2410,alta,cadena,1.0,,766457969.0
721739,"Iron or non-alloy steel: wire, containing by weight 0.6% or more of carbon, plated or coated with materials n.e.s. in item no. 7217.3",S36,1.0,2410,alta,cadena,1.0,,158099898.33333334
721810,"Steel, stainless: ingots and other primary forms",S36,1.0,2410,alta,cadena,1.0,,388022709.3333333
721890,"Steel, stainless: semi-finished products",S36,1.0,2410,alta,cadena,1.0,,4766776754.0
721911,"Steel, stainless: flat-rolled, width 600mm or more, hot-rolled, in coils, of a thickness exceeding 10mm",S36,1.0,2410,alta,cadena,1.0,,304833265.3333333
721912,"Steel, stainless: flat-rolled, width 600mm or more, hot-rolled, in coils, of a thickness of 4.75mm or more but not exceeding 10mm",S36,1.0,2410,alta,cadena,1.0,,3126885705.6666665
721913,"Steel, stainless: flat-rolled, width 600mm or more, hot-rolled, in coils, of a thickness of 3mm or more but less than 4.75mm",S36,1.0,2410,alta,cadena,1.0,,5116664987.333333
721914,"Steel, stainless: flat-rolled, width 600mm or more, hot-rolled, in coils, of a thickness of less than 3mm",S36,1.0,2410,alta,cadena,1.0,,1699974212.3333333
721921,"Steel, stainless: flat-rolled, width 600mm or more, hot-rolled, (not in coils), of a thickness exceeding 10mm",S36,1.0,2410,alta,cadena,1.0,,2175160534.3333335
721922,"Steel, stainless: flat-rolled, width 600mm or more, hot-rolled, (not in coils), of a thickness of 4.75mm or more but not exceeding 10mm",S36,1.0,2410,alta,cadena,1.0,,1646654315.0
721923,"Steel, stainless: flat-rolled, width 600mm or more, hot-rolled, (not in coils), of a thickness of 3mm or more but less than 4.75mm",S36,1.0,2410,alta,cadena,1.0,,421194762.0
721924,"Steel, stainless: flat-rolled, width 600mm or more, hot-rolled, (not in coils), of a thickness of less than 3mm",S36,1.0,2410,alta,cadena,1.0,,82563864.33333333
721931,"Steel, stainless: flat-rolled, width 600mm or more, cold-rolled or cold-reduced, of a thickness of 4.75mm or more",S36,1.0,2410,alta,cadena,1.0,,730189966.6666666
721932,"Steel, stainless: flat-rolled, width 600mm or more, cold-rolled, of a thickness of 3mm or more but less than 4.75mm",S36,1.0,2410,alta,cadena,1.0,,2408854619.0
721933,"Steel, stainless: flat-rolled, width 600mm or more, cold-rolled, of a thickness exceeding 1mm but less than 3mm",S36,1.0,2410,alta,cadena,1.0,,8926110333.333334
721934,"Steel, stainless: flat-rolled, width 600mm or more, cold-rolled, of a thickness of 0.5mm or more but not exceeding 1mm",S36,1.0,2410,alta,cadena,1.0,,6094463817.0
721935,"Steel, stainless: flat-rolled, width 600mm or more, cold-rolled, of a thickness of less than 0.5mm",S36,1.0,2410,alta,cadena,1.0,,1655936067.0
721990,"Steel, stainless: flat-rolled, width 600mm or more, n.e.s. in heading no. 7219",S36,1.0,2410,alta,cadena,1.0,,1029240799.6666666
722011,"Steel, stainless: flat-rolled, width less than 600mm, hot-rolled, of a thickness of 4.75mm or more",S36,1.0,2410,alta,cadena,1.0,,229611772.33333334
722012,"Steel, stainless: flat-rolled, width less than 600mm, hot-rolled, of a thickness of less than 4.75mm",S36,1.0,2410,alta,cadena,1.0,,196119526.0
722020,"Steel, stainless: flat-rolled, width less than 600mm, cold-rolled",S36,1.0,2410,alta,cadena,1.0,,4758431118.666667
722090,"Steel, stainless: flat-rolled, width less than 600mm, nes in heading no 7220",S36,1.0,2410,alta,cadena,1.0,,447412376.3333333
722100,"Steel, stainless: bars and rods, hot-rolled, in irregularly wound coils",S36,1.0,2410,alta,cadena,1.0,,2066238519.0
722210,"Steel, stainless: bars and rods, hot-rolled, hot-drawn or extruded",S36,1.0,2410,alta,cadena,1.0,,1711053897.3333333
722220,"Steel, stainless: bars and rods, cold-formed or cold-finished",S36,1.0,2410,alta,cadena,1.0,,4065045537.3333335
722230,"Steel, stainless: bars and rods, n.e.s. in heading no. 7222",S36,1.0,2410,alta,cadena,1.0,,863765955.0
722240,"Steel, stainless: angles, shapes and sections",S36,1.0,2410,alta,cadena,0.9999999999999999,,784252862.6666666
722300,"Steel, stainless: wire",S36,1.0,2410,alta,cadena,1.0,,2514060007.0
722410,"Steel, alloy: ingots and other primary forms",S36,1.0,2410,alta,cadena,1.0,,631772100.0
722490,"Steel, alloy: semi-finished products",S36,1.0,2410,alta,cadena,1.0,,3281096729.6666665
722510,"Steel, alloy: flat-rolled, width 600mm or more, of silicon-electrical steel",S36,1.0,2410,alta,cadena,1.0,,6640407224.666667
722520,"Steel, alloy: flat-rolled, width 600mm or more, of high speed steel",S36,1.0,2410,alta,cadena,1.0,,1048548476.3333334
722530,"Steel, alloy: flat-rolled, width 600mm or more, hot-rolled, in coils",S36,1.0,2410,alta,cadena,1.0,,5508662328.666667
722540,"Steel, alloy: flat-rolled, width 600mm or more, hot-rolled, not in coils",S36,1.0,2410,alta,cadena,1.0,,5249411539.333333
722550,"Steel, alloy: flat-rolled, width 600mm or more, cold-rolled",S36,1.0,2410,alta,cadena,1.0,,3883156570.0
722590,"Steel, alloy: flat-rolled, width 600mm or more, n.e.s. in heading no. 7225",S36,1.0,2410,alta,cadena,0.9999999999999998,,11341666410.333334
722610,"Steel, alloy: flat-rolled, width less than 600mm, of silicon-electrical steel",S36,1.0,2410,alta,cadena,1.0,,1645026331.6666667
722620,"Steel, alloy: flat-rolled, width less than 600mm, of high speed steel",S36,1.0,2410,alta,cadena,1.0,,60373484.333333336
722691,"Steel, alloy: flat-rolled, width less than 600mm, n.e.s. in heading no. 7226, hot-rolled",S36,1.0,2410,alta,cadena,1.0,,826739828.3333334
722692,"Steel, alloy: flat-rolled, width less than 600mm, n.e.s. in heading no. 7226, cold-rolled",S36,1.0,2410,alta,cadena,1.0,,1065305466.0
722699,"Steel, alloy: flat-rolled, width less than 600mm, n.e.s. in item no. 7226.9",S36,1.0,2410,alta,cadena,1.0,,770813708.0
722710,"Steel, alloy: bars and rods, hot-rolled, in irregularly wound coils, of high speed steel",S36,1.0,2410,alta,cadena,1.0,,116015355.33333333
722720,"Steel, alloy: bars and rods, hot-rolled, in irregularly wound coils, of silico-manganese steel",S36,1.0,2410,alta,cadena,1.0,,279916480.6666667
722790,"Steel, alloy: bars and rods, hot-rolled, in irregularly wound coils, n.e.s. in heading no. 7227",S36,1.0,2410,alta,cadena,1.0,,3471312782.0
722810,"Steel, alloy: bars and rods, of high speed steel",S36,1.0,2410,alta,cadena,1.0,,603216434.3333334
722820,"Steel, alloy: bars and rods, of silico-manganese steel",S36,1.0,2410,alta,cadena,1.0,,175918319.0
722830,"Steel, alloy: bars and rods, hot-rolled, hot-drawn or extruded",S36,1.0,2410,alta,cadena,1.0,,6682461419.0
722840,"Steel, alloy: bars and rods, forged",S36,1.0,2410,alta,cadena,0.9999999999999998,,1340814530.3333333
722850,"Steel, alloy: bars and rods, cold-formed or cold-finished",S36,1.0,2410,alta,cadena,1.0,,2398092715.0
722860,"Steel, alloy: bars and rods n.e.s. in heading no. 7228",S36,1.0,2410,alta,cadena,0.9999999999999999,,451475401.0
722870,"Steel, alloy: angles, shapes and sections",S36,1.0,2410,alta,cadena,1.0000000000000002,,600746072.6666666
722880,"Steel, alloy or non-alloy: hollow drill bars and rods",S36,1.0,2410,alta,cadena,1.0,,161263316.66666666
722910,"Steel, alloy: wire, of high speed steel",S36,1.0,2410,alta,cadena,1.0,,332216460.3333333
722920,"Steel, alloy: wire, of silico-manganese steel",S36,1.0,2410,alta,cadena,1.0,,409690557.0
722990,"Steel, alloy: wire, of materials other than high speed or silico-manganese steel",S36,1.0,2410,alta,cadena,1.0,,2067281223.6666667
730110,"Iron or steel: sheet piling, whether or not drilled, punched or made from assembled elements",S36,1.0,2410,alta,cadena,1.0,,1697196219.6666667
730120,"Iron or steel: angles, shapes and sections, welded",S36,1.0,2410,alta,cadena,1.0,,556474778.0
730210,"Iron or steel, railway or tramway track construction material: rails",S36,1.0,2410,alta,cadena,1.0,,2711209525.3333335
730220,"Iron or steel, railway or tramway track construction material: sleepers (cross-ties)",S36,1.0,2410,alta,cadena,1.0,,168993166.33333334
730230,"Iron or steel, railway or tramway track construction material: switch blades, crossing frogs, point rods and other crossing pieces",S36,1.0,2410,alta,cadena,1.0,,645919227.0
730240,"Iron or steel, railway or tramway track construction material: fish-plates and sole plates",S36,1.0,2410,alta,cadena,1.0,,204793207.66666666
730290,"Iron or steel, railway or tramway track construction material: n.e.s. in heading no. 7302",S36,1.0,2410,alta,cadena,1.0,,341313082.0
730300,"Cast iron: tubes, pipes and hollow profiles",S36,1.0,2431,alta,cadena,1.0,,1700816689.0
730410,"Iron or steel (other than cast iron): seamless, line pipe of a kind used for oil or gas pipelines",S36,1.0,2431,alta,cadena,1.0,,5001426757.666667
730420,"Iron or steel (other than cast iron): seamless casing, tubing and drill pipe, of a kind used in drilling for oil or gas",S36,1.0,2431,alta,cadena,0.9999999999999999,,9745612977.666666
730431,"Iron or non-alloy steel: cold-drawn or cold-rolled, tubes and pipes of circular cross-section",S36,1.0,2431,alta,cadena,1.0,,1671455018.0
730439,"Iron or non-alloy steel: (excluding cold-drawn or cold-rolled), tubes and pipes of circular cross-section",S36,1.0,2431,alta,cadena,1.0,,3565319516.0
730441,"Steel, stainless: cold-drawn or cold-rolled, tubes and pipes of circular cross-section",S36,1.0,2431,alta,cadena,1.0,,3102524517.6666665
730449,"Steel, stainless: (excluding cold-drawn or cold-rolled), tubes and pipes of circular cross-section",S36,1.0,2431,alta,cadena,1.0,,1487114905.3333333
730451,"Steel, alloy n.e.s. in heading no. 7304: cold-drawn or cold-rolled, tubes and pipes of circular cross-section",S36,1.0,2431,alta,cadena,1.0,,607546644.0
730459,"Steel, alloy n.e.s. in heading no. 7304: (excluding cold-drawn or cold-rolled), tubes and pipes of circular cross-section",S36,1.0,2431,alta,cadena,1.0,,1743859943.6666667
730490,"Iron or steel: tubes, pipes and hollow profiles, seamless, n.e.s. in heading no. 7304",S36,1.0,2431,alta,cadena,1.0,,926042216.0
730511,"Iron or steel: line pipe of a kind used for oil or gas pipelines, longitudinally submerged arc welded, external diameter exceeds 406.4mm",S36,1.0,2410,alta,cadena,1.0,,3905992604.0
730512,"Iron or steel: line pipe of a kind used for oil or gas pipelines, longitudinally welded external diameter exceeds 406.4mm",S36,1.0,2410,alta,cadena,1.0,,590895615.3333334
730519,"Iron or steel: line pipe of a kind used for oil or gas pipelines, (other than longitudinally welded), external diameter exceeds 406.4mm",S36,1.0,2410,alta,cadena,1.0,,509981178.6666667
730520,"Iron or steel: casing of a kind used in drilling for oil or gas, external diameter exceeds 406.4mm",S36,1.0,2410,alta,cadena,1.0,,410058452.6666667
730531,"Iron or steel: tubes and pipes (other than line pipe or casing of a kind used for oil or gas pipelines), longitudinally welded, external diameter exceeds 406.4mm",S36,1.0,2410,alta,cadena,1.0,,1520259789.3333333
730539,"Iron or steel: tubes and pipes (other than line pipe or casing of a kind used for oil or gas pipelines), (other than longitudinally welded), external diameter exceeds 406.4mm",S36,1.0,2410,alta,cadena,1.0,,893019497.3333334
730590,"Iron or steel: tubes and pipes, n.e.s. in heading no. 7305, external diameter exceeds 406.4mm",S36,1.0,2410,alta,cadena,1.0,,193411170.0
730610,"Iron or steel: line pipe of a kind used for oil or gas pipelines, n.e.s.",S36,1.0,2410,alta,cadena,1.0,,1962156098.3333333
730620,"Iron or steel: casing and tubing of a kind used in drilling for oil and gas, n.e.s.",S36,1.0,2410,alta,cadena,1.0,,1879993953.0
730630,"Iron or non-alloy steel: tubes and pipes, welded, of circular cross-section",S36,1.0,2410,alta,cadena,1.0,,8637362826.0
730640,"Steel, stainless: tubes and pipes, welded, of circular cross-section",S36,1.0,2410,alta,cadena,1.0,,4393182595.0
730650,"Steel, alloy: n.e.s. in heading no. 7306, tubes and pipes, welded, of circular cross-section",S36,1.0,2410,alta,cadena,1.0,,795241539.3333334
730660,"Iron or steel: n.e.s. in heading no. 7306, tubes, pipes and hollow profiles, welded, of non-circular cross-section",S36,1.0,2410,alta,cadena,1.0,,8596916721.333334
730690,"Iron or steel: tubes, pipes and hollow profiles n.e.s. in heading no. 7306",S36,1.0,2410,alta,cadena,1.0,,1322177967.3333333
730711,"Cast iron: cast fittings, of non-malleable cast iron",S36,1.0,2431,alta,cadena,1.0,,1155092296.6666667
730719,"Iron or steel: cast fittings, other than of non-malleable cast iron",S36,1.0,2431,alta,cadena,1.0,,2144964206.3333333
730721,"Steel, stainless: tube or pipe fittings, flanges, of stainless steel",S36,1.0,2431,alta,cadena,1.0,,1562742979.0
730722,"Steel, stainless: tube or pipe fittings, threaded elbows, bends and sleeves",S36,1.0,2431,alta,cadena,1.0,,1082380599.6666667
730723,"Steel, stainless: tube or pipe fittings, butt welding fittings",S36,1.0,2431,alta,cadena,1.0,,1259334260.6666667
730729,"Steel, stainless: tube or pipe fittings, n.e.s. in item no. 7307.2",S36,1.0,2431,alta,cadena,1.0,,3117313648.6666665
730791,"Iron or steel: tube or pipe fittings, flanges, other than stainless steel",S36,1.0,2431,alta,cadena,1.0,,2268927183.3333335
730792,"Iron or steel: tube or pipe fittings, threaded elbows, bends and sleeves, other than stainless steel",S36,1.0,2431,alta,cadena,1.0,,1475925950.3333333
730793,"Iron or steel: tube or pipe fittings, butt welding fittings, other than stainless steel",S36,1.0,2431,alta,cadena,1.0,,1806967235.6666667
730799,"Iron or steel: tube or pipe fittings, n.e.s. in item no. 7307.9, other than stainless steel",S36,1.0,2431,alta,cadena,1.0,,4513309779.333333
730810,Iron or steel: structures and parts thereof: bridges and bridge-sections,S38,1.0,2511,alta,cadena,1.0,,1463745533.6666667
730820,"Iron or steel: structures and parts thereof, towers and lattice masts",S38,1.0,2511,alta,cadena,1.0,,4059046904.6666665
730830,"Iron or steel: structures and parts thereof, doors, windows and their frames and thresholds for doors",S38,1.0,2511,alta,cadena,1.0,,4669338025.333333
730840,"Iron or steel: structures and parts thereof, props and similar equipment for scaffolding, shuttering or pit-propping",S38,1.0,2511,alta,cadena,1.0,,5808751738.0
730890,"Iron or steel: structures and parts thereof, n.e.s. in heading no. 7308",S38,1.0,2511,alta,cadena,1.0,,48906216051.666664
730900,"Reservoirs, tanks, vats and similar containers: for any material (excluding compressed or liquefied gas), of iron or steel, capacity exceeding 300l, whether or not lined or heat insulated",S38,1.0,2512,alta,cadena,1.0,,4836046220.333333
731010,"Tanks, casks, drums, cans, boxes and similar containers, for any material (excluding compressed or liquefied gas), 50l or more capacity but not exceeding 300l",S38,1.0,2599,alta,cadena,1.0,,1963409964.0
731021,"Cans: which are to be closed by soldering or crimping, for any material (excluding compressed or liquefied gas), less than 50l capacity, of iron or steel",S38,1.0,2599,alta,cadena,1.0,,2861956599.6666665
731029,"Tanks, casks, drums, boxes and similar containers for any material (excluding compressed or liquefied gas) less than 50l capacity, n.e.s. in item no. 7310.2, of iron or steel",S38,1.0,2599,alta,cadena,1.0,,2528761370.3333335
731100,"Containers for compressed or liquefied gas, of iron or steel",S38,1.0,2512,alta,cadena,1.0,,4307223812.0
731210,"Iron or steel: stranded wire, ropes and cables, not electrically insulated",S38,1.0,2599,alta,cadena,1.0,,7384679086.0
731290,"Iron or steel: plaited bands, slings and the like, not electrically insulated",S38,1.0,2599,alta,cadena,1.0,,395930281.3333333
731300,"Iron of steel: barbed wire, twisted hoop or single flat wire and loosely twisted double wire, used for fencing",S38,1.0,2599,alta,cadena,1.0,,370086493.3333333
731411,"Iron or steel: wire cloth (including endless bands), woven products, of stainless steel",S38,1.0,2599,alta,cadena,0.9999999999999998,,750122649.3333334
731419,"Iron or steel: wire cloth (including endless bands), woven products, other than of stainless steel",S38,1.0,2599,alta,cadena,1.0,,240066831.0
731420,"Iron or steel wire: grill, netting and fencing, welded at intersections, of wire with a maximum cross-sectional dimension of 3mm or more and mesh size 100cm2 or more",S38,1.0,2599,alta,cadena,1.0,,1849506612.0
731430,"Iron or steel wire: grill, netting and fencing, welded at intersections, n.e.s. in item no. 7314.2",S38,1.0,2599,alta,cadena,0.9999999999999998,,1517964729.6666667
731441,"Iron or steel wire: grill, netting and fencing, plated or coated with zinc",S38,1.0,2599,alta,cadena,1.0,,837741908.6666666
731442,"Iron or steel wire: grill, netting and fencing, coated with plastic",S38,1.0,2599,alta,cadena,1.0,,267215112.33333334
731449,"Iron or steel wire: grill, netting and fencing, coated with materials other than zinc or plastic",S38,1.0,2599,alta,cadena,1.0,,624030927.0
731450,Iron or steel: expanded metal,S38,1.0,2599,alta,cadena,1.0,,519750176.3333333
731511,"Chain: articulated link, roller, of iron or steel",S39,1.0,2814,alta,cadena,1.0,,2312456310.6666665
731512,"Chain: articulated link, (other than roller), of iron or steel",S39,1.0,2814,alta,cadena,1.0,,1004682803.6666666
731519,"Chain: articulated link parts, of iron or steel",S39,1.0,2814,alta,cadena,1.0,,415414747.6666667
731520,"Chain: skid, articulated link chain and parts thereof, of iron or steel",S38,1.0,2599,alta,cadena,1.0,,280322411.6666667
731581,"Chain: stud-link chain, of iron or steel",S38,1.0,2599,alta,cadena,1.0,,297695868.0
731582,"Chain: welded link chain, of iron or steel",S38,1.0,2599,alta,cadena,1.0,,873403432.3333334
731589,"Chain: n.e.s. in heading no. 7315, of iron or steel",S38,1.0,2599,alta,cadena,1.0,,384471514.0
731590,"Chain: parts n.e.s. in heading no. 7315, of iron or steel",S38,1.0,2599,alta,cadena,1.0,,262728425.66666666
731600,"Iron or steel: anchors, grapnels and parts thereof",S38,1.0,2599,alta,cadena,1.0,,261803895.66666666
731700,"Iron or steel: nails, tacks, drawing pins, corrugated nails, staples (not those of heading no. 8305) and the like, with heads of other material or not, but excluding articles with heads of copper",S38,1.0,2599,alta,cadena,1.0,,3482797046.0
731811,Iron or steel: threaded coach screws,S38,1.0,2599,alta,cadena,1.0,,250665650.66666666
731812,Iron or steel: threaded wood screws other than coach screws,S38,1.0,2599,alta,cadena,1.0,,1159647957.6666667
731813,Iron or steel: threaded screw hooks and screw rings,S38,1.0,2599,alta,cadena,1.0,,155061447.33333334
731814,Iron or steel: threaded self-tapping screws,S38,1.0,2599,alta,cadena,1.0,,4009839989.3333335
731815,"Iron or steel: threaded screws and bolts n.e.s. in item no. 7318.1, whether or not with their nuts or washers",S38,1.0,2599,alta,cadena,1.0,,21340696109.666668
731816,Iron or steel: threaded nuts,S38,1.0,2599,alta,cadena,1.0,,7256296265.333333
731819,"Iron or steel: threaded screws, bolts and nuts n.e.s. in item no. 7318.1",S38,1.0,2599,alta,cadena,1.0,,3595751327.6666665
731821,Iron or steel: non-threaded spring washers and other lock washers,S38,1.0,2599,alta,cadena,1.0,,787706225.0
731822,"Iron or steel: non-threaded washers, excluding spring and lock",S38,1.0,2599,alta,cadena,1.0,,2286016311.0
731823,Iron or steel: non-threaded rivets,S38,1.0,2599,alta,cadena,1.0,,763315724.0
731824,Iron or steel: non-threaded cotters and cotter-pins,S38,1.0,2599,alta,cadena,1.0,,995333918.0
731829,"Iron or steel: non-threaded articles, n.e.s. in item no. 7318.2",S38,1.0,2599,alta,cadena,1.0,,3359411637.3333335
731910,"Iron or steel: sewing, darning or embroidery needles, for use in the hand",S38,1.0,2599,alta,cadena,1.0,,101772341.0
731920,Iron or steel: safety pins,S38,1.0,2599,alta,cadena,1.0,,34963163.0
731930,"Iron or steel: pins, other than safety",S38,1.0,2599,alta,cadena,1.0,,89347262.0
731990,"Iron or steel: knitting needles, bodkins, crochet hooks and similar articles, for use in the hand, n.e.s. in heading no. 7319",S38,1.0,2599,alta,cadena,1.0,,106286373.0
732010,Iron or steel: leaf-springs and leaves therefor,S38,1.0,2599,alta,cadena,1.0,,2076239134.3333333
732020,Iron or steel: helical springs and leaves for springs,S38,1.0,2599,alta,cadena,1.0,,3486148795.3333335
732090,Iron or steel: springs n.e.s. in heading no. 7320,S38,1.0,2599,alta,cadena,1.0,,1855049839.6666667
732111,"Cooking appliances and plate warmers: for gas fuel or for both gas and other fuels, of iron or steel",S40,1.0,2750,alta,cadena,1.0,,5491197175.666667
732112,"Cooking appliances and plate warmers: for liquid fuel, of iron or steel",S40,1.0,2750,alta,cadena,1.0,,95199889.0
732113,"Cooking appliances and plate warmers: for solid fuel, of iron or steel",S40,1.0,2750,alta,cadena,1.0,,916358479.3333334
732181,"Domestic appliances: non-electric, (other than cookers and plate warmers), for gas fuel or for both gas and other fuels, of iron or steel",S40,1.0,2750,alta,cadena,1.0,,730317300.0
732182,"Domestic appliances: non-electric, (other than cookers and plate warmers), for liquid fuel, of iron or steel",S40,1.0,2750,alta,cadena,1.0,,174450145.33333334
732183,"Domestic appliances: non-electric, (other than cookers and plate warmers), for solid fuel, of iron or steel",S40,1.0,2750,alta,cadena,1.0,,2142707755.6666667
732190,"Domestic appliances: non-electric, parts thereof, of iron or steel",S40,1.0,2750,alta,cadena,1.0,,1915575241.0
732211,"Radiators and parts thereof: for central heating, (not electrically heated), of cast iron",S38,1.0,2512,alta,cadena,1.0,,86934923.66666667
732219,"Radiators and parts thereof: for central heating, (not electrically heated), of iron or steel other than cast iron",S38,1.0,2512,alta,cadena,1.0,,1610783276.3333333
732290,"Air heaters and hot air distributors, (not electrically heated), incorporating a motor-driven fan or blower and parts thereof, of iron or steel",S40,1.0,2750,alta,cadena,1.0,,1636287390.6666667
732310,"Iron or steel: wool, pot scourers and scouring or polishing pads, gloves and the like",S38,0.5,2599,baja,cadena,1.0,,277940244.3333333
732310,"Iron or steel: wool, pot scourers and scouring or polishing pads, gloves and the like",S40,0.5,2750,baja,cadena,1.0,,277940244.3333333
732391,"Cast iron: table, kitchen and other household articles and parts thereof, of cast iron, not enamelled",S38,0.5,2599,baja,cadena,1.0,,433199844.3333333
732391,"Cast iron: table, kitchen and other household articles and parts thereof, of cast iron, not enamelled",S40,0.5,2750,baja,cadena,1.0,,433199844.3333333
732392,"Cast iron: table, kitchen and other household articles and parts thereof, of cast iron, enamelled",S38,0.5,2599,baja,cadena,1.0,,559885310.0
732392,"Cast iron: table, kitchen and other household articles and parts thereof, of cast iron, enamelled",S40,0.5,2750,baja,cadena,1.0,,559885310.0
732393,"Steel, stainless: table, kitchen and other household articles and parts thereof",S38,0.5,2599,baja,cadena,1.0,,9005294692.666666
732393,"Steel, stainless: table, kitchen and other household articles and parts thereof",S40,0.5,2750,baja,cadena,1.0,,9005294692.666666
732394,"Iron (excluding cast) or steel: table, kitchen and other household articles and parts thereof, enamelled",S38,0.5,2599,baja,cadena,1.0,,710945711.3333334
732394,"Iron (excluding cast) or steel: table, kitchen and other household articles and parts thereof, enamelled",S40,0.5,2750,baja,cadena,1.0,,710945711.3333334
732399,"Iron or steel: table, kitchen and other household articles and parts thereof, of iron or steel n.e.s. in heading no. 7323",S38,0.5,2599,baja,cadena,1.0,,4456095145.0
732399,"Iron or steel: table, kitchen and other household articles and parts thereof, of iron or steel n.e.s. in heading no. 7323",S40,0.5,2750,baja,cadena,1.0,,4456095145.0
732410,"Steel: sinks and wash basins, of stainless steel",S38,1.0,2599,alta,cadena,1.0,,1895667764.0
732421,"Cast iron, baths, whether or not enamelled",S38,1.0,2599,alta,cadena,1.0,,38350954.0
732429,Iron (other than cast) or steel: baths,S38,1.0,2599,alta,cadena,1.0,,155816805.0
732490,"Iron or steel: sanitary ware and parts thereof, excluding sinks, wash basins and baths",S38,1.0,2599,alta,cadena,1.0,,2429724540.0
732510,Iron: articles of non-malleable cast iron,S38,1.0,2599,alta,cadena,1.0,,2941250603.3333335
732591,"Iron: grinding balls and similar articles for mills, other than of non-malleable cast iron",S38,1.0,2599,alta,cadena,1.0,,736573829.3333334
732599,"Iron or steel: cast articles, excluding grinding balls and similar articles for mills, other than of non-malleable cast iron",S38,1.0,2599,alta,cadena,1.0,,4185371834.3333335
732611,"Iron or steel: grinding balls and similar articles for mills, forged or stamped, but not further worked",S38,1.0,2599,alta,cadena,1.0,,1383442915.0
732619,"Iron or steel: articles n.e.s. in item no. 7326.11, forged or stamped, but not further worked",S38,1.0,2599,alta,cadena,1.0,,4606468076.333333
732620,Iron or steel: wire articles,S38,1.0,2599,alta,cadena,1.0,,4158236205.3333335
732690,Iron or steel: articles n.e.s. in heading no. 7326,S38,1.0,2599,alta,cadena,1.0,,55008609693.0
740110,Copper: copper mattes,S37,1.0,2420,alta,cadena,1.0,,974556951.3333334
740120,Copper: cement copper (precipitated copper),S37,1.0,2420,alta,cadena,1.0,,235592850.0
740200,"Copper: unrefined, copper anodes for electrolytic refining",S37,1.0,2420,alta,cadena,1.0,,11981731941.0
740311,"Copper: refined, unwrought, cathodes and sections of cathodes",S37,1.0,2420,alta,cadena,1.0,,75736828088.33333
740312,"Copper: refined, unwrought, wire-bars",S37,1.0,2420,alta,cadena,1.0,,59264497.333333336
740313,"Copper: refined, unwrought, billets",S37,1.0,2420,alta,cadena,1.0,,1068587205.3333334
740319,"Copper: refined, unwrought, n.e.s. in item no. 7403.1",S37,1.0,2420,alta,cadena,1.0,,2897220036.3333335
740321,Copper: copper-zinc base alloys (brass) unwrought,S37,1.0,2420,alta,cadena,1.0,,1507257512.6666667
740322,Copper: copper-tin base alloys (bronze) unwrought,S37,1.0,2420,alta,cadena,1.0,,561898013.3333334
740323,Copper: copper-nickel base alloys (cupro-nickel) or copper-nickel-zinc base alloys (nickel silver) unwrought,S37,1.0,2420,alta,cadena,1.0,,381883760.3333333
740329,Copper: copper alloys n.e.s. in heading no. 7403 (other than master alloys of heading no. 7405),S37,1.0,2420,alta,cadena,1.0,,482890344.6666667
740400,Copper: waste and scrap,S47,1.0,3830,media,regla_residuos,0.9999999999999999,,28644349055.333332
740500,Copper: master alloys of copper,S37,1.0,2420,alta,cadena,1.0,,302471146.3333333
740610,Copper: powders of non-lamellar structure,S37,1.0,2420,alta,cadena,1.0,,551875356.6666666
740620,"Copper: powders of lamellar structure, flakes",S37,1.0,2420,alta,cadena,1.0,,860263380.6666666
740710,"Copper: bars, rods and profiles, of refined copper",S37,1.0,2420,alta,cadena,1.0,,2598446343.0
740721,"Copper: bars, rods and profiles, of copper-zinc base alloys (brass)",S37,1.0,2420,alta,cadena,1.0,,2705216242.0
740722,"Copper: bars, rods and profiles, of copper-nickel base alloys (cupro-nickel) or copper-nickel-zinc base alloys (nickel silver)",S37,1.0,2420,alta,cadena,1.0,,290293761.3333333
740729,"Copper: bars, rods and profiles, of copper alloys, (other than copper-zinc base alloys, copper-nickel base alloys or copper-nickel-zinc base alloys)",S37,1.0,2420,alta,cadena,1.0,,970404250.3333334
740811,"Copper: wire, of refined copper, of which the maximum cross-sectional dimension exceeds 6mm",S37,1.0,2420,alta,cadena,1.0,,19670939224.333332
740819,"Copper: wire, of refined copper, of which the maximum cross-sectional dimension is 6mm or less",S37,1.0,2420,alta,cadena,1.0,,4277782988.3333335
740821,"Copper: wire, of copper-zinc base alloys (brass)",S37,1.0,2420,alta,cadena,1.0,,635069606.6666666
740822,"Copper: wire, of copper-nickel base alloys (cupro-nickel) or copper-nickel-zinc base alloys (nickel silver)",S37,1.0,2420,alta,cadena,1.0,,138158566.0
740829,"Copper: wire, of copper alloys (other than copper-zinc base alloys, copper-nickel base alloys or copper-nickel-zinc base alloys)",S37,1.0,2420,alta,cadena,1.0,,680574844.0
740911,"Copper: strip, of a thickness exceeding 0.15mm, of refined copper, in coils",S37,1.0,2420,alta,cadena,1.0,,3926831514.3333335
740919,"Copper: plates and sheets, of a thickness exceeding 0.15mm, of refined copper, not in coils",S37,1.0,2420,alta,cadena,1.0,,1214414170.6666667
740921,"Copper: strip, of a thickness exceeding 0.15mm, of copper-zinc base alloys (brass), in coils",S37,1.0,2420,alta,cadena,1.0,,1865046122.6666667
740929,"Copper: plates and sheets, of a thickness exceeding 0.15mm, of copper-zinc base alloys (brass), not in coils",S37,1.0,2420,alta,cadena,1.0,,336734408.3333333
740931,"Copper: strip, of a thickness exceeding 0.15mm, of copper-tin base alloys (bronze), in coils",S37,1.0,2420,alta,cadena,1.0,,727362743.3333334
740939,"Copper: plates and sheets, of a thickness exceeding 0.15mm, of copper-tin base alloys, not in coils",S37,1.0,2420,alta,cadena,1.0,,76478085.66666667
740940,"Copper: plates, sheets and strip, of a thickness exceeding 0.15mm, of copper-nickel base alloys (cupro-nickel) or copper-nickel-zinc base alloys (nickel silver)",S37,1.0,2420,alta,cadena,1.0,,838094747.3333334
740990,"Copper: plates, sheets and strip, of a thickness exceeding 0.15mm, of copper alloys (other than copper-zinc base alloys, copper-tin base alloys, copper-nickel base alloys or copper-nickel-zinc base alloys)",S37,1.0,2420,alta,cadena,1.0,,986486972.6666666
741011,"Copper: foil, not backed, of a thickness not exceeding 0.15mm, of refined copper",S37,1.0,2420,alta,cadena,1.0,,3740165317.3333335
741012,"Copper: foil, not backed, of a thickness not exceeding 0.15mm, of copper alloys",S37,1.0,2420,alta,cadena,1.0,,594904188.3333334
741021,"Copper: foil, backed with paper, paperboard, plastics or similar backing material, of a thickness (excluding any backing) not exceeding 0.15mm, of refined copper",S37,1.0,2420,alta,cadena,1.0,,2725845382.0
741022,"Copper: foil, backed with paper, paperboard, plastics or similar backing material, of a thickness (excluding any backing) not exceeding 0.15mm, of copper alloys",S37,1.0,2420,alta,cadena,1.0,,615710025.3333334
741110,"Copper: tubes and pipes, of refined copper",S37,1.0,2420,alta,cadena,1.0,,7889714144.666667
741121,"Copper: tubes and pipes, of copper-zinc base alloys (brass)",S37,1.0,2420,alta,cadena,1.0,,558294776.0
741122,"Copper: tubes and pipes, of copper-nickel base alloys (cupro-nickel) or copper-nickel-zinc base alloys (nickel silver)",S37,1.0,2420,alta,cadena,1.0,,303513918.3333333
741129,"Copper: tubes and pipes, of copper alloys (other than copper-zinc, copper-nickel base alloys (cupro-nickel) or copper-nickel-zinc base alloys (nickel-silver))",S37,1.0,2420,alta,cadena,1.0,,471905770.3333333
741210,"Copper: tube or pipe fittings (eg couplings, elbows, sleeves) of refined copper",S37,1.0,2420,alta,cadena,1.0,,1105261524.6666667
741220,"Copper: tube or pipe fittings (eg couplings, elbows, sleeves) of copper alloys",S37,1.0,2420,alta,cadena,1.0,,4487876333.0
741300,"Copper: stranded wire, cables, plaited bands and the like, not electrically insulated",S38,1.0,2599,alta,cadena,1.0,,2667490936.0
741410,"Copper: cloth, endless bands, for machinery, of copper wire",S38,1.0,2599,alta,cadena,1.0,,15181922.333333334
741490,"Copper: grill and netting, of copper wire, expanded metal of copper",S38,1.0,2599,alta,cadena,0.9999999999999999,,17467958.333333332
741510,"Copper: nails and tacks, drawing pins, staples and similar articles of copper or with heads of copper",S38,1.0,2599,alta,cadena,1.0,,63403495.333333336
741521,"Copper: washers, (including spring washers), not threaded",S38,1.0,2599,alta,cadena,1.0,,121003284.66666667
741529,"Copper: rivets, cotters, cotter-pins and similar articles, not threaded",S38,1.0,2599,alta,cadena,1.0,,286743902.0
741531,"Copper: screws for wood, threaded",S38,1.0,2599,alta,cadena,1.0,,63598235.333333336
741532,"Copper: screws (excluding screws for wood), bolts and nuts, threaded",S38,1.0,2599,alta,cadena,1.0,,475960459.3333333
741539,Copper: articles n.e.s. in heading no. 7415,S38,1.0,2599,alta,cadena,1.0,,304776176.0
741600,Copper springs,S38,1.0,2599,alta,cadena,1.0,,202711972.33333334
741700,"Copper: cooking or heating apparatus of a kind used for domestic purposes, non-electric, and parts thereof",S38,0.5648,2599,baja,cadena,1.0,,43179277.666666664
741700,"Copper: cooking or heating apparatus of a kind used for domestic purposes, non-electric, and parts thereof",S40,0.4352,2750,baja,cadena,1.0,,43179277.666666664
741810,"Copper: table, kitchen or other household articles and parts thereof, pot scourers and scouring or polishing pads, gloves and the like",S38,0.5,2599,baja,cadena,0.9999999999999999,,117943304.0
741810,"Copper: table, kitchen or other household articles and parts thereof, pot scourers and scouring or polishing pads, gloves and the like",S40,0.5,2750,baja,cadena,0.9999999999999999,,117943304.0
741820,Copper: sanitary ware and parts thereof,S38,1.0,2599,alta,cadena,1.0,,823686066.3333334
741910,Copper: chain and parts thereof,S38,1.0,2599,alta,cadena,1.0,,141902354.66666666
741991,"Copper: cast, moulded, stamped or forged, but not further worked",S38,0.9477,2599,media,cadena,1.0,,560397678.3333334
741991,"Copper: cast, moulded, stamped or forged, but not further worked",S40,0.0523,2610,media,cadena,1.0,,560397678.3333334
741999,Copper: articles n.e.s. in heading no. 7419,S38,0.7535,2599,media,cadena,1.0,,4287911472.0
741999,Copper: articles n.e.s. in heading no. 7419,S40,0.2465,2610,media,cadena,1.0,,4287911472.0
750110,Nickel: nickel mattes,S37,1.0,2420,alta,cadena,1.0,,7039613975.666667
750120,Nickel: oxide sinters and other intermediate products of nickel metallurgy,S37,1.0,2420,alta,cadena,1.0,,5028764542.333333
750210,"Nickel: unwrought, not alloyed",S37,1.0,2420,alta,cadena,1.0,,13457237894.333334
750220,"Nickel: unwrought, alloys",S37,1.0,2420,alta,cadena,1.0,,1107859623.6666667
750300,Nickel: waste and scrap,S47,1.0,3830,media,regla_residuos,0.9999999999999999,,1616655324.3333333
750400,Nickel: powders and flakes,S37,1.0,2420,alta,cadena,1.0,,1575905909.6666667
750511,"Nickel: bars, rods and profiles, not alloyed",S37,1.0,2420,alta,cadena,1.0,,64992597.0
750512,"Nickel: bars, rods and profiles, of nickel alloys",S37,1.0,2420,alta,cadena,1.0,,2764113935.6666665
750521,"Nickel: wire, not alloyed",S37,1.0,2420,alta,cadena,1.0,,101486380.66666667
750522,"Nickel: wire, of nickel alloys",S37,1.0,2420,alta,cadena,1.0,,1339694237.6666667
750610,"Nickel: plates, sheets, strip and foil, not alloyed",S37,1.0,2420,alta,cadena,1.0,,323119765.6666667
750620,"Nickel: plates, sheets, strip and foil, of nickel alloys",S37,1.0,2420,alta,cadena,1.0,,1685592270.0
750711,"Nickel: tubes and pipes, not alloyed",S37,1.0,2420,alta,cadena,1.0,,48717647.333333336
750712,"Nickel: tubes and pipes, of nickel alloys",S37,1.0,2420,alta,cadena,1.0,,1094288547.6666667
750720,Nickel: tube and pipe fittings,S37,1.0,2420,alta,cadena,1.0,,295339427.3333333
750800,Nickel: other articles thereof n.e.s.,S38,1.0,2599,alta,cadena,1.0,,3137650246.6666665
760110,"Aluminium: unwrought, (not alloyed)",S37,1.0,2420,alta,cadena,1.0,,32127855497.333332
760120,"Aluminium: unwrought, alloys",S37,1.0,2420,alta,cadena,1.0,,37070743762.0
760200,Aluminium: waste and scrap,S47,1.0,3830,media,regla_residuos,1.0,,19578292386.333332
760310,Aluminium: powders of non-lamellar structure,S37,1.0,2420,alta,cadena,1.0,,408763791.6666667
760320,"Aluminium: powders of lamellar structure, flakes",S37,1.0,2420,alta,cadena,1.0,,508059679.3333333
760410,"Aluminium: (not alloyed), bars, rods and profiles",S37,1.0,2420,alta,cadena,1.0,,1261831955.0
760421,"Aluminium: alloys, hollow profiles",S37,1.0,2420,alta,cadena,1.0,,7077122404.0
760429,"Aluminium: alloys, bars, rods and profiles, other than hollow",S37,1.0,2420,alta,cadena,1.0,,13562191916.333334
760511,"Aluminium: (not alloyed), wire, maximum cross-sectional dimension exceeds 7mm",S37,1.0,2420,alta,cadena,1.0,,3662887062.3333335
760519,"Aluminium: (not alloyed), wire, maximum cross-sectional dimension is 7mm or less",S37,1.0,2420,alta,cadena,1.0,,285756468.3333333
760521,"Aluminium: alloys, wire, maximum cross-sectional dimension exceeding 7mm",S37,1.0,2420,alta,cadena,1.0,,914296025.0
760529,"Aluminium: alloys, wire, maximum cross-sectional dimension is 7mm or less",S37,1.0,2420,alta,cadena,1.0,,352068768.3333333
760611,"Aluminium: plates, sheets and strip, thickness exceeding 0.2mm, (not alloyed), rectangular (including square)",S37,1.0,2420,alta,cadena,1.0,,3535666923.6666665
760612,"Aluminium: plates, sheets and strip, thickness exceeding 0.2mm, alloys, rectangular (including square)",S37,1.0,2420,alta,cadena,1.0,,33331381372.333332
760691,"Aluminium: plates, sheets and strip, thickness exceeding 0.2mm, not alloyed, (not rectangular or square)",S37,1.0,2420,alta,cadena,1.0,,863092040.6666666
760692,"Aluminium: plates, sheets and strip, thickness exceeding 0.2mm, alloys, (not rectangular or square)",S37,1.0,2420,alta,cadena,1.0,,2230959095.3333335
760711,"Aluminium: foil, (not backed), rolled (but not further worked), of a thickness not exceeding 0.2mm",S37,1.0,2420,alta,cadena,1.0,,7544911237.666667
760719,"Aluminium: foil, (not backed), of a thickness not exceeding 0.2mm, not rolled",S37,1.0,2420,alta,cadena,1.0,,4139319227.0
760720,"Aluminium: foil, backed with paper, paperboard, plastics or similar backing materials, of a thickness (excluding any backing) not exceeding 0.2mm",S37,1.0,2420,alta,cadena,1.0,,3870994581.0
760810,"Aluminium: tubes and pipes, not alloyed",S37,1.0,2420,alta,cadena,1.0,,289260923.0
760820,"Aluminium: tubes and pipes, alloys",S37,1.0,2420,alta,cadena,1.0,,2246929839.6666665
760900,"Aluminium: tube or pipe fittings (eg couplings, elbows, sleeves)",S37,1.0,2420,alta,cadena,1.0,,1154796508.6666667
761010,"Aluminium: structures (excluding prefabricated buildings of heading no. 9406) and parts of structures, doors, windows and their frames and thresholds for doors",S38,1.0,2511,alta,cadena,1.0,,6042794798.333333
761090,"Aluminium: structures (excluding prefabricated buildings of heading no. 9406) and parts of structures, n.e.s. in heading no. 7610, plates, rods, profiles, tubes and the like",S38,1.0,2511,alta,cadena,1.0,,12176560040.666666
761100,"Aluminium: reservoirs, tanks, vats and similar containers, for material (not compressed or liquefied gas), of a capacity over 300l, whether or not lined, not fitted with mechanical/thermal equipment",S38,1.0,2512,alta,cadena,1.0,,262788441.66666666
761210,"Aluminium: collapsible tubular containers, for any material, (not compressed or liquefied gas), 300l capacity or less, whether or not lined, not fitted with mechanical/thermal equipment",S38,1.0,2599,alta,cadena,1.0,,485287714.3333333
761290,"Aluminium: casks, drums, cans, boxes and the like for any material (not compressed or liquefied gas), 300l capacity or less, whether or not lined or heat-insulated, no mechanical or thermal equipment",S38,1.0,2599,alta,cadena,1.0,,6328987927.666667
761300,Aluminium: containers for compressed or liquefied gas,S38,1.0,2512,alta,cadena,1.0,,667690854.6666666
761410,"Aluminium: stranded wire, cables, plaited bands and the like, (not electrically insulated), with steel core",S38,1.0,2599,alta,cadena,1.0,,1135161260.3333333
761490,"Aluminium: stranded wire, cables, plaited bands and the like, (not electrically insulated), other than steel core",S38,1.0,2599,alta,cadena,1.0,,1046468421.6666666
761510,"Aluminium: table, kitchen or other household articles and parts thereof, pot scourers and scouring or polishing pads, gloves and the like",S38,0.5,2599,baja,cadena,1.0,,5693548147.333333
761510,"Aluminium: table, kitchen or other household articles and parts thereof, pot scourers and scouring or polishing pads, gloves and the like",S40,0.5,2750,baja,cadena,1.0,,5693548147.333333
761520,Aluminium: sanitary ware and parts thereof,S38,1.0,2599,alta,cadena,1.0,,299460810.3333333
761610,"Aluminium: nails, tacks, staples (other than those of heading no. 8305) screws, bolts, nuts, screw hooks, rivets, cotters, cotter-pins, washers and similar articles",S38,1.0,2599,alta,cadena,1.0,,1044868545.6666666
761690,Aluminium: articles n.e.s. in heading no. 7616,S38,1.0,2599,alta,cadena,0.9999999999999999,,21072290178.333332
780110,"Lead: unwrought, refined",S37,1.0,2420,alta,cadena,1.0,,4356125725.333333
780191,"Lead: unwrought, unrefined, containing by weight antimony as the principal other element",S37,1.0,2420,alta,cadena,1.0,,939218988.0
780199,"Lead: unwrought, unrefined, not containing by weight antimony as the principal other element",S37,1.0,2420,alta,cadena,1.0,,1807662152.6666667
780200,Lead: waste and scrap,S47,1.0,3830,media,regla_residuos,1.0,,710818376.6666666
780300,"Lead: bars, rods, profiles and wire",S38,1.0,2599,alta,cadena,1.0,,129749026.0
780411,"Lead: sheets, strip and foil, of a thickness (excluding any backing) not exceeding 0.2mm",S37,1.0,2420,alta,cadena,1.0,,33475910.333333332
780419,"Lead: plates, sheets, strip and foil, of a thickness (excluding any backing) exceeding 0.2mm",S37,1.0,2420,alta,cadena,1.0,,288648805.6666667
780420,Lead: powders and flakes,S37,1.0,2420,alta,cadena,1.0,,30833847.666666668
780500,"Lead: tubes, pipes and tube or pipe fittings (eg couplings, elbows, and sleeves)",S38,1.0,2599,alta,cadena,1.0,,27039828.0
780600,Lead: articles n.e.s. in chapter 78,S38,1.0,2599,alta,cadena,1.0,,167710481.0
790111,"Zinc: unwrought, (not alloyed), containing by weight 99.99% or more of zinc",S37,1.0,2420,alta,cadena,1.0,,9211810350.333334
790112,"Zinc: unwrought, (not alloyed), containing by weight less than 99.99% of zinc",S37,1.0,2420,alta,cadena,1.0,,3199875768.0
790120,"Zinc: unwrought, alloys",S37,1.0,2420,alta,cadena,1.0,,1982124358.0
790200,Zinc: waste and scrap,S47,1.0,3830,media,regla_residuos,0.9999999999999999,,704512985.0
790310,Zinc dust,S37,1.0,2420,alta,cadena,1.0,,399953075.0
790390,Zinc: powders and flakes,S37,1.0,2420,alta,cadena,1.0,,185232901.0
790400,"Zinc: bars, rods, profiles and wire",S37,1.0,2420,alta,cadena,1.0,,193106346.66666666
790500,"Zinc: plates, sheets, strip and foil",S37,1.0,2420,alta,cadena,1.0,,657786350.3333334
790600,"Zinc: tubes, pipes and tube or pipe fittings (eg couplings, elbows, sleeves)",S38,1.0,2599,alta,cadena,1.0,,597994994.6666666
790710,"Zinc: gutters, roof capping, skylight frames and other fabricated building components",S38,1.0,2599,alta,cadena,1.0,,89000083.66666667
790790,Zinc: articles n.e.s. in chapter 79,S38,1.0,2599,alta,cadena,1.0,,665943576.3333334
800110,"Tin: unwrought, not alloyed",S37,1.0,2420,alta,cadena,1.0,,5409065498.0
800120,"Tin: unwrought, alloys",S37,1.0,2420,alta,cadena,1.0,,409705751.0
800200,Tin: waste and scrap,S47,1.0,3830,media,regla_residuos,1.0,,165131079.0
800300,"Tin: bars, rods, profiles and wire",S37,1.0,2420,alta,cadena,1.0,,499400843.6666667
800400,"Tin: plates, sheets and strip, of a thickness exceeding 0.2mm",S38,1.0,2599,alta,cadena,1.0,,51957076.0
800510,"Tin foil: (whether or not printed or backed with paper, paperboard, plastics or similar backing materials), of a thickness (excluding any backing) not exceeding 0.2mm",S38,1.0,2599,alta,cadena,1.0,,104033840.33333333
800520,Tin: powders and flakes,S38,1.0,2599,alta,cadena,1.0,,65707975.333333336
800600,"Tin: tubes, pipes and tube or pipe fittings (eg couplings, elbows, sleeves)",S38,1.0,2599,alta,cadena,1.0,,12824374.0
800700,Tin: articles n.e.s. in chapter 80,S38,1.0,2599,alta,cadena,1.0,,311891219.6666667
810110,"Tungsten (wolfram): articles thereof, including waste and scrap, powders",S37,1.0,2420,alta,cadena,1.0,,265217807.66666666
810191,"Tungsten (wolfram): unwrought, including bars and rods obtained simply by sintering, waste and scrap",S47,0.5109,3830,baja,regla_residuos,1.0,,502551360.6666667
810191,"Tungsten (wolfram): unwrought, including bars and rods obtained simply by sintering, waste and scrap",S37,0.4891,2420,baja,cadena,1.0,,502551360.6666667
810192,"Tungsten (wolfram): bars and rods, other than those obtained simply by sintering, profiles, plates, sheets, strip and foil",S37,1.0,2420,alta,cadena,1.0,,248173360.0
810193,Tungsten (wolfram): wire,S37,1.0,2420,alta,cadena,1.0,,118280631.0
810199,Tungsten (wolfram): articles n.e.s. in heading no. 8101,S37,1.0,2420,alta,cadena,1.0,,145414633.33333334
810210,"Molybdenum: articles thereof, including waste and scrap, powders",S37,1.0,2420,alta,cadena,1.0,,62439847.0
810291,"Molybdenum: unwrought, including bars and rods obtained simply by sintering, waste and scrap",S47,0.6388,3830,media,regla_residuos,1.0,,569045630.3333334
810291,"Molybdenum: unwrought, including bars and rods obtained simply by sintering, waste and scrap",S37,0.3612,2420,media,cadena,1.0,,569045630.3333334
810292,"Molybdenum: bars and rods, other than those obtained simply by sintering, profiles, plates, sheets, strip and foil",S37,1.0,2420,alta,cadena,1.0,,174164048.66666666
810293,Molybdenum: wire,S37,1.0,2420,alta,cadena,1.0,,61815265.333333336
810299,Molybdenum: articles n.e.s. in heading no. 8102,S37,1.0,2420,alta,cadena,1.0,,146015769.66666666
810310,"Tantalum: unwrought, including bars and rods obtained simply by sintering, waste and scrap, powders",S37,0.9563,2420,media,cadena,1.0,,501734523.0
810310,"Tantalum: unwrought, including bars and rods obtained simply by sintering, waste and scrap, powders",S47,0.0437,3830,media,regla_residuos,1.0,,501734523.0
810390,Tantalum: articles n.e.s. in heading no. 8103,S37,1.0,2420,alta,cadena,1.0,,392548364.6666667
810411,"Magnesium: unwrought, containing at least 99.8% by weight of magnesium",S37,1.0,2420,alta,cadena,1.0,,1187106714.0
810419,"Magnesium: unwrought, containing less than 99.8% by weight of magnesium",S37,1.0,2420,alta,cadena,1.0,,785962038.3333334
810420,Magnesium: waste and scrap,S47,1.0,3830,media,regla_residuos,1.0,,172407765.66666666
810430,"Magnesium: raspings, turnings and granules, graded according to size, powders",S37,1.0,2420,alta,cadena,1.0,,378493750.0
810490,Magnesium: articles n.e.s. in heading no. 8104,S37,1.0,2420,alta,cadena,1.0,,293768962.3333333
810510,"Cobalt: mattes and other intermediate products of cobalt metallurgy, unwrought cobalt, waste and scrap, powders",S37,0.9557,2420,media,cadena,1.0,,5181698196.333333
810510,"Cobalt: mattes and other intermediate products of cobalt metallurgy, unwrought cobalt, waste and scrap, powders",S47,0.0443,3830,media,regla_residuos,1.0,,5181698196.333333
810590,Cobalt: articles n.e.s. in heading no. 8105,S37,1.0,2420,alta,cadena,1.0,,771794215.6666666
810600,"Bismuth: articles thereof, including waste and scrap",S37,1.0,2420,alta,cadena,1.0,,91154260.33333333
810710,"Cadmium: unwrought, waste and scrap, powders",S37,0.9493999668763772,2420,media,cadena,1.0,,46390349.333333336
810710,"Cadmium: unwrought, waste and scrap, powders",S47,0.05060003312362289,3830,media,regla_residuos,1.0,,46390349.333333336
810790,"Cadmium: other than unwrought, n.e.s. in heading no. 8107",S37,1.0,2420,alta,cadena,1.0,,13016259.0
810810,"Titanium: unwrought, waste and scrap",S37,0.908,2420,media,cadena,1.0,,1450842101.6666667
810810,"Titanium: unwrought, waste and scrap",S47,0.092,3830,media,regla_residuos,1.0,,1450842101.6666667
810890,"Titanium: other than unwrought, n.e.s. in heading no. 8108",S37,1.0,2420,alta,cadena,1.0,,5659711363.0
810910,"Zirconium: unwrought, waste and scrap, powders",S37,0.6247,2420,media,cadena,1.0,,122551262.33333333
810910,"Zirconium: unwrought, waste and scrap, powders",S47,0.3753,3830,media,regla_residuos,1.0,,122551262.33333333
810990,"Zirconium: other than unwrought, n.e.s. in heading no. 8109",S37,1.0,2420,alta,cadena,1.0,,335418354.3333333
811000,"Antimony: articles thereof, including waste and scrap",S37,0.9724,2420,media,cadena,0.9999999999999999,,551286027.3333334
811000,"Antimony: articles thereof, including waste and scrap",S47,0.027600000000000003,3830,media,regla_residuos,0.9999999999999999,,551286027.3333334
811100,"Manganese: articles thereof, including waste and scrap",S37,1.0,2420,alta,cadena,1.0,,1264701370.0
811211,"Beryllium: unwrought, waste and scrap, powders",S47,0.5329,3830,baja,regla_residuos,1.0,,24758606.333333332
811211,"Beryllium: unwrought, waste and scrap, powders",S37,0.4671,2420,baja,cadena,1.0,,24758606.333333332
811219,Beryllium: n.e.s. in item no. 8112.11,S37,1.0,2420,alta,cadena,1.0,,45915339.0
811220,Chromium: including waste and scrap,S37,0.8996999999999999,2420,media,cadena,1.0,,613313629.3333334
811220,Chromium: including waste and scrap,S47,0.1003,3830,media,regla_residuos,1.0,,613313629.3333334
811230,Germanium: including waste and scrap,S37,1.0,2420,alta,cadena,1.0,,153218706.0
811240,Vanadium: including waste and scrap,S37,1.0,2420,alta,cadena,1.0,,155814784.66666666
811291,"Gallium, hafnium, indium, niobium (columbium), rhenium and thallium: articles thereof, unwrought, waste and scrap, powders",S37,0.9529,2420,media,cadena,1.0,,984859667.6666666
811291,"Gallium, hafnium, indium, niobium (columbium), rhenium and thallium: articles thereof, unwrought, waste and scrap, powders",S47,0.0471,3830,media,regla_residuos,1.0,,984859667.6666666
811299,"Gallium, hafnium, indium, niobium (columbium), rhenium and thallium: other than unwrought, including articles n.e.s. in item no. 8112.91",S37,1.0,2420,alta,cadena,1.0,,393247832.0
811300,"Cermets: articles thereof, including waste and scrap",S37,1.0,2420,alta,cadena,1.0,,949485063.3333334
820110,"Tools, hand: spades and shovels",S38,1.0,2593,alta,cadena,1.0,,555442171.3333334
820120,"Tools, hand: forks",S38,1.0,2593,alta,cadena,1.0,,116088883.66666667
820130,"Tools, hand: mattocks, picks, hoes and rakes",S38,1.0,2593,alta,cadena,1.0,,391702849.0
820140,"Tools, hand: axes, bill hooks and similar hewing tools, of a kind used in agriculture, horticulture or forestry",S38,1.0,2593,alta,cadena,1.0,,275333483.0
820150,"Tools, hand: one-handed secateurs (including poultry shears)",S38,1.0,2593,alta,cadena,1.0,,348509670.3333333
820160,"Tools, hand: hedge shears, two-handed pruning shears and similar two-handed shears",S38,1.0,2593,alta,cadena,1.0,,217719980.33333334
820190,"Tools, hand: n.e.s. in heading no. 8201, of a kind used in agriculture, horticulture or forestry",S38,1.0,2593,alta,cadena,1.0,,326039974.0
820210,"Tools, hand: hand saws",S38,1.0,2593,alta,cadena,1.0,,352033610.0
820220,"Tools, hand: band saw blades",S38,1.0,2593,alta,cadena,1.0,,685814952.0
820231,"Tools, hand: circular saw blades (including slitting or slotting saw blades), with working part of steel",S38,1.0,2593,alta,cadena,1.0,,552932197.6666666
820232,"Tools, hand: circular (including slitting or slotting) saw blades, with working part of materials other than steel",S38,1.0,2593,alta,cadena,1.0,,1379002975.0
820240,"Tools, hand: chain saw blades",S38,1.0,2593,alta,cadena,1.0,,728932676.0
820291,"Tools, hand: straight saw blades, for working metal",S38,1.0,2593,alta,cadena,1.0,,208912145.66666666
820299,"Tools, hand: saw blades n.e.s. in heading no. 8202",S38,1.0,2593,alta,cadena,1.0,,987263297.6666666
820310,"Tools, hand: files, rasps and similar tools",S38,1.0,2593,alta,cadena,1.0,,304644150.3333333
820320,"Tools, hand: pliers (including cutting pliers), pincers, tweezers and similar tools",S38,1.0,2593,alta,cadena,1.0,,2030443814.0
820330,"Tools, hand: metal cutting shears and similar tools",S38,1.0,2593,alta,cadena,1.0,,177596739.0
820340,"Tools, hand: pipe-cutters, bolt croppers, perforating punches and similar tools",S38,1.0,2593,alta,cadena,1.0,,225520737.66666666
820411,"Tools, hand: hand-operated spanners and wrenches (including torque meter wrenches but not including tap wrenches), non-adjustable",S38,1.0,2593,alta,cadena,1.0,,1704864177.3333333
820412,"Tools, hand: hand-operated spanners and wrenches (including torque meter wrenches but not including tap wrenches), adjustable",S38,1.0,2593,alta,cadena,1.0,,700676463.6666666
820420,"Tools, hand: interchangeable spanner sockets, with or without handles",S38,1.0,2593,alta,cadena,1.0,,1360060910.3333333
820510,"Tools, hand: drilling, threading or tapping tools",S38,1.0,2593,alta,cadena,1.0,,197763679.0
820520,"Tools, hand: hammers and sledge hammers",S38,1.0,2593,alta,cadena,1.0,,523422403.3333333
820530,"Tools, hand: planes, chisels, gauges and similar cutting tools for working wood",S38,1.0,2593,alta,cadena,1.0,,185342246.66666666
820540,"Tools, hand: screwdrivers",S38,1.0,2593,alta,cadena,1.0,,916410855.6666666
820551,"Tools, hand: household",S38,1.0,2593,alta,cadena,1.0,,1828331839.0
820559,"Tools, hand: other than household tools",S38,1.0,2593,alta,cadena,1.0,,4347917902.0
820560,"Tools, hand: blow lamps",S38,1.0,2593,alta,cadena,1.0,,107293244.66666667
820570,"Tools, hand: vices, clamps and the like",S38,1.0,2593,alta,cadena,1.0,,676251943.0
820580,"Tools, hand: anvils, portable forges, hand or pedal-operated grinding wheels with frameworks",S38,1.0,2593,alta,cadena,1.0,,96105432.33333333
820590,"Tools, hand: sets, of articles of two or more of the foregoing items",S38,1.0,2593,alta,cadena,1.0,,363741487.6666667
820600,"Tools, hand: two or more of heading no. 8202 to 8205, put up in sets for retail sale",S38,1.0,2593,alta,cadena,1.0,,1763478633.0
820711,"Tools, interchangeable: rock drilling or earth-boring tools, whether or not power-operated, with working part of sintered metal carbide or cermets",S38,1.0,2593,alta,cadena,0.9999999999999999,,723351526.0
820712,"Tools, interchangeable: rock drilling or earth-boring tools, with working part of materials other than sintered metal carbide or cermets, for machine or hand tools, whether or not power-operated",S38,1.0,2593,alta,cadena,1.0,,2329026083.3333335
820720,"Tools, interchangeable: (for machine or hand tools, whether or not power-operated), dies for drawing or extruding metal",S38,1.0,2593,alta,cadena,1.0,,746251598.3333334
820730,"Tools, interchangeable: (for machine or hand tools, whether or not power-operated), tools for pressing, stamping or punching",S38,1.0,2593,alta,cadena,1.0,,5913388022.0
820740,"Tools, interchangeable: (for machine or hand tools, whether or not power-operated), tools for tapping or threading",S38,1.0,2593,alta,cadena,1.0,,1085529759.3333333
820750,"Tools, interchangeable: (for machine or hand tools, whether or not power-operated), tools for drilling (other than rock)",S38,1.0,2593,alta,cadena,1.0,,4363693972.0
820760,"Tools, interchangeable: (for machine or hand tools, whether or not power-operated), for boring or broaching",S38,1.0,2593,alta,cadena,1.0,,457230564.0
820770,"Tools, interchangeable: (for machine or hand tools, whether or not power-operated), for milling",S38,1.0,2593,alta,cadena,1.0,,2643912450.0
820780,"Tools, interchangeable: (for machine or hand tools, whether or not power-operated), for turning",S38,1.0,2593,alta,cadena,1.0,,798012748.6666666
820790,"Tools, interchangeable: (for machine or hand tools, whether or not power-operated), for screw-driving or uses n.e.s. in heading no. 8207",S38,1.0,2593,alta,cadena,1.0,,2825139874.0
820810,"Tools: knives and cutting blades, for machines or for mechanical appliances, for metal working",S38,1.0,2593,alta,cadena,1.0,,714358737.0
820820,"Tools: knives and cutting blades, for wood working machines or mechanical appliances",S38,1.0,2593,alta,cadena,1.0,,389797055.3333333
820830,"Tools: knives and cutting blades, for kitchen appliances or for machines used by the food industry",S38,1.0,2593,alta,cadena,1.0,,308278247.0
820840,"Tools: knives and cutting blades, for agricultural, horticultural or forestry machines or mechanical appliances",S38,1.0,2593,alta,cadena,1.0,,602133144.3333334
820890,"Tools: knives and cutting blades, for machines or mechanical appliances, n.e.s. in heading no. 8208",S38,1.0,2593,alta,cadena,1.0,,1388322587.3333333
820900,"Tools: plates, sticks, tips and the like for tools, unmounted, of sintered metal carbides or cermets",S38,1.0,2593,alta,cadena,1.0,,5742347282.333333
821000,"Tools: hand-operated mechanical appliances, weighing 10kg or less, used in the preparation, conditioning or serving of food or drink",S38,0.5,2599,baja,cadena,1.0,,627740301.3333334
821000,"Tools: hand-operated mechanical appliances, weighing 10kg or less, used in the preparation, conditioning or serving of food or drink",S40,0.5,2750,baja,cadena,1.0,,627740301.3333334
821110,"Knives: with cutting blades, serrated or not (including pruning knives), sets of assorted articles, excluding knives and blades of heading no. 8208",S38,1.0,2593,alta,cadena,1.0,,621994678.0
821191,"Knives: table knives, having fixed cutting blades, serrated or not, excluding knives and blades of heading no. 8208",S38,1.0,2593,alta,cadena,0.9999999999999999,,297683526.3333333
821192,"Knives: having fixed cutting blades, (other than table knives), serrated or not, excluding knives and blades of heading no. 8208",S38,1.0,2593,alta,cadena,0.9999999999999999,,1236276281.3333333
821193,"Knives: with cutting blades, (having other than fixed blades), serrated or not, excluding knives and blades of heading no. 8208",S38,1.0,2593,alta,cadena,0.9999999999999998,,701116139.0
821194,"Blades: cutting, serrated or not, excluding those of heading no. 8208",S38,1.0,2593,alta,cadena,1.0,,214972783.66666666
821210,Razors,S38,1.0,2593,alta,cadena,1.0,,2351891543.0
821220,"Razors: safety razor blades, including razor blade blanks in strips",S38,1.0,2593,alta,cadena,1.0,,1559668605.0
821290,Razors: parts n.e.s. in heading no. 8212,S38,1.0,2593,alta,cadena,1.0,,291944613.0
821300,"Scissors: tailors' shears, similar shears and blades therefor",S38,1.0,2593,alta,cadena,1.0,,1001834398.3333334
821410,"Cutlery: paper knives, letter openers, erasing knives, pencil sharpeners and blades therefor",S38,1.0,2593,alta,cadena,1.0,,290540553.6666667
821420,Manicure or pedicure sets and instruments: (including nail files),S38,1.0,2593,alta,cadena,1.0,,743513690.3333334
821490,Cutlery: hair clippers and mincing knives,S38,1.0,2593,alta,cadena,1.0,,350264195.6666667
821510,"Cutlery: sets of assorted articles (eg spoons, forks, ladles, skimmers, cake-servers, fish-knives, butter-knives, sugar tongs and similar), with at least one article plated with precious metal",S38,1.0,2593,alta,cadena,1.0,,53329759.333333336
821520,"Cutlery: sets of assorted articles (eg spoons, forks, ladles, skimmers, cake-servers, fish-knives, butter knives, sugar tongs and similar), not plated with precious metal",S38,1.0,2593,alta,cadena,1.0,,1256155267.0
821591,"Cutlery: (eg spoons, forks, ladles, skimmers, cake-servers, fish-knives, butter-knives, sugar tongs and similar), plated with precious metal, not in sets",S38,1.0,2593,alta,cadena,1.0,,50736124.0
821599,Cutlery: other than plated with precious metal,S38,1.0,2593,alta,cadena,1.0,,1963247378.6666667
830110,"Padlocks: (key, combination or electrically operated), of base metal",S38,1.0,2593,alta,cadena,1.0,,1386999866.0
830120,"Locks: of a kind used for motor vehicles (key, combination or electrically operated), of base metal",S38,1.0,2593,alta,cadena,1.0,,3182171138.6666665
830130,"Locks: of a kind used for furniture (key, combination or electrically operated), of base metal",S38,1.0,2593,alta,cadena,1.0,,590794738.0
830140,"Locks: (other than those for motor vehicles or furniture), (key, combination or electrically operated), of base metal",S38,1.0,2593,alta,cadena,1.0,,5483204980.0
830150,"Clasps and frames with clasps: incorporating locks, of base metal",S38,1.0,2593,alta,cadena,1.0,,130896929.0
830160,"Locks: parts of padlocks, locks, clasps and frames with clasps incorporating locks, of base metal",S38,1.0,2593,alta,cadena,1.0,,3292087524.6666665
830170,"Keys: presented separately, of base metal",S38,1.0,2593,alta,cadena,1.0,,476987680.3333333
830210,"Hinges: suitable for furniture, doors, staircases, windows, blinds, coachwork, saddlery, trunks, chests, caskets or the like, of base metal",S38,1.0,2593,alta,cadena,1.0,,6272381595.333333
830220,"Castors: with mountings, of base metal",S38,1.0,2593,alta,cadena,1.0,,1184379117.0
830230,"Mountings, fittings and similar articles: for motor vehicles, of base metal",S38,1.0,2593,alta,cadena,1.0,,5501443261.333333
830241,"Mountings, fittings and similar articles: of base metal, suitable for buildings",S38,1.0,2593,alta,cadena,1.0,,8785889078.0
830242,"Mountings, fittings and similar articles: suitable for furniture of base metal",S38,1.0,2593,alta,cadena,1.0,,9522188517.333334
830249,"Mountings, fittings and similar articles: suitable for other than buildings or furniture, of base metal",S38,1.0,2593,alta,cadena,1.0,,3720044251.3333335
830250,"Hat-racks, hat-pegs, brackets and similar fixtures, of base metal",S38,1.0,2593,alta,cadena,1.0,,2249709373.6666665
830260,Automatic door closures: of base metal,S38,1.0,2593,alta,cadena,1.0,,1179552263.0
830300,"Safes: armoured or reinforced, strong-boxes, doors and safe deposit lockers for strong-rooms, cash or deed boxes and the like, of base metal",S38,1.0,2599,alta,cadena,1.0,,1359308744.3333333
830400,"Office equipment: filing cabinets, card-index cabinets, paper trays, paper rests, pen trays, office-stamp stands and similar office or desk equipment, of base metal, other than office furniture of heading no. 9403",S38,1.0,2599,alta,cadena,1.0,,310930918.6666667
830510,"Stationery: fittings for loose-leaf binders or files, of base metal",S38,1.0,2599,alta,cadena,1.0,,169978209.0
830520,"Stationery: staples in strips, (eg for offices, upholstery, packaging), of base metal",S38,1.0,2599,alta,cadena,1.0,,466984229.3333333
830590,"Stationery: letter clips, letter corners, paper clips, indexing tags and similar office articles, including parts, of base metal",S38,1.0,2599,alta,cadena,1.0,,281307025.6666667
830610,"Bells, gongs and the like: non-electric, of base metal",S38,1.0,2599,alta,cadena,1.0,,157227035.66666666
830621,Statuettes and other ornaments: of base metal plated with precious metal,S38,1.0,2599,alta,cadena,1.0,,74584805.66666667
830629,Statuettes and other ornaments: of base metal other than plated with precious metal,S38,1.0,2599,alta,cadena,1.0,,2098236089.6666667
830630,"Photograph, picture or similar frames, mirrors: of base metal",S38,1.0,2599,alta,cadena,1.0,,287694509.3333333
830710,"Tubing: flexible, with or without fittings, of iron or steel",S38,1.0,2599,alta,cadena,1.0,,2518969527.6666665
830790,"Tubing: flexible, with or without fittings of base metal, other than those of iron or steel",S38,1.0,2599,alta,cadena,1.0,,425055454.6666667
830810,"Hooks, eyes and eyelets: of base metal, of a kind used for clothing, footwear, awnings, handbags, travel goods or other made up articles",S38,1.0,2599,alta,cadena,1.0,,1382137960.3333333
830820,"Rivets: tubular or bifurcated, of base metal",S38,1.0,2599,alta,cadena,1.0,,721089616.0
830890,"Clasps, frames with clasps, buckles, buckle clasps: of base metal, of a kind used for clothing, footwear, awnings, handbags, travel goods or other made up articles, including parts",S38,1.0,2599,alta,cadena,1.0,,2257899141.6666665
830910,"Stoppers: corks, of base metal",S38,1.0,2599,alta,cadena,1.0,,451000551.3333333
830990,"Stoppers: caps and lids, of base metal",S38,1.0,2599,alta,cadena,1.0,,8681533329.0
831000,"Sign plates, name-plates, address-plates and similar plates, numbers, letters and other symbols: of base metal, excluding those of heading no. 9405",S38,1.0,2599,alta,cadena,1.0,,958025734.0
831110,"Electrodes: coated, of base metal, for electric arc-welding",S38,1.0,2599,alta,cadena,1.0,,1317071558.6666667
831120,"Wire: cored, of base metal, for electric arc-welding",S38,1.0,2599,alta,cadena,1.0,,1151227989.3333333
831130,"Rods and wire: coated rods and cored wire, of base metal, for soldering, brazing or welding by flame",S38,1.0,2599,alta,cadena,1.0,,513619385.0
831190,"Tubes, plates and similar products: of agglomerated base metal powder, other, including parts",S38,1.0,2599,alta,cadena,1.0,,512560108.0
840110,Nuclear reactors,S38,1.0,2513,alta,cadena,1.0,,113270866.66666667
840120,"Machinery and apparatus: for isotopic separation, and parts thereof",S39,1.0,2829,alta,cadena,1.0,,81188096.33333333
840130,Fuel elements (cartridges): non-irradiated,S29,1.0,2011,alta,cadena,1.0,,2980811254.3333335
840140,Nuclear reactors: parts thereof,S38,1.0,2513,alta,cadena,1.0,,463271473.0
840211,Boilers: watertube boilers with a steam production exceeding 45t per hour,S38,1.0,2513,alta,cadena,1.0,,427198723.0
840212,Boilers: watertube boilers with a steam production not exceeding 45t per hour,S38,1.0,2513,alta,cadena,1.0,,351874006.3333333
840219,"Boilers: vapour generating boilers, including hybrid boilers n.e.s. in heading no. 8402",S38,1.0,2513,alta,cadena,1.0,,734383667.6666666
840220,Boilers: super-heated water boilers,S38,1.0,2513,alta,cadena,1.0,,240113711.66666666
840290,Boilers: parts of steam or other vapour generating boilers,S38,1.0,2513,alta,cadena,1.0,,2126656496.6666667
840310,Boilers: central heating boilers (excluding those of heading no. 8402),S38,1.0,2512,alta,cadena,1.0,,4951555497.0
840390,Boilers: parts of central heating boilers (excluding those of heading no. 8402),S38,1.0,2512,alta,cadena,1.0,,1976419942.6666667
840410,"Boilers: auxiliary plant, for use with boilers of heading no. 8402 or 8403 (eg economisers, super-heaters, soot removers, gas recoverers)",S38,1.0,2513,alta,cadena,1.0,,646677020.6666666
840420,"Boilers: condensers, for steam or other vapour power units",S38,1.0,2513,alta,cadena,1.0,,170612770.0
840490,"Boilers: parts of auxiliary plant, for use with boilers of heading no. 8402 and 8403 and parts of condensers for steam or other vapour power units",S38,1.0,2513,alta,cadena,1.0,,555571043.6666666
840510,"Generators: producer gas, water gas, acetylene gas and similar water process gas generators, with or without their purifiers",S39,1.0,2819,alta,cadena,1.0,,626024176.3333334
840590,"Generators: parts of producer gas, water gas, acetylene gas and similar water process gas generators, with or without their purifiers",S39,1.0,2819,alta,cadena,1.0,,196340425.66666666
840611,"Turbines: steam and other vapour turbines, for marine propulsion",S39,1.0,2811,alta,cadena,1.0,,32482778.333333332
840619,"Turbines: steam and other vapour turbines, for other than marine propulsion",S39,1.0,2811,alta,cadena,0.9999999999999997,,960516014.6666666
840690,Turbines: parts of steam and other vapour turbines,S39,1.0,2811,alta,cadena,1.0,,2537691768.6666665
840710,"Engines: for aircraft, spark-ignition reciprocating or rotary internal combustion piston engines",S42,1.0,3030,alta,cadena,1.0,,3008868811.0
840721,"Engines: outboard motors for marine propulsion, spark-ignition reciprocating or rotary internal combustion piston engines",S39,1.0,2811,alta,cadena,1.0,,3764426353.0
840729,"Engines: for marine propulsion, (other than outboard motors), spark-ignition reciprocating or rotary internal combustion piston engines",S39,1.0,2811,alta,cadena,1.0,,490360861.0
840731,"Engines: reciprocating piston engines, of a kind used for the propulsion of vehicles of chapter 87, of a cylinder capacity not exceeding 50cc",S41,1.0,2910,alta,cadena,1.0,,84420534.66666667
840732,"Engines: reciprocating piston engines, of a kind used for the propulsion of vehicles of chapter 87, of a cylinder capacity exceeding 50cc but not exceeding 250cc",S41,1.0,2910,alta,cadena,1.0,,856643275.3333334
840733,"Engines: reciprocating piston engines, of a kind used for the propulsion of vehicles of chapter 87, of a cylinder capacity exceeding 250cc but not exceeding 1000cc",S41,1.0,2910,alta,cadena,1.0,,3463968926.0
840734,"Engines: reciprocating piston engines, of a kind used for the propulsion of vehicles of chapter 87, of a cylinder capacity exceeding 1000cc",S41,1.0,2910,alta,cadena,1.0,,33656065993.666668
840790,"Engines: rotary internal combustion piston engines, for other than aircraft or marine propulsion",S39,1.0,2811,alta,cadena,1.0,,3008842319.0
840810,"Engines: for marine propulsion, compression-ignition internal combustion piston engines (diesel or semi-diesel engines)",S39,1.0,2811,alta,cadena,1.0,,3605129672.6666665
840820,"Engines: compression-ignition internal combustion piston engines (diesel or semi-diesel engines), of a kind used for the propulsion of vehicles of chapter 87",S41,1.0,2910,alta,cadena,1.0,,25107825294.333332
840890,"Engines: compression-ignition internal combustion piston engines (diesel or semi-diesel engines), of a kind used for other than marine propulsion or the vehicles of chapter 87",S39,1.0,2811,alta,cadena,1.0,,14794961985.333334
840910,Engines: parts of aircraft engines (spark-ignition reciprocating or rotary internal combustion piston engines),S42,1.0,3030,alta,cadena,1.0,,1296669366.6666667
840991,"Engines: parts, suitable for use solely or principally with spark-ignition internal combustion piston engines (for other than aircraft)",S41,1.0,2930,alta,cadena,1.0,,30542342853.666668
840999,Engines: parts for internal combustion piston engines (excluding spark-ignition),S41,1.0,2930,alta,cadena,1.0,,35020202786.333336
841011,"Turbines: hydraulic turbines and water wheels, of a power not exceeding 1000kW",S39,1.0,2811,alta,cadena,1.0,,63244919.0
841012,"Turbines: hydraulic turbines and water wheels, of a power exceeding 1000kW but not exceeding 10000kW",S39,1.0,2811,alta,cadena,1.0,,60760073.0
841013,"Turbines: hydraulic turbines and water wheels, of a power exceeding 10000kW",S39,1.0,2811,alta,cadena,1.0,,110135079.66666667
841090,"Turbines: parts of hydraulic turbines and water wheels, including regulators",S39,1.0,2811,alta,cadena,1.0,,704337392.0
841111,Turbo-jets: of a thrust not exceeding 25kN,S42,1.0,3030,alta,cadena,1.0,,860170506.3333334
841112,Turbo-jets: of a thrust exceeding 25kN,S42,1.0,3030,alta,cadena,1.0,,55264086863.333336
841121,Turbo-propellers: of a power not exceeding 1100kW,S42,1.0,3030,alta,cadena,1.0,,1178797789.6666667
841122,Turbo-propellers: of a power exceeding 1100kW,S42,1.0,3030,alta,cadena,1.0,,1708148905.0
841181,"Turbines: gas-turbines (excluding turbo-jets and turbo-propellers), of a power not exceeding 5000kW",S39,1.0,2811,alta,cadena,1.0,,2257986356.0
841182,"Turbines: gas-turbines (excluding turbo-jets and turbo-propellers), of a power exceeding 5000kW",S39,1.0,2811,alta,cadena,1.0,,5605086506.333333
841191,Turbines: parts of turbo-jets and turbo-propellers,S42,1.0,3030,alta,cadena,1.0,,50506663088.0
841199,Turbines: parts of gas turbines (excluding turbo-jets and turbo-propellers),S39,1.0,2811,alta,cadena,1.0,,22377304672.333332
841210,"Engines: reaction engines, other than turbo-jets",S42,1.0,3030,alta,cadena,1.0,,287481922.0
841221,"Engines: hydraulic power engines and motors, linear acting (cylinders)",S39,1.0,2812,alta,cadena,1.0,,7554709773.333333
841229,"Engines: hydraulic power engines and motors, other than linear acting (cylinders)",S39,1.0,2812,alta,cadena,1.0,,4620124730.333333
841231,"Engines: pneumatic power engines and motors, linear acting (cylinders)",S39,1.0,2812,alta,cadena,1.0,,2095378288.6666667
841239,"Engines: pneumatic power engines and motors, other than linear acting (cylinders)",S39,1.0,2812,alta,cadena,1.0,,1017845458.0
841280,"Engines: pneumatic power engines and motors, n.e.s. in heading no. 8412",S39,1.0,2812,alta,cadena,1.0,,1011771789.6666666
841290,"Engines: parts, for engines and motors of heading no. 8412",S39,1.0,2812,alta,cadena,1.0,,7737236801.666667
841311,"Pumps: fitted or designed to be fitted with a measuring device, for dispensing fuel or lubricants, of the type used in filling-stations or in garages",S39,1.0,2813,alta,cadena,1.0,,806036682.0
841319,"Pumps: for liquids, fitted or designed to be fitted with a measuring device, other than pumps for dispensing fuel or lubricants",S39,1.0,2813,alta,cadena,1.0,,1480572319.3333333
841320,"Pumps: hand, fitted or designed to be fitted with a measuring device, for liquids, other than those of item no. 8413.11 or 8413.19",S39,1.0,2813,alta,cadena,1.0,,1212067058.0
841330,"Pumps: fuel, lubricating or cooling medium pumps for internal combustion piston engines",S39,1.0,2813,alta,cadena,1.0,,12989079427.0
841340,Pumps: concrete pumps,S39,1.0,2813,alta,cadena,1.0,,547434589.6666666
841350,"Pumps: reciprocating positive displacement pumps, n.e.s. in heading no. 8413, for liquids",S39,1.0,2813,alta,cadena,1.0,,9140990452.333334
841360,"Pumps: rotary positive displacement pumps, n.e.s. in heading no. 8413, for liquids",S39,1.0,2813,alta,cadena,1.0,,7547422971.333333
841370,"Pumps: centrifugal, n.e.s. in heading no. 8413, for liquids",S39,1.0,2813,alta,cadena,1.0,,16861724883.666666
841381,Pumps and liquid elevators: n.e.s. in heading no. 8413,S39,1.0,2813,alta,cadena,1.0,,3556585307.6666665
841382,Liquid elevators,S39,1.0,2813,alta,cadena,1.0,,157780266.66666666
841391,Pumps: parts thereof,S39,1.0,2813,alta,cadena,1.0,,15714138617.333334
841392,Liquid elevators: parts thereof,S39,1.0,2813,alta,cadena,1.0,,159264006.33333334
841410,Pumps: vacuum,S39,1.0,2813,alta,cadena,1.0,,5439052074.0
841420,Pumps: hand or foot-operated air pumps,S39,1.0,2813,alta,cadena,1.0,,483441453.0
841430,Compressors: of a kind used in refrigerating equipment,S39,1.0,2813,alta,cadena,1.0,,15775800250.333334
841440,Compressors: air compressors mounted on a wheeled chassis for towing,S39,1.0,2813,alta,cadena,1.0,,965087711.6666666
841451,"Fans: table, floor, wall, window, ceiling or roof fans, with a self-contained electric motor of an output not exceeding 125W",S40,1.0,2750,alta,cadena,1.0,,7103854474.333333
841459,Fans: n.e.s. in item no. 8414.51,S39,1.0,2819,alta,cadena,1.0,,15172961241.333334
841460,"Hoods: ventilating or recycling hoods incorporating a fan, whether or not fitted with filters, having a maximum horizontal side not exceeding 120cm",S40,1.0,2750,alta,cadena,1.0,,2154456199.6666665
841480,"Pumps and compressors: for air, vacuum or gas, n.e.s. in heading no. 8414",S39,1.0,2813,alta,cadena,1.0,,23052147064.0
841490,"Pumps and compressors: parts, of air or vacuum pumps, air or other gas compressors and fans, ventilating or recycling hoods incorporating a fan",S39,1.0,2813,alta,cadena,1.0,,16078860163.0
841510,"Air conditioning machines: comprising a motor-driven fan and elements for changing the temperature and humidity, window or wall types, self-contained",S39,1.0,2819,alta,cadena,1.0,,17558914521.666668
841581,Air conditioning machines: incorporating a refrigerating unit and a valve for reversal of the cooling or heat cycle,S39,1.0,2819,alta,cadena,1.0,,3013079067.3333335
841582,"Air conditioning machines: incorporating a refrigerating unit but not a valve for reversal of the cooling or heat cycle, other than window or wall type",S39,1.0,2819,alta,cadena,0.9999999999999999,,10726982334.333334
841583,Air conditioning machines: n.e.s. in heading no. 8415 and not incorporating a refrigerating unit,S39,1.0,2819,alta,cadena,1.0,,3084496374.6666665
841590,"Air conditioning machines: with motor driven fan and elements for temperature control, parts thereof",S39,1.0,2819,alta,cadena,1.0,,25110651330.0
841610,"Furnaces: furnace burners, for liquid fuel",S39,1.0,2815,alta,cadena,1.0,,236398369.33333334
841620,"Furnaces: furnace burners, for pulverized solid fuel or gas, including combination burners",S39,1.0,2815,alta,cadena,1.0,,859086273.3333334
841630,"Furnace accessories: mechanical stokers, mechanical grates, mechanical ash dischargers and similar appliances",S39,1.0,2815,alta,cadena,1.0,,138657843.66666666
841690,"Furnaces: parts of furnace burners, for liquid fuel, pulverized solid fuel or gas, mechanical stokers, grates, ash dischargers and the like",S39,1.0,2815,alta,cadena,1.0,,1011583506.0
841710,"Furnaces and ovens: non-electric, for the roasting, melting or other heat-treatment of ores, pyrites or of metals, for industrial or laboratory use",S39,0.5,2815,baja,cadena,1.0,,857225311.3333334
841710,"Furnaces and ovens: non-electric, for the roasting, melting or other heat-treatment of ores, pyrites or of metals, for industrial or laboratory use",S43,0.5,3250,baja,cadena,1.0,,857225311.3333334
841720,"Ovens: non-electric, bakery ovens, including biscuit ovens",S39,1.0,2825,alta,cadena,1.0,,508099674.6666667
841780,"Furnaces and ovens: including incinerators, non-electric, for industrial or laboratory use, n.e.s. in heading no. 8417",S39,0.5,2815,baja,cadena,1.0,,1255528173.3333333
841780,"Furnaces and ovens: including incinerators, non-electric, for industrial or laboratory use, n.e.s. in heading no. 8417",S43,0.5,3250,baja,cadena,1.0,,1255528173.3333333
841790,"Furnaces and ovens: parts of non-electric furnaces and ovens (including incinerators), of industrial or laboratory use",S39,1.0,2815,alta,cadena,1.0,,2503005138.0
841810,"Refrigerators and freezers: combined refrigerator-freezers, fitted with separate external doors, electric or other",S40,1.0,2750,alta,cadena,1.0,,17310294290.0
841821,"Refrigerators: for household use, compression-type, electric or other",S40,1.0,2750,alta,cadena,1.0,,4151411067.0
841822,"Refrigerators: for household use, absorption-type, electrical",S40,1.0,2750,alta,cadena,1.0,,343371040.3333333
841829,"Refrigerators: household, electric or not, other than compression or absorption-type",S40,1.0,2750,alta,cadena,1.0,,196958070.0
841830,"Freezers: of the chest type, not exceeding 800l capacity",S40,1.0,2750,alta,cadena,1.0,,1867631482.3333333
841840,"Freezers: of the upright type, not exceeding 900l capacity",S40,1.0,2750,alta,cadena,1.0,,1835659554.3333333
841850,"Refrigerating or freezing equipment: display counters, cabinets, show-cases and the like",S39,1.0,2819,alta,cadena,1.0,,7001145200.666667
841861,Refrigerating or freezing equipment: compression type units whose condensers are heat exchangers,S39,1.0,2819,alta,cadena,1.0,,4910084374.666667
841869,"Refrigerating or freezing equipment: heat pumps, other than compression type units whose condensers are heat exchangers",S39,1.0,2819,alta,cadena,1.0,,11583165570.0
841891,"Refrigerating or freezing equipment: parts, furniture designed to receive refrigerating or freezing equipment",S39,1.0,2819,alta,cadena,1.0,,248234329.66666666
841899,"Refrigerating or freezing equipment: parts thereof, other than furniture",S39,1.0,2819,alta,cadena,1.0,,7717744076.666667
841911,"Heaters: instantaneous gas water heaters, for domestic or other purposes",S39,1.0,2819,alta,cadena,1.0,,1581928164.3333333
841919,"Heaters: instantaneous or storage water heaters, non-electric, other than gas",S39,1.0,2819,alta,cadena,1.0,,2355781227.3333335
841920,"Sterilizers: for medical, surgical or laboratory use, not used for domestic purposes",S43,1.0,3250,alta,cadena,1.0,,1187687618.6666667
841931,"Dryers: for agricultural products, not used for domestic purposes",S39,1.0,2825,alta,cadena,1.0,,418348862.6666667
841932,"Dryers: for wood, paper pulp, paper or paperboard, not used for domestic purposes",S39,1.0,2829,alta,cadena,1.0,,494002989.3333333
841939,"Dryers: for products n.e.s. in heading no. 8419, not used for domestic purposes",S39,1.0,2829,alta,cadena,1.0,,2287436098.0
841940,Distilling or rectifying plant: not used for domestic purposes,S39,1.0,2819,alta,cadena,1.0,,1156105826.0
841950,Heat exchange units: not used for domestic purposes,S39,1.0,2819,alta,cadena,1.0,,13190378733.0
841960,"Machinery: for liquefying air or gas, not used for domestic purposes",S39,1.0,2819,alta,cadena,1.0,,1178835038.3333333
841981,"Machinery, plant and equipment: for making hot drinks, for cooking or heating food",S39,1.0,2825,alta,cadena,1.0,,6516858454.0
841989,"Machinery, plant and laboratory equipment: for treating materials by change of temperature, other than for making hot drinks or cooking or heating food",S39,1.0,"2819,2829",alta,cadena,1.0,,9998273824.333334
841990,"Machinery, plant and laboratory equipment: parts of equipment for treating materials by a process involving a change of temperature",S39,1.0,"2819,2829",alta,cadena,1.0,,7424003059.666667
842010,"Machines: calendering or other rolling machines, for other than metal or glass",S39,1.0,2819,alta,cadena,1.0,,1024358187.0
842091,"Machines: parts, cylinders for calendering or other rolling machines, for other than metal or glass",S39,1.0,2819,alta,cadena,1.0,,390093537.0
842099,"Machines: parts, (other than cylinders), for calendering or other rolling machines, for other than metal or glass",S39,1.0,2819,alta,cadena,1.0,,215914541.66666666
842111,Centrifuges: cream separators,S39,1.0,2825,alta,cadena,1.0,,79282205.33333333
842112,Centrifuges: clothes-dryers,S39,1.0,2826,alta,cadena,1.0,,75693801.0
842119,"Centrifuges: n.e.s. in heading no. 8421, including centrifugal dryers (but not clothes-dryers)",S39,1.0,2819,alta,cadena,1.0,,2116672262.0
842121,Machinery: for filtering or purifying water,S39,1.0,2819,alta,cadena,1.0,,10282071428.666666
842122,Machinery: for filtering or purifying beverages other than water,S39,1.0,2819,alta,cadena,1.0,,369449388.6666667
842123,"Machinery: filtering or purifying machinery, oil or petrol filters for internal combustion engines",S39,1.0,2819,alta,cadena,1.0,,8134987908.333333
842129,"Machinery: for filtering or purifying liquids, n.e.s. in item no. 8421.2",S39,1.0,2819,alta,cadena,1.0,,12516268703.0
842131,Machinery: intake air filters for internal combustion engines,S39,1.0,2819,alta,cadena,1.0,,4070908316.0
842139,"Machinery: for filtering or purifying gases, other than intake air filters for internal combustion engines",S39,1.0,2819,alta,cadena,1.0,,29606251507.333332
842191,"Centrifuges: parts thereof, including parts for centrifugal dryers",S39,1.0,2819,alta,cadena,1.0,,1287938785.0
842199,Machinery: parts for filtering or purifying liquids or gases,S39,1.0,2819,alta,cadena,1.0,,16938126379.666666
842211,Dish washing machines: of the household type,S40,1.0,2750,alta,cadena,1.0,,5299789458.666667
842219,Dish washing machines: of other than household type,S39,1.0,2819,alta,cadena,1.0,,1001460146.3333334
842220,Machinery: for cleaning or drying bottles or other containers,S39,1.0,2819,alta,cadena,1.0,,983040991.3333334
842230,"Machinery: for filling, closing, sealing, capsuling or labelling bottles, cans, bags or other containers, machinery for aerating beverages",S39,1.0,2819,alta,cadena,1.0,,10220977662.0
842240,Machinery: for packing or wrapping,S39,1.0,2819,alta,cadena,1.0,,9702492356.666666
842290,Machinery: parts of machinery of heading no. 8422,S39,1.0,2819,alta,cadena,1.0,,6942296436.333333
842310,Weighing machines: personal (including baby scales) and household scales,S39,1.0,2819,alta,cadena,1.0,,1188765046.0
842320,Weighing machines: scales for continuous weighing of goods on conveyors,S39,1.0,2819,alta,cadena,1.0,,178630982.66666666
842330,"Weighing machines: constant weight scales and scales for discharging a predetermined weight of material into a bag or container, including hopper scales",S39,1.0,2819,alta,cadena,1.0,,656495032.3333334
842381,Weighing machines: having a maximum weighing capacity not exceeding 30kg (excluding balances of a sensitivity of 5cg or better),S39,1.0,2819,alta,cadena,1.0,,729574371.0
842382,Weighing machines: having a maximum weighing capacity exceeding 30kg but not exceeding 5000kg,S39,1.0,2819,alta,cadena,1.0,,737408141.3333334
842389,Weighing machines: having a maximum weighing capacity exceeding 5000kg,S39,1.0,2819,alta,cadena,1.0,,235003096.0
842390,"Weighing machines: weights of all kinds, parts of weighing machinery",S39,1.0,2819,alta,cadena,1.0,,920099951.3333334
842410,Fire extinguishers: whether or not charged,S39,1.0,2819,alta,cadena,1.0,,1670157770.6666667
842420,Spray guns and similar appliances,S39,1.0,2819,alta,cadena,1.0,,2150007443.0
842430,Mechanical appliances: steam or sand blasting machines and similar jet projecting machines,S39,1.0,2819,alta,cadena,1.0,,3188703086.6666665
842481,"Mechanical appliances: for projecting, dispersing or spraying liquids or powders, for agricultural or horticultural use, whether or not hand-operated",S39,1.0,2821,alta,cadena,1.0,,4160724528.3333335
842489,"Mechanical appliances: for projecting, dispersing or spraying liquids or powders, for other than agricultural or horticultural use, whether or not hand-operated",S39,0.7437353163245259,"2817,2819",media,cadena,1.0,,9465425851.666666
842489,"Mechanical appliances: for projecting, dispersing or spraying liquids or powders, for other than agricultural or horticultural use, whether or not hand-operated",S40,0.256264683675474,2620,media,cadena,1.0,,9465425851.666666
842490,"Mechanical appliances: parts of machines projecting, dispersing or spraying liquids or powders, whether or not hand-operated",S39,1.0,2819,alta,cadena,1.0,,5779161056.0
842511,Pulley tackle and hoists: powered by an electric motor (excluding skip hoists or hoists of a kind used for raising vehicles),S39,1.0,2816,alta,cadena,1.0,,1248055118.0
842519,Pulley tackle and hoists: not powered by an electric motor (excluding skip hoists or hoists of a kind used for raising vehicles),S39,1.0,2816,alta,cadena,1.0,,654405707.0
842520,Winches: pit-head winding gear and winches specially designed for use underground,S39,1.0,2816,alta,cadena,1.0,,151468523.33333334
842531,Winches and capstans: powered by an electric motor,S39,1.0,2816,alta,cadena,1.0,,1334076622.0
842539,Winches and capstans: not powered by an electric motor,S39,1.0,2816,alta,cadena,1.0,,918743105.6666666
842541,"Jacks: built-in jacking systems of a type used in garages, for raising vehicles",S39,1.0,2816,alta,cadena,1.0,,368977259.0
842542,"Jacks and hoists: hydraulic, of a kind used for raising vehicles",S39,1.0,2816,alta,cadena,1.0,,2209829129.3333335
842549,"Jacks and hoists: (other than hydraulic), of a kind used for raising vehicles",S39,1.0,2816,alta,cadena,1.0,,1103842086.3333333
842611,Cranes: overhead travelling cranes on fixed support,S39,1.0,2816,alta,cadena,1.0,,978554978.3333334
842612,Cranes: mobile lifting frames on tyres and straddle carriers,S39,1.0,2816,alta,cadena,1.0,,612688120.6666666
842619,"Cranes: transporter, gantry and bridge cranes",S39,1.0,2816,alta,cadena,1.0,,2999709777.6666665
842620,Cranes: tower cranes,S39,1.0,2816,alta,cadena,1.0,,1506648430.3333333
842630,Cranes: portal or pedestal jib cranes,S39,1.0,2816,alta,cadena,1.0,,587762001.3333334
842641,"Cranes: self-propelled derricks and cranes, on tyres, n.e.s. in heading no. 8426",S39,1.0,2816,alta,cadena,1.0,,3079825523.3333335
842649,"Cranes: self-propelled derricks and cranes, not on tyres, n.e.s. in heading no. 8426",S39,1.0,2816,alta,cadena,1.0,,2654981292.6666665
842691,Cranes and derricks: designed for mounting on road vehicles,S39,1.0,2816,alta,cadena,1.0,,2512160864.0
842699,"Cranes and derricks: for other than mounting on road vehicles, n.e.s in heading no. 8426",S39,1.0,2816,alta,cadena,1.0,,680159321.3333334
842710,"Fork-lift and other works trucks: fitted with lifting or handling equipment, self-propelled by electric motor",S39,1.0,2816,alta,cadena,1.0,,13141953543.0
842720,"Fork-lift and other works trucks: fitted with lifting or handling equipment, self-propelled by other than electric motor",S39,1.0,2816,alta,cadena,1.0,,13430947377.0
842790,"Fork-lift and other works trucks: fitted with lifting or handling equipment, not self-propelled",S39,1.0,2816,alta,cadena,1.0,,1475260441.3333333
842810,"Lifts and skip hoists: for lifting, handling, loading or unloading",S39,1.0,2816,alta,cadena,1.0,,6375981987.0
842820,"Elevators and conveyors: pneumatic, for lifting, handling, loading or unloading",S39,1.0,2816,alta,cadena,1.0,,1171848603.0
842831,"Elevators and conveyors: continuous-action, specially designed for underground use, for goods and materials, n.e.s. in heading no. 8428",S39,1.0,2824,alta,cadena,1.0,,109050212.66666667
842832,"Elevators and conveyors: continuous-action, bucket type, for goods or materials",S39,1.0,2816,alta,cadena,1.0,,335206906.3333333
842833,"Elevators and conveyors: continuous-action, belt type, for goods or materials",S39,1.0,2816,alta,cadena,1.0,,4104975523.6666665
842839,"Elevators and conveyors: continuous action, n.e.s. in heading no. 8428, for goods or materials",S39,1.0,2816,alta,cadena,1.0,,7130325290.0
842840,Escalators and moving walkways,S39,1.0,2816,alta,cadena,1.0,,570676244.6666666
842850,"Wagons: mine wagon pushers, locomotive or wagon traversers, wagon tippers and similar railway wagon handling equipment",S39,1.0,2816,alta,cadena,1.0,,
842860,"Lifting machinery: teleferics, chair-lifts, ski-draglines and traction mechanisms for funiculars",S39,1.0,2816,alta,cadena,1.0,,496304283.6666667
842890,"Lifting machinery: handling, loading or unloading machinery n.e.s. in heading no. 8428",S39,1.0,"2816,2829",alta,cadena,1.0,,15051938592.0
842911,"Bulldozers and angledozers: self-propelled, track laying",S39,1.0,2824,alta,cadena,1.0,,4569160936.0
842919,"Bulldozers and angledozers: self-propelled, other than track laying",S39,1.0,2824,alta,cadena,1.0,,301308046.3333333
842920,Graders and levellers,S39,1.0,2824,alta,cadena,1.0,,2336085874.6666665
842930,Scrapers: self-propelled,S39,1.0,2824,alta,cadena,1.0,,190741852.66666666
842940,Tamping machines and road rollers: self-propelled,S39,1.0,2824,alta,cadena,1.0,,2456108401.0
842951,Front-end shovel loaders,S39,1.0,2824,alta,cadena,1.0,,14212881764.333334
842952,"Mechanical shovels, excavators and shovel loaders: with a 360 degree revolving super structure",S39,1.0,2824,alta,cadena,1.0,,30097462756.333332
842959,"Mechanical shovels, excavators and shovel loaders: n.e.s. in item no. 8429.50",S39,1.0,2824,alta,cadena,1.0,,3888716408.6666665
843010,Pile-drivers and pile-extractors,S39,1.0,2824,alta,cadena,1.0,,568409030.6666666
843020,Snow-ploughs and snow-blowers,S39,1.0,2824,alta,cadena,1.0,,856396769.6666666
843031,Coal or rock cutters and tunnelling machinery: self-propelled,S39,1.0,2824,alta,cadena,1.0,,1386661966.3333333
843039,Coal or rock cutters and tunnelling machinery: not self-propelled,S39,1.0,2824,alta,cadena,1.0,,600978709.6666666
843041,"Boring or sinking machinery: self-propelled, n.e.s. in heading no. 8430",S39,1.0,2824,alta,cadena,1.0,,3503503024.0
843049,Boring and sinking machinery: not self-propelled,S39,1.0,"2818,2824",alta,cadena,1.0,,2160627395.0
843050,"Machinery: for handling earth, minerals or ores, self-propelled, n.e.s. in heading no. 8430",S39,1.0,2824,alta,cadena,1.0,,1089040930.3333333
843061,"Machinery: for tamping or compacting, not self-propelled",S39,1.0,2824,alta,cadena,1.0,,471670715.3333333
843062,Scrapers: not self-propelled,S39,1.0,2824,alta,cadena,1.0,,191794772.66666666
843069,"Machinery: for handling earth, minerals or ores, not self-propelled, n.e.s. in item no. 8430.6",S39,1.0,2824,alta,cadena,1.0,,1086995150.0
843110,Machinery: parts of the machinery of heading no. 8425,S39,1.0,2816,alta,cadena,1.0,,1777750643.3333333
843120,Machinery: parts of the machinery of heading no. 8427,S39,1.0,2816,alta,cadena,1.0,,6227015433.333333
843131,"Lifts, skip hoists or escalators: parts thereof",S39,1.0,2816,alta,cadena,1.0,,4917493664.0
843139,"Machinery: parts of the machinery of heading no. 8428, (other than lifts, skip hoists or escalators)",S39,1.0,2816,alta,cadena,1.0,,9540862353.0
843141,"Machinery parts: buckets, shovels, grabs and grips, for the machinery of heading no. 8426 and 8430",S39,1.0,2816,alta,cadena,1.0,,2666703335.3333335
843142,Machinery parts: bulldozer or angledozer blades,S39,1.0,2824,alta,cadena,1.0,,239082428.33333334
843143,Boring or sinking machinery: parts of the machinery of item no. 8430.41 or 8430.41,S39,1.0,2824,alta,cadena,1.0,,10924248501.333334
843149,"Machinery: parts of machines handling earth, minerals or ores and n.e.s. in heading no. 8431",S39,1.0,2824,alta,cadena,1.0,,28763929200.666668
843210,Ploughs: for soil preparation,S39,1.0,2821,alta,cadena,1.0,,399494525.3333333
843221,Harrows: disc harrows,S39,1.0,2821,alta,cadena,1.0,,531660032.0
843229,"Harrows: (excluding disc), scarifiers, cultivators, weeders and hoes",S39,1.0,2821,alta,cadena,1.0,,1642577866.6666667
843230,"Seeders, planters and transplanters",S39,1.0,2821,alta,cadena,1.0,,2040630597.6666667
843240,"Spreaders and distributors: for manure and fertilizers, for agricultural, horticultural or forestry use",S39,1.0,2821,alta,cadena,1.0,,687691879.6666666
843280,Rollers: for lawns or sports-grounds,S39,1.0,2821,alta,cadena,1.0,,1316829612.3333333
843290,Machinery: parts of machinery for soil preparation or cultivation or for rollers for lawns or sports-grounds,S39,1.0,2821,alta,cadena,1.0,,3641885764.0
843311,"Mowers: lawn, parks or sports-grounds, powered, with the cutting device rotating in a horizontal plane",S39,1.0,2821,alta,cadena,1.0,,5838675013.0
843319,"Mowers: for lawns, parks or sports-grounds, other than with the cutting device rotating in a horizontal plane",S39,1.0,2821,alta,cadena,1.0,,707576613.6666666
843320,Mowers: n.e.s. in item no. 8433.1 (including cutter bars for tractor mounting),S39,1.0,2821,alta,cadena,1.0,,1427520993.0
843330,Haymaking machinery,S39,1.0,2821,alta,cadena,1.0,,715853103.6666666
843340,"Balers: straw or fodder balers, including pick-up balers",S39,1.0,2821,alta,cadena,1.0,,1271046214.6666667
843351,Combine harvester-threshers,S39,1.0,2821,alta,cadena,1.0,,5105793394.0
843352,Threshing machinery: other than combine harvester-threshers,S39,1.0,2821,alta,cadena,1.0,,227660210.66666666
843353,Harvesting machinery: for roots or tubers,S39,1.0,2821,alta,cadena,1.0,,568348893.0
843359,Harvesting machinery: n.e.s. in heading no. 8433,S39,1.0,2821,alta,cadena,1.0,,2175046315.6666665
843360,"Machines: for cleaning, sorting or grading eggs, fruit or other agricultural produce",S39,1.0,2821,alta,cadena,1.0,,1130460817.6666667
843390,"Harvesting machinery: parts, including parts of threshing machinery, straw or fodder balers and grass or hay mowers",S39,1.0,2821,alta,cadena,1.0,,7320251955.0
843410,Milking machines,S39,1.0,2821,alta,cadena,1.0,,661610683.0
843420,Dairy machinery,S39,1.0,2825,alta,cadena,1.0,,539347213.3333334
843490,Milking machines and dairy machinery: parts thereof,S39,1.0,"2821,2825",alta,cadena,1.0,,922788014.3333334
843510,"Presses, crushers and similar machinery: used in the manufacture of wine, cider, fruit juices or similar beverages",S39,1.0,2825,alta,cadena,1.0,,333302531.0
843590,"Presses, crushers and similar machinery: parts, used in the manufacture of wine, cider, fruit juices or similar beverages",S39,1.0,2821,alta,cadena,1.0,,74837333.66666667
843610,Machinery: for preparing animal feeding stuffs,S39,1.0,2821,alta,cadena,1.0,,1082509970.6666667
843621,Poultry incubators and brooders,S39,1.0,2821,alta,cadena,1.0,,269742591.0
843629,Poultry-keeping machinery: other than incubators and brooders,S39,1.0,2821,alta,cadena,1.0,,1507134887.3333333
843680,"Machinery: for agricultural, horticultural or forestry use and n.e.s. in heading no. 8436",S39,1.0,2821,alta,cadena,1.0,,3412139696.6666665
843691,Machinery: parts of poultry-keeping machinery or poultry incubators and brooders,S39,1.0,2821,alta,cadena,1.0,,546564299.0
843699,"Machinery: parts of that machinery for agricultural, horticultural or forestry use n.e.s. in heading no. 8436",S39,1.0,2821,alta,cadena,1.0,,1769535737.0
843710,"Machines: for cleaning, sorting or grading seed, grain or dried leguminous vegetables",S39,1.0,2825,alta,cadena,1.0,,715996467.3333334
843780,"Machinery: for use in the milling industry or for the working of cereals or dried leguminous vegetables, other than farm-type machinery",S39,1.0,2825,alta,cadena,1.0,,825415590.0
843790,"Machines: parts of those for cleaning, sorting or grading seed, grain or dried leguminous vegetables or for milling or working cereals or dried leguminous vegetables (not farm-type machinery)",S39,1.0,2825,alta,cadena,1.0,,666217231.6666666
843810,"Machinery: industrial, for bakery and for the manufacture of macaroni, spaghetti or similar products",S39,1.0,2825,alta,cadena,1.0,,2874254584.6666665
843820,"Machinery: industrial, for the manufacture of confectionery, cocoa or chocolate",S39,1.0,2825,alta,cadena,1.0,,1197772297.3333333
843830,"Machinery: industrial, for sugar manufacture",S39,1.0,2825,alta,cadena,1.0,,170868130.66666666
843840,"Machinery: industrial, brewery machinery",S39,1.0,2825,alta,cadena,1.0,,549489043.6666666
843850,"Machinery: industrial, for the preparation of meat or poultry",S39,1.0,2825,alta,cadena,1.0,,2627062660.6666665
843860,"Machinery: industrial, for the preparation of fruits, nuts or vegetables",S39,1.0,2825,alta,cadena,1.0,,847448070.3333334
843880,"Machinery: used in the industrial preparation or manufacture of food or drink, n.e.s. in heading no. 8438",S39,1.0,2825,alta,cadena,1.0,,3360701616.6666665
843890,Machinery: parts of those machines used in the industrial preparation or manufacture of food or drink,S39,1.0,2825,alta,cadena,1.0,,3926703209.3333335
843910,Machinery: for making pulp of fibrous cellulosic material,S39,1.0,2829,alta,cadena,1.0,,400603279.6666667
843920,Machinery: for making paper or paperboard,S39,1.0,2829,alta,cadena,1.0,,1120062653.0
843930,Machinery: for finishing paper or paperboard,S39,1.0,2829,alta,cadena,1.0,,685800846.6666666
843991,Machinery: parts of machinery for making pulp of fibrous cellulosic material,S39,1.0,2829,alta,cadena,1.0,,996475264.0
843999,Machinery: parts of machinery for making or finishing paper or paperboard,S39,1.0,2829,alta,cadena,1.0,,2115452337.3333333
844010,Book-binding machinery: including book-sewing machines,S39,1.0,2829,alta,cadena,1.0,,623563110.0
844090,"Book-binding machinery: including book-sewing machines, parts thereof",S39,1.0,"2817,2829",alta,cadena,1.0,,182857838.33333334
844110,"Machines: cutting, of all kinds, for making up paper pulp, paper or paperboard",S39,1.0,2829,alta,cadena,1.0,,1563341020.3333333
844120,"Machines: for making bags, sacks or envelopes of paper pulp, paper or paperboard",S39,1.0,2829,alta,cadena,1.0,,463279518.3333333
844130,"Machines: for making cartons, boxes, cases, tubes, drums or similar containers (other than by moulding), of paper pulp, paper or paperboard",S39,1.0,2829,alta,cadena,1.0,,1968343565.3333333
844140,"Machines: for moulding articles, in paper pulp, paper or paperboard",S39,1.0,2829,alta,cadena,1.0,,375598645.3333333
844180,"Machinery: n.e.s. in heading no. 8441, for making up paper pulp, paper or paperboard",S39,1.0,2829,alta,cadena,1.0,,1619129867.3333333
844190,"Machinery: parts of machinery for making up paper pulp, paper or paperboard, including cutting machines of all kinds",S39,1.0,2829,alta,cadena,1.0,,1903522385.3333333
844210,"Machinery: phototype-setting and composing, excluding machine-tools of heading no. 8456 to 8465",S39,1.0,2829,alta,cadena,1.0,,164346120.0
844220,"Machinery: apparatus and equipment, for type-setting or composing by processes other than photo-type, with or without founding device",S39,1.0,2829,alta,cadena,1.0,,40144709.333333336
844230,"Machinery: apparatus and equipment, for preparing or making printing blocks, plates, cylinders or other printing components",S39,1.0,2829,alta,cadena,1.0,,144029194.33333334
844240,"Machinery: parts of that involved in type-founding or setting, for preparing or making printing blocks, plates, cylinders or other printing components, not machine- tools of heading no. 8456 to 8465",S39,1.0,"2817,2829",alta,cadena,1.0,,180464077.0
844250,"Printing components: type, blocks, plates, cylinders and the like: blocks, plates, cylinders and lithographic stones prepared for printing purposes",S27,1.0,1812,alta,cadena,1.0,,633177809.0
844311,"Printing machinery: offset, reel fed",S39,1.0,2829,alta,cadena,1.0,,460591629.6666667
844312,"Printing machinery: offset, sheet fed, office type (sheet size not exceeding 22 x 36cm)",S39,1.0,2817,alta,cadena,1.0,,62721454.333333336
844319,"Printing machinery: offset, (excluding reel or sheet fed)",S39,1.0,2829,alta,cadena,1.0,,2390304751.0
844321,"Printing machinery: letterpress, reel fed, excluding flexographic printing",S39,1.0,2829,alta,cadena,1.0,,94919392.33333333
844329,"Printing machinery: letterpress, other than reel fed, excluding flexographic printing",S39,1.0,2829,alta,cadena,1.0,,313521453.0
844330,Printing machinery: flexographic,S39,1.0,2829,alta,cadena,1.0,,1257522041.6666667
844340,Printing machinery: gravure,S39,1.0,2829,alta,cadena,1.0,,267437884.0
844350,Printing machinery: of a type n.e.s. in heading no. 8443,S39,1.0,"2826,2829",alta,cadena,1.0,,1553151202.0
844360,Printing machinery: machines for uses ancillary to printing,S39,1.0,"2817,2829",alta,cadena,1.0,,2344984911.0
844390,Printing machinery: parts thereof,S39,1.0,"2817,2829",alta,cadena,1.0,,2429551601.3333335
844400,"Textile machinery: for extruding, drawing, texturing or cutting man-made textile materials",S39,1.0,2826,alta,cadena,1.0,,1174570040.0
844511,Textile machinery: carding machines for preparing textile fibres,S39,1.0,2826,alta,cadena,1.0,,249050252.66666666
844512,Textile machinery: combing machines for preparing textile fibres,S39,1.0,2826,alta,cadena,1.0,,84544522.33333333
844513,Textile machinery: drawing or roving machines for preparing textile fibres,S39,1.0,2826,alta,cadena,1.0,,145635816.66666666
844519,"Textile machinery: n.e.s. in heading no. 8445, for preparing textile fibres",S39,1.0,2826,alta,cadena,1.0,,384879508.6666667
844520,Textile machinery: spinning machines,S39,1.0,2826,alta,cadena,1.0,,1160604279.3333333
844530,Textile machinery: doubling or twisting machines,S39,1.0,2826,alta,cadena,1.0,,171249614.66666666
844540,Textile machinery: winding (including weft-winding) or reeling machines,S39,1.0,2826,alta,cadena,1.0,,1045376572.0
844590,Textile machinery: involved in textile fibre or textile yarn preparation and n.e.s. in heading no. 8445,S39,1.0,2826,alta,cadena,1.0,,195859773.33333334
844610,Weaving machines (looms): for weaving fabrics of a width 30cm or less,S39,1.0,2826,alta,cadena,1.0,,96400457.33333333
844621,"Weaving machines (looms): for weaving fabrics of a width exceeding 30cm, shuttle type, power looms",S39,1.0,2826,alta,cadena,1.0,,86723554.66666667
844629,"Weaving machines (looms): for weaving fabrics of a width exceeding 30cm, shuttle type, other than power looms",S39,1.0,2826,alta,cadena,1.0,,63635016.333333336
844630,"Weaving machines (looms): for weaving fabrics of a width exceeding 30cm, shuttleless type",S39,1.0,2826,alta,cadena,1.0,,1599323889.6666667
844711,"Knitting machines: circular, with cylinder diameter not exceeding 165mm",S39,1.0,2826,alta,cadena,1.0,,228001936.33333334
844712,"Knitting machines: circular, with cylinder diameter exceeding 165mm",S39,1.0,2826,alta,cadena,1.0,,575932301.6666666
844720,"Knitting machines: flat, stitch-bonding machines",S39,1.0,2826,alta,cadena,1.0,,666333559.0
844790,"Machines: for making gimped yarn, tulle, lace, embroidery, trimmings, braid or net and machines for tufting",S39,1.0,2826,alta,cadena,1.0,,1033356117.3333334
844811,"Machinery, auxiliary: dobbies and jacquards, card reducing, copying, punching or assembling machines for use therewith",S39,1.0,2826,alta,cadena,1.0,,299561700.3333333
844819,"Machinery, auxiliary: for machines of heading no. 8444, 8445, 8446 or 8447, n.e.s. in item no. 8448.11",S39,1.0,2826,alta,cadena,1.0,,250711035.66666666
844820,Machines: parts and accessories of machines or auxiliary machinery of heading no. 8444,S39,1.0,2826,alta,cadena,1.0,,440574691.6666667
844831,"Machines, card clothing: parts and accessories",S39,1.0,2826,alta,cadena,1.0,,251793292.0
844832,"Machines: parts and accessories of machines or auxiliary machinery for preparing textile fibres, other than card clothing",S39,1.0,2826,alta,cadena,1.0,,352048521.3333333
844833,"Machines: parts and accessories of machines or auxiliary machinery, spindles, spindle flyers, spinning rings and ring travellers",S39,1.0,2826,alta,cadena,1.0,,174201149.0
844839,"Machines: parts and accessories of machines or auxiliary machinery of heading no. 8445, n.e.s. in item no. 8448.3",S39,1.0,2826,alta,cadena,1.0,,758300678.0
844841,Weaving machines (looms): parts and accessories of machines or auxiliary machinery shuttles,S39,1.0,2826,alta,cadena,1.0,,14220817.333333334
844842,"Weaving machines (looms): parts including their auxiliary machinery, and accessories thereof, reeds for looms, healds and heald-frames",S39,1.0,2826,alta,cadena,1.0,,72223898.0
844849,"Weaving machines (looms): parts including their auxiliary machinery, and accessories thereof n.e.s. in item no. 8448.4",S39,1.0,2826,alta,cadena,1.0,,727636873.6666666
844851,"Machines: parts and accessories of machines of heading no. 8447 or auxiliary machinery, sinkers, needles and other articles used in forming stitches",S39,1.0,2826,alta,cadena,1.0,,420903408.0
844859,"Machines: parts and accessories of machines or auxiliary machinery of heading no. 8447, other than sinkers, needles and other articles used in forming stitches",S39,1.0,2826,alta,cadena,1.0,,524719564.6666667
844900,"Machinery: for manufacture or finishing felt or non-wovens in the piece or in shapes, including machinery for making felt hats, blocks for making hats",S39,1.0,2826,alta,cadena,1.0,,834986324.0
845011,"Washing machines: household or laundry-type, fully-automatic, (of a dry linen capacity not exceeding 10kg)",S40,1.0,2750,alta,cadena,1.0,,8328644757.333333
845012,"Washing machines: household or laundry-type, with built-in centrifugal drier, (not fully-automatic), of a dry linen capacity not exceeding 10kg",S40,1.0,2750,alta,cadena,1.0,,560018748.6666666
845019,"Washing machines: household or laundry-type, not fully-automatic, without built-in centrifugal drier, of a dry linen capacity not exceeding 10kg",S40,1.0,2750,alta,cadena,1.0,,223569065.0
845020,"Washing machines: household or laundry-type, of a dry linen capacity exceeding 10kg",S39,1.0,2826,alta,cadena,1.0,,4622946508.333333
845090,Washing machines: parts for household or laundry-type,S39,1.0,2826,alta,cadena,1.0,,1910767865.0
845110,Dry-cleaning machines,S39,1.0,2826,alta,cadena,1.0,,71953111.33333333
845121,Drying machines: of a dry linen capacity not exceeding 10kg,S40,1.0,2750,alta,cadena,1.0,,2903332727.3333335
845129,Drying machines: of a dry linen capacity exceeding 10kg,S39,1.0,2826,alta,cadena,1.0,,1788916018.6666667
845130,Ironing machines and presses (including fusing presses),S39,1.0,2826,alta,cadena,1.0,,460277628.6666667
845140,"Machines: for washing, bleaching or dyeing",S39,1.0,2826,alta,cadena,1.0,,705914573.3333334
845150,"Machines: for reeling, unreeling, folding, cutting or pinking textile fabrics",S39,1.0,2826,alta,cadena,1.0,,808154929.0
845180,"Machinery: for wringing, dressing, finishing, coating or impregnating textile yarns, fabrics or made up textile articles: for applying paste to base fabric used in manufacture of floor coverings",S39,1.0,2826,alta,cadena,1.0,,1061367719.6666666
845190,"Machinery: parts, of the machinery of heading no. 8451",S39,1.0,2826,alta,cadena,1.0,,828303249.0
845210,Sewing machines: of the household type,S39,1.0,2826,alta,cadena,1.0,,936723704.0
845221,"Sewing machines: (not household type), automatic units",S39,1.0,2826,alta,cadena,1.0,,1409243327.6666667
845229,Sewing machines: not household or automatic unit type,S39,1.0,2826,alta,cadena,1.0,,1264493399.0
845230,Sewing machine needles,S39,1.0,2826,alta,cadena,1.0,,187445929.0
845240,Sewing machine furniture: bases and covers and parts thereof,S39,1.0,2826,alta,cadena,1.0,,
845290,Sewing machines: parts n.e.s. in item no. 8452.4,S39,1.0,2826,alta,cadena,1.0,,927640782.3333334
845310,"Machinery: for preparing, tanning or working hides, skins or leather, other than sewing machines",S39,1.0,2826,alta,cadena,1.0,,228849611.66666666
845320,"Machinery: for making or repairing footwear, other than sewing machines",S39,1.0,2826,alta,cadena,1.0,,467892221.6666667
845380,"Machinery: for making or repairing articles of hides, skins or leather, other than sewing machines",S39,1.0,2826,alta,cadena,1.0,,101554689.66666667
845390,"Machinery: parts of those for preparing, tanning or working hides, skins or leather, for making or repairing footwear or other articles of hides, skin or leather, other than sewing machines",S39,1.0,2826,alta,cadena,1.0,,243001738.33333334
845410,Converters: of a type used in metallurgy or in metal foundries,S39,1.0,2823,alta,cadena,1.0,,81203833.66666667
845420,Ingot moulds and ladles: of a kind used in metallurgy or in metal foundries,S39,1.0,2823,alta,cadena,1.0,,214486627.0
845430,Casting machines: of a kind used in metallurgy or in metal foundries,S39,1.0,2823,alta,cadena,1.0,,979053779.6666666
845490,"Machines: parts of converters, ladles, ingot moulds and casting machines, of a kind used in metallurgy or in metal foundries",S39,1.0,2823,alta,cadena,1.0,,1562671576.3333333
845510,Metal-rolling mills: tube mills,S39,1.0,2823,alta,cadena,1.0,,259536817.66666666
845521,Metal-rolling mills: hot or combination hot and cold rolling mills,S39,1.0,2823,alta,cadena,1.0,,610918632.6666666
845522,Metal-rolling mills: cold,S39,1.0,2823,alta,cadena,1.0,,599911190.6666666
845530,Metal-rolling mills: rolls thereof,S39,1.0,2823,alta,cadena,1.0,,1923909186.3333333
845590,Metal-rolling mills: parts thereof,S39,1.0,2823,alta,cadena,1.0,,2203612166.0
845610,Machine-tools: operated by laser or other light or photon beam process,S39,1.0,2822,alta,cadena,1.0,,5885426136.666667
845620,Machine-tools: operated by ultrasonic processes,S39,1.0,2822,alta,cadena,1.0,,77828290.0
845630,Machine-tools: operated by electro-discharge processes,S39,1.0,2822,alta,cadena,1.0,,805535609.6666666
845690,Machine-tools: operated by processes n.e.s. in heading no. 8456,S39,1.0,"2822,2829",alta,cadena,0.9999999999999998,,34999921422.333336
845710,Machining centres: for working metal,S39,1.0,2822,alta,cadena,1.0,,8343670186.333333
845720,"Machines: unit construction machines (single station), for working metal",S39,1.0,2822,alta,cadena,1.0,,93264196.0
845730,"Metal machines: multi-station transfer machines, for working metal",S39,1.0,2822,alta,cadena,1.0,,612437505.3333334
845811,"Lathes: for removing metal, horizontal, numerically controlled",S39,1.0,2822,alta,cadena,1.0,,5041930419.333333
845819,"Lathes: for removing metal, horizontal, other than numerically controlled",S39,1.0,2822,alta,cadena,1.0,,369037684.3333333
845891,"Lathes: for removing metal, numerically controlled, other than horizontal lathes",S39,1.0,2822,alta,cadena,1.0,,1089351007.0
845899,"Lathes: for removing metal, other than horizontal or numerically controlled lathes",S39,1.0,2822,alta,cadena,1.0,,207489437.33333334
845910,"Machine-tools: way-type unit head machines, for drilling, boring, milling, threading or tapping by removing metal, other than lathes of heading no. 8458",S39,1.0,2822,alta,cadena,1.0,,53218933.333333336
845921,"Machine-tools: for drilling by removing metal, numerically controlled",S39,1.0,2822,alta,cadena,1.0,,271650720.6666667
845929,"Machine-tools: for drilling by removing metal, other than numerically controlled",S39,1.0,2822,alta,cadena,1.0,,327926669.3333333
845931,"Machine-tools: for boring-milling by removing metal, numerically controlled",S39,1.0,2822,alta,cadena,1.0,,569817961.3333334
845939,"Machine-tools: for boring-milling by removing metal, other than numerically controlled",S39,1.0,2822,alta,cadena,1.0,,61657055.0
845940,"Machine-tools: for boring by removing metal, n.e.s. in item no. 8459.31 and 8459.39",S39,1.0,2822,alta,cadena,1.0,,128976856.33333333
845951,"Machine-tools: for milling by removing metal, knee-type, numerically controlled",S39,1.0,2822,alta,cadena,1.0,,55283732.0
845959,"Machine-tools: for milling by removing metal, knee-type, other than numerically controlled",S39,1.0,2822,alta,cadena,1.0,,80155434.66666667
845961,"Machine-tools: for milling by removing metal, (not knee-type), numerically controlled",S39,1.0,2822,alta,cadena,1.0,,873621867.6666666
845969,"Machine-tools: for milling by removing metal, not knee-type, other than numerically controlled",S39,1.0,2822,alta,cadena,1.0,,283713517.6666667
845970,Machine-tools: for threading or tapping by removing metal,S39,1.0,2822,alta,cadena,1.0,,145201203.33333334
846011,"Machine-tools: flat-surface grinding machines, in which positioning in any one axis can be set up to an accuracy of 0.01mm or better, numerically controlled",S39,1.0,2822,alta,cadena,1.0,,338519053.6666667
846019,"Machine-tools: flat-surface grinding machines, in which positioning in any one axis can be set up to an accuracy of 0.01mm or better, other than numerically controlled",S39,1.0,2822,alta,cadena,1.0,,176593143.0
846021,"Machine-tools: grinding machines (other than flat-surface), in which positioning in any one axis can be set up to at least an accuracy of 0.01mm, numerically controlled",S39,1.0,2822,alta,cadena,1.0,,1492908718.6666667
846029,"Machine-tools: grinding machines (other than flat-surface), in which positioning in any one axis can be set up to at least an accuracy of 0.01mm, other than numerically controlled",S39,1.0,2822,alta,cadena,1.0,,232723195.66666666
846031,"Machine-tools: sharpening (tool or cutter grinding) machines, numerically controlled",S39,1.0,2822,alta,cadena,1.0,,430826176.6666667
846039,"Machine-tools: sharpening (tool or cutter grinding) machines, other than numerically controlled",S39,1.0,2822,alta,cadena,1.0,,180839975.33333334
846040,Machine-tools: for honing or lapping,S39,1.0,2822,alta,cadena,1.0,,328074674.0
846090,"Machine-tools: for deburring, polishing or otherwise finishing metal, sintered metal carbides or cermets by means of grinding stones, abrasives or polishing products, n.e.s. in heading no. 8460",S39,1.0,2822,alta,cadena,1.0,,787397434.3333334
846110,"Machine-tools: planing machines, working by removing metal, sintered metal carbides or cermets",S39,1.0,2822,alta,cadena,1.0,,32857673.666666668
846120,"Machine-tools: shaping or slotting machines, working by removing metal, sintered metal carbides or cermets",S39,1.0,2822,alta,cadena,1.0,,56480037.333333336
846130,"Machine-tools: broaching machines, working by removing metal, sintered metal carbides or cermets",S39,1.0,2822,alta,cadena,1.0,,69187626.66666667
846140,"Machine-tools: gear cutting, gear grinding or gear finishing machines, working by removing metal, sintered metal carbides or cermets",S39,1.0,2822,alta,cadena,1.0,,1040118780.0
846150,"Machine-tools: sawing or cutting-off machines, working by removing metal, sintered metal carbides or cermets",S39,1.0,2822,alta,cadena,1.0,,1139766211.3333333
846190,"Machine-tools: working by removing metal, sintered metal carbides or cermets, n.e.s. in heading no. 8461",S39,1.0,2822,alta,cadena,1.0,,207199538.0
846210,"Machine-tools: forging or die-stamping machines (including presses) and hammers, for working metal",S39,1.0,2822,alta,cadena,1.0,,1284370672.3333333
846221,"Machine-tools: bending, folding, straightening or flattening machines (including presses), numerically controlled, for working metal",S39,1.0,2822,alta,cadena,1.0,,2308311945.3333335
846229,"Machine-tools: bending, folding, straightening or flattening machines (including presses), (other than numerically controlled), for working metal",S39,1.0,2822,alta,cadena,1.0,,1398596503.0
846231,"Machine-tools: shearing machines (including presses), (other than combined punching and shearing machines), numerically controlled, for working metal",S39,1.0,2822,alta,cadena,1.0,,527704122.0
846239,"Machine-tools: shearing machines (including presses), (other than combined punching and shearing machines, other than numerically controlled), for working metal",S39,1.0,2822,alta,cadena,1.0,,577586997.6666666
846241,"Machine-tools: punching or notching machines (including presses), including combined punching and shearing machines, numerically controlled, for working metal",S39,1.0,2822,alta,cadena,1.0,,1177380854.3333333
846249,"Machine-tools: punching or notching machines (including presses), including combined punching and shearing machines, (not numerically controlled), for working metal",S39,1.0,2822,alta,cadena,1.0,,528010440.6666667
846291,"Machine-tools: presses for working metal or metal carbides, n.e.s. in heading no. 8462, hydraulic presses",S39,1.0,2822,alta,cadena,1.0,,981725565.0
846299,"Machine-tools: presses for working metal or metal carbides, n.e.s. in heading no. 8462, other than hydraulic presses",S39,1.0,2822,alta,cadena,1.0,,943233210.6666666
846310,"Machine-tools: for working metal, sintered metal carbides or cermets, without removing material, draw-benches for bars, tubes, profiles, wire or the like",S39,1.0,2822,alta,cadena,1.0,,497325749.6666667
846320,"Machine-tools: for working metal, sintered metal carbides or cermets, without removing material, thread rolling machines",S39,1.0,2822,alta,cadena,1.0,,107971154.0
846330,"Machine-tools: machines for working wire, without removing material",S39,1.0,2822,alta,cadena,1.0,,489391476.6666667
846390,"Machine-tools: for working metal, sintered metal carbides or cermets, without removing material, n.e.s. in heading no. 8463",S39,1.0,2822,alta,cadena,1.0,,1119298387.0
846410,"Machine-tools: sawing machines, for working stone, ceramics, concrete, asbestos-cement or like mineral materials or for cold working glass",S39,1.0,2822,alta,cadena,1.0,,580386691.6666666
846420,"Machine-tools: grinding or polishing machines, for working stone, ceramics, concrete, asbestos-cement or like mineral materials or for cold working glass",S39,1.0,"2822,2829",alta,cadena,1.0,,1753532612.3333333
846490,"Machine-tools: for working stone, ceramics, concrete, asbestos-cement or like mineral materials or for cold working glass, (other than sawing, grinding or polishing machines)",S39,1.0,2822,alta,cadena,1.0,,960786005.6666666
846510,"Machine-tools: which can carry out different types of machining operations without tool change between such operations, for working wood, cork, bone, hard rubber, hard plastics or similar",S39,1.0,2822,alta,cadena,1.0,,1166845313.3333333
846591,"Machine-tools: sawing machines, for working wood, cork, bone, hard rubber, hard plastics or similar hard materials",S39,1.0,2822,alta,cadena,1.0,,2192008664.6666665
846592,"Machine-tools: planing, milling or moulding (by cutting) machines, for working wood, cork, bone, hard rubber, hard plastics or similar hard materials",S39,1.0,2822,alta,cadena,1.0,,901541374.6666666
846593,"Machine-tools: grinding, sanding or polishing machines, for working wood, cork, bone, hard rubber, hard plastics or similar hard materials",S39,1.0,2822,alta,cadena,1.0,,479133483.3333333
846594,"Machine-tools: bending or assembling machines, for working wood, cork, bone, hard rubber, hard plastics or similar hard materials",S39,1.0,2822,alta,cadena,1.0,,529660864.6666667
846595,"Machine-tools: drilling or morticing machines, for working wood, cork, bone, hard rubber, hard plastics or similar hard materials",S39,1.0,2822,alta,cadena,1.0,,806387869.3333334
846596,"Machine-tools: splitting, slicing or paring machines, for working wood, cork, bone, hard rubber, hard plastics or similar hard materials",S39,1.0,2822,alta,cadena,1.0,,738277119.0
846599,"Machine-tools: n.e.s. in heading no. 8465, for working wood, cork, bone, hard rubber, hard plastics or similar hard materials",S39,1.0,2822,alta,cadena,1.0,,1972658811.6666667
846610,"Machine-tools: parts and accessories, tool holders and self-opening dieheads",S39,1.0,2822,alta,cadena,1.0,,2826445482.3333335
846620,"Machine-tools: parts and accessories, work holders",S39,1.0,"2822,2829",alta,cadena,1.0,,3197323860.6666665
846630,"Machine-tools: parts and accessories, dividing heads and other special attachments for machine-tools",S39,1.0,2822,alta,cadena,1.0,,817164232.6666666
846691,"Machine-tools: parts and accessories, for the machines of heading no. 8464",S39,1.0,"2822,2829",alta,cadena,1.0,,1354360266.0
846692,"Machine-tools: parts and accessories, for the machines of heading no. 8465",S39,1.0,"2822,2829",alta,cadena,1.0,,1881214981.3333333
846693,"Machine-tools: parts and accessories, for the machines of heading no. 8456 to 8461",S39,1.0,"2822,2829",alta,cadena,1.0,,11786059060.666666
846694,"Machine-tools: parts and accessories, of the machines of heading no. 8462 or 8463",S39,1.0,2822,alta,cadena,1.0,,3909262152.6666665
846711,"Tools: for working in the hand, pneumatic, rotary type (including combined rotary-percussion)",S39,1.0,2818,alta,cadena,1.0,,895898943.6666666
846719,"Tools: for working in the hand, pneumatic, other than rotary type",S39,1.0,2818,alta,cadena,1.0,,873314068.0
846781,"Tools: for working in the hand, chain saws with self-contained non-electric motor",S39,1.0,2818,alta,cadena,1.0,,1077618694.6666667
846789,"Tools: for working in the hand, (other than chain saws), with self-contained non-electric motor",S39,1.0,2818,alta,cadena,1.0,,2045665407.3333333
846791,"Tools: for working in the hand, parts of chain saws, with self-contained non-electric motor",S39,1.0,2818,alta,cadena,1.0,,384983679.3333333
846792,"Tools: for working in the hand, parts of pneumatic tools",S39,1.0,2818,alta,cadena,1.0,,549692862.3333334
846799,"Tools: for working in the hand, parts n.e.s. in item no. 8467.9",S39,1.0,2818,alta,cadena,1.0,,783401232.0
846810,"Machinery and apparatus: hand-held blow pipes for soldering, brazing or welding, whether or not capable of cutting",S39,1.0,2819,alta,cadena,1.0,,198648008.33333334
846820,"Machinery and apparatus: gas operated machinery and apparatus n.e.s. in item no. 8468.10, for soldering, brazing or welding, whether or not capable of cutting",S39,1.0,2819,alta,cadena,1.0,,142127346.0
846880,"Machinery and apparatus: for soldering, brazing or welding, whether or not capable of cutting, n.e.s. in heading no. 8468",S39,1.0,2819,alta,cadena,1.0,,296175596.3333333
846890,"Machinery and apparatus: parts, soldering, brazing or welding, whether or not capable of cutting, parts thereof",S39,1.0,2819,alta,cadena,1.0,,419977101.0
846910,"Typewriters, automatic and word processing machines",S39,0.9999999087503298,2817,alta,cadena,0.9999999999999997,,
846910,"Typewriters, automatic and word processing machines",S40,9.124967013671725e-08,2620,alta,cadena,0.9999999999999997,,
846921,"Typewriters: electric, weighing not more than 12kg, excluding case",S39,1.0,2817,alta,cadena,1.0,,
846929,"Typewriters: electric, weighing more than 12kg, excluding case",S39,1.0,2817,alta,cadena,1.0,,
846931,"Typewriters: non-electric, weighing not more than 12kg, excluding case",S39,1.0,2817,alta,cadena,1.0,,
846939,"Typewriters: non-electric, weighing more than 12kg, excluding case",S39,1.0,2817,alta,cadena,1.0,,
847010,"Calculators: electronic, capable of operation without an external source of electric power",S39,1.0,2817,alta,cadena,1.0,,633537774.3333334
847021,"Calculating machines: electronic, incorporating a printing device, needing an external source of power",S39,1.0,2817,alta,cadena,1.0,,107695039.66666667
847029,"Calculating machines: electronic, (not incorporating a printing device), needing an external power source",S39,1.0,2817,alta,cadena,1.0,,69661848.66666667
847030,Calculating machines: non-electronic,S39,1.0,2817,alta,cadena,1.0,,34736586.333333336
847040,Accounting machines,S39,1.0,2817,alta,cadena,1.0,,10621836.0
847050,Cash registers,S39,0.5,2817,baja,cadena,1.0,,4473161377.0
847050,Cash registers,S40,0.5,2620,baja,cadena,1.0,,4473161377.0
847090,"Postage-franking machines, ticket-issuing machines which print tickets",S39,1.0,2817,alta,cadena,1.0,,725093183.6666666
847110,Data processing machines: analogue or hybrid automatic type,S40,1.0,2620,alta,cadena,1.0,,4794742376.0
847120,"Data processing machines: digital automatic, containing in the same housing at least a central processing unit and input and output unit, whether or not combined",S40,1.0,2620,alta,cadena,0.9999999999999997,,85613892980.66667
847191,"Digital processing units: whether or not presented with the rest of a system, which may contain in the same housing one or two of the following: storage units, input units, output units",S40,1.0,2620,alta,cadena,1.0,,111171584719.33333
847192,"Data processing machinery: input or output units, whether or not presented with the rest of a system or containing storage units in the same housing",S40,0.9953446260093747,2620,alta,cadena,1.0,,70594635127.0
847192,"Data processing machinery: input or output units, whether or not presented with the rest of a system or containing storage units in the same housing",S39,0.004655373990625279,2817,alta,cadena,1.0,,70594635127.0
847193,"Data processing machinery: storage units, whether or not presented with the rest of a system",S40,1.0,2620,alta,cadena,0.9999999999999998,,81618577596.33333
847199,Data processing machinery: n.e.s in heading no. 8471,S40,0.999999997797039,"2610,2620,2630,2710,2790",alta,cadena,0.9999999999999999,,129785062976.66667
847199,Data processing machinery: n.e.s in heading no. 8471,S39,2.202961080061883e-09,2817,alta,cadena,0.9999999999999999,,129785062976.66667
847210,Duplicating machines,S39,1.0,2817,alta,cadena,1.0,,45328260.0
847220,Addressing machines and address plate embossing machines,S39,0.5,2817,baja,cadena,1.0,,
847220,Addressing machines and address plate embossing machines,S40,0.5,2620,baja,cadena,1.0,,
847230,"Machines: for sorting or folding mail or for inserting mail in envelopes or bands, for opening, closing or sealing mail, for affixing or cancelling postage stamps",S39,1.0,2817,alta,cadena,1.0,,202403467.0
847290,"Office machines: automatic banknote dispensers, coin-sorting machines, coin-counting or wrapping machines, pencil-sharpening machines, perforating or stapling machines",S39,0.648228029844969,2817,media,cadena,1.0,,5562648738.666667
847290,"Office machines: automatic banknote dispensers, coin-sorting machines, coin-counting or wrapping machines, pencil-sharpening machines, perforating or stapling machines",S40,0.35177197015503103,2620,media,cadena,1.0,,5562648738.666667
847310,Typewriters and word-processing machines: parts and accessories of heading no. 8469,S39,0.9999987634924691,2817,alta,cadena,0.9999999999999999,,108197228.0
847310,Typewriters and word-processing machines: parts and accessories of heading no. 8469,S40,1.2365075308696686e-06,2620,alta,cadena,0.9999999999999999,,108197228.0
847321,"Calculating machines: parts and accessories of item no. 8470.10, 8470.21 or 8470.29",S39,0.9999999054900238,2817,alta,cadena,1.0000000000000002,,389453772.3333333
847321,"Calculating machines: parts and accessories of item no. 8470.10, 8470.21 or 8470.29",S40,9.450997610784102e-08,2620,alta,cadena,1.0000000000000002,,389453772.3333333
847329,"Machines: parts and accessories of heading no. 8470, (not of 8470.10, 8470.21 or 8470.29)",S40,0.5000002601610996,2620,baja,cadena,1.0,,1526770421.6666667
847329,"Machines: parts and accessories of heading no. 8470, (not of 8470.10, 8470.21 or 8470.29)",S39,0.4999997398389005,2817,baja,cadena,1.0,,1526770421.6666667
847330,"Machines: parts and accessories of automatic data processing, magnetic or optical readers, digital processing units",S40,0.9161233356821742,"2620,2630,2640,2651",media,cadena,0.9999999999999998,,154966985085.33334
847330,"Machines: parts and accessories of automatic data processing, magnetic or optical readers, digital processing units",S39,0.0838766643178258,"2817,2829",media,cadena,0.9999999999999998,,154966985085.33334
847340,"Machines: parts and accessories, of heading no. 8472",S39,0.8726180978809858,"2817,2829",media,cadena,0.9999999999999998,,5849138165.333333
847340,"Machines: parts and accessories, of heading no. 8472",S40,0.1273819021190142,2620,media,cadena,0.9999999999999998,,5849138165.333333
847410,"Machines: for sorting, screening, separating or washing earth, stone, ores or other mineral substances",S39,1.0,2824,alta,cadena,1.0,,2642712158.3333335
847420,"Machines: for crushing or grinding earth, stone, ores or other mineral substances",S39,1.0,2824,alta,cadena,1.0,,3697410326.6666665
847431,Machines: concrete or mortar mixers,S39,1.0,2824,alta,cadena,1.0,,1109691281.3333333
847432,Machines: for mixing mineral substances with bitumen,S39,1.0,2824,alta,cadena,1.0,,494896513.0
847439,"Machines: for mixing or kneading mineral substances, excluding concrete mixers and machines for mixing mineral substances with bitumen",S39,1.0,2824,alta,cadena,1.0,,575037215.0
847480,"Machines: for agglomerating, shaping or moulding solid mineral fuels, ceramic paste, unhardened cements, plastering materials in powder or paste form, machines for forming foundry moulds of sand",S39,1.0,2824,alta,cadena,1.0,,1991823331.6666667
847490,"Machines, for sorting, screening, separating, washing, crushing etc mineral substances, for agglomerating, shaping or moulding solid fuels, ceramic pastes etc, for forming foundry moulds of sand: parts",S39,1.0,2824,alta,cadena,1.0,,8657148933.666666
847510,"Machines: for assembling electric or electronic lamps, tubes, valves or flashbulbs, in glass envelopes",S39,1.0,2829,alta,cadena,1.0,,87163459.66666667
847520,Machines: for manufacturing or hot working glass or glassware,S39,1.0,2829,alta,cadena,0.9999999999999999,,1306833883.6666667
847590,"Machines: parts, of those for assembling electric or electronic lamps, tubes, valves or flashbulbs, in glass envelopes and manufacturing or hot working glass or glassware",S39,1.0,2829,alta,cadena,1.0,,4304502646.333333
847611,"Machines: automatic goods-vending machines, incorporating heating or refrigerating devices (eg food or beverage machines)",S39,1.0,2819,alta,cadena,1.0,,729745971.0
847619,"Machines: automatic goods-vending machines, not incorporating heating or refrigerating devices (eg postage stamp, cigarette, food or beverages and money-changing machines)",S39,1.0,2819,alta,cadena,0.9999999999999998,,527161330.0
847690,Machines: parts of automatic goods-vending machines,S39,1.0,2819,alta,cadena,1.0,,842619728.6666666
847710,"Machinery: injection moulding, for rubber or plastics",S39,1.0,2829,alta,cadena,1.0,,5077687611.333333
847720,"Machinery: extruding, for rubber or plastics",S39,1.0,2829,alta,cadena,1.0,,3462541340.0
847730,"Machinery: blow moulding, for rubber or plastics",S39,1.0,2829,alta,cadena,1.0,,1434823374.6666667
847740,Machinery: vacuum moulding and other thermoforming machines for rubber or plastics,S39,1.0,2829,alta,cadena,1.0,,993447240.6666666
847751,Machinery: for moulding or retreading pneumatic tyres or for moulding or otherwise forming inner tubes,S39,1.0,2829,alta,cadena,1.0,,492957687.6666667
847759,"Machinery: for moulding or forming, other than for moulding or retreading pneumatic tyres or for moulding or otherwise forming inner tubes",S39,1.0,2829,alta,cadena,1.0,,1304175484.3333333
847780,Machinery: for working rubber or plastics n.e.s. in heading no. 8477,S39,1.0,2829,alta,cadena,1.0,,8957251891.666666
847790,Machinery: parts of those for working rubber or plastics,S39,1.0,2829,alta,cadena,1.0,,8210301716.666667
847810,"Machinery: for preparing or making up tobacco, n.e.s. in this chapter",S39,1.0,2825,alta,cadena,1.0,,659305092.6666666
847890,"Machinery: parts of those for preparing or making up tobacco, n.e.s. in this chapter",S39,1.0,2825,alta,cadena,1.0,,234050688.0
847910,"Machinery and mechanical appliances: for public works, building or the like",S39,1.0,"2818,2824",alta,cadena,1.0,,3048511219.3333335
847920,Machinery: for the extraction or preparation of animal or fixed vegetable fats or oils,S39,1.0,2825,alta,cadena,1.0,,735624661.3333334
847930,Machinery and mechanical appliances: presses for the manufacture of particle or fibre building board of wood or other ligneous materials and other machinery for treating wood or cork,S39,1.0,2822,alta,cadena,1.0,,970972269.6666666
847940,Machines: for making rope or cable,S39,1.0,2829,alta,cadena,1.0,,919315445.3333334
847981,"Machines and mechanical appliances: for treating metal, including electric wire coil-winders",S39,1.0,2829,alta,cadena,0.9999999999999998,,3631772021.3333335
847982,"Machines: for mixing, kneading, crushing, grinding, screening, sifting, homogenising, emulsifying or stirring",S39,1.0,2829,alta,cadena,1.0,,7351949938.666667
847989,"Machines and mechanical appliances: n.e.s. in item no. 8479.8, having individual functions",S39,1.0,"2818,2822,2829",alta,cadena,1.0000922730619022,,70791292144.33333
847990,"Machines and mechanical appliances: parts, of those having individual functions",S39,0.9651965196519653,"2822,2829",alta,cadena,0.9999,,27717360659.666668
847990,"Machines and mechanical appliances: parts, of those having individual functions",S40,0.0348034803480348,2750,alta,cadena,0.9999,,27717360659.666668
848010,Moulding boxes: for metal foundry,S38,1.0,2593,alta,cadena,1.0,,133974046.66666667
848020,"Mould bases: for metal, metal carbides, glass, mineral materials, rubber or plastics",S38,1.0,2593,alta,cadena,1.0,,233410115.66666666
848030,"Moulding patterns: of metal, metal carbides, glass, mineral materials, rubber or plastics",S38,1.0,2593,alta,cadena,1.0,,212426947.0
848041,"Moulds: for metal or metal carbides, injection or compression types",S38,1.0,2593,alta,cadena,1.0,,1207731359.3333333
848049,"Moulds: for metal or metal carbides, other than injection or compression types",S38,1.0,2593,alta,cadena,1.0,,649983728.6666666
848050,Moulds: for glass,S38,1.0,2593,alta,cadena,1.0,,610819180.0
848060,Moulds: for mineral materials,S38,1.0,2593,alta,cadena,1.0,,1127379485.6666667
848071,"Moulds: for rubber or plastics, injection or compression types",S38,1.0,2593,alta,cadena,1.0,,11858054662.666666
848079,"Moulds: for rubber or plastics, other than injection or compression types",S38,1.0,2593,alta,cadena,1.0,,1999704363.3333333
848110,"Valves: pressure reducing, for pipes, boiler shells, tanks, vats or the like",S39,1.0,2813,alta,cadena,1.0,,3392553360.3333335
848120,Valves: for oleohydraulic or pneumatic transmissions,S39,1.0,2813,alta,cadena,1.0,,12999213990.0
848130,"Valves: check valves, for pipes, boiler shells, tanks, vats or the like",S39,1.0,2813,alta,cadena,1.0,,3207621523.3333335
848140,"Valves: safety or relief valves, for pipes, boiler shells, tanks, vats or the like",S39,1.0,2813,alta,cadena,1.0,,4485422958.333333
848180,"Taps, cocks, valves and similar appliances: for pipes, boiler shells, tanks, vats or the like, including thermostatically controlled valves",S39,1.0,2813,alta,cadena,1.0,,59148310756.0
848190,"Taps, cocks, valves and similar appliances: parts thereof",S39,1.0,2813,alta,cadena,1.0,,18902389225.0
848210,Ball bearings,S39,1.0,2814,alta,cadena,1.0,,13288764645.666666
848220,"Bearings: tapered roller bearings, including cone and tapered roller assemblies",S39,1.0,2814,alta,cadena,1.0,,4638153355.0
848230,Bearings: spherical roller bearings,S39,1.0,2814,alta,cadena,1.0,,1922511319.0
848240,Bearings: needle roller bearings,S39,1.0,2814,alta,cadena,1.0,,1282749415.0
848250,Bearings: cylindrical roller bearings n.e.s. in heading no. 8482,S39,1.0,2814,alta,cadena,1.0,,3252082575.6666665
848280,"Bearings: n.e.s. in heading no. 8482, including combined ball/roller",S39,1.0,2814,alta,cadena,1.0,,1180769668.0
848291,"Bearings: parts, balls, needles and rollers",S39,1.0,2814,alta,cadena,1.0,,1439941376.3333333
848299,"Bearings: parts, (other than balls, needles and rollers)",S39,1.0,2814,alta,cadena,1.0,,4332759385.666667
848310,Transmission shafts (including cam shafts and crank shafts) and cranks,S39,1.0,2814,alta,cadena,1.0,,12607799514.333334
848320,"Bearing housings, incorporating ball or roller bearings",S39,1.0,2814,alta,cadena,1.0,,1187415126.6666667
848330,"Bearing housings, not incorporating ball or roller bearings and plain shaft bearings",S39,1.0,2814,alta,cadena,1.0,,7031593551.0
848340,"Gears and gearing: (not toothed wheels, chain sprockets and other transmission elements presented separately): ball screws: gear boxes and other speed changers, including torque converters",S39,1.0,2814,alta,cadena,1.0,,20728974324.0
848350,"Pulleys and flywheels, including pulley blocks",S39,1.0,2814,alta,cadena,1.0,,5533737774.666667
848360,Clutches and shaft couplings (including universal joints),S39,1.0,2814,alta,cadena,1.0,,3518716978.6666665
848390,"Transmission components: parts of those components of heading no. 8483, designed for use solely or principally with a particular machine or appliance",S39,1.0,2814,alta,cadena,1.0,,13392763904.333334
848410,Gaskets and similar joints: of metal sheeting combined with other material or two or more layers of metal,S39,1.0,2819,alta,cadena,1.0,,2649653016.6666665
848490,"Gasket sets or assortments of gaskets and similar joints: dissimilar in composition, put up in pouches, envelopes or similar packings",S39,1.0,2819,alta,cadena,1.0,,2000733886.6666667
848510,Ships' propellers and blades therefor,S38,1.0,2599,alta,cadena,1.0,,1020191617.6666666
848590,"Machinery: parts, not containing electrical connectors, insulators, coils, contacts or other electrical features, n.e.s. in chapter 84",S39,1.0,"2814,2819",alta,cadena,0.9999999999999999,,11884024902.666666
850110,Electric motors: of an output not exceeding 37.5W,S40,1.0,2710,alta,cadena,1.0,,13530242792.0
850120,Electric motors: universal AC/DC of an output exceeding 37.5W,S40,1.0,2710,alta,cadena,1.0,,974772303.0
850131,"Electric motors and generators: DC, of an output not exceeding 750W",S40,1.0,2710,alta,cadena,1.0,,12573825092.0
850132,"Electric motors and generators: DC, of an output exceeding 750W but not exceeding 75kW",S40,1.0,2710,alta,cadena,1.0,,3009057352.3333335
850133,"Electric motors and generators: DC, of an output exceeding 75kW but not exceeding 375kW",S40,1.0,2710,alta,cadena,1.0,,529128628.6666667
850134,"Electric motors and generators: DC, of an output exceeding 375kW",S40,1.0,2710,alta,cadena,1.0,,480177217.3333333
850140,"Electric motors: AC motors, single-phase",S40,1.0,2710,alta,cadena,1.0,,5876887693.666667
850151,"Electric motors: AC motors, multi-phase, of an output not exceeding 750W",S40,1.0,2710,alta,cadena,1.0,,4045958926.6666665
850152,"Electric motors: AC motors, multi-phase, of an output exceeding 750W but not exceeding 75kW",S40,1.0,2710,alta,cadena,1.0,,9871227042.666666
850153,"Electric motors: AC motors, multi-phase, of an output exceeding 75kW",S40,1.0,2710,alta,cadena,1.0,,7697404593.666667
850161,"Generators: AC generators, (alternators), of an output not exceeding 75kVA",S40,1.0,2710,alta,cadena,1.0,,1200014689.3333333
850162,"Electric generators: AC generators, (alternators), of an output exceeding 75kVA but not exceeding 375kVA",S40,1.0,2710,alta,cadena,1.0,,1244518566.6666667
850163,"Electric generators: AC generators, (alternators), of an output exceeding 375kVA but not exceeding 750kVA",S40,1.0,2710,alta,cadena,1.0,,323659563.6666667
850164,"Electric generators: AC generators, (alternators), of an output exceeding 750kVA",S40,1.0,2710,alta,cadena,1.0,,3477911920.6666665
850211,"Electric generating sets: with compression-ignition internal combustion piston engines (diesel or semi-diesel engines), of an output not exceeding 75kVA",S40,1.0,2710,alta,cadena,1.0,,2491650871.6666665
850212,"Electric generating sets: with compression-ignition internal combustion piston engines (diesel or semi-diesel engines), of an output exceeding 75kVA but not exceeding 375kVA",S40,1.0,2710,alta,cadena,1.0,,1975596749.6666667
850213,"Electric generating sets: with compression-ignition internal combustion piston engines (diesel or semi-diesel engines), of an output exceeding 375kVA",S40,1.0,2710,alta,cadena,1.0,,5913566167.333333
850220,Electric generating sets: with spark-ignition internal combustion piston engines,S40,1.0,2710,alta,cadena,1.0,,4746967442.333333
850230,Electric generating sets: n.e.s. in heading no. 8502,S40,1.0,2710,alta,cadena,1.0,,7860599492.666667
850240,Electric rotary converters,S40,1.0,2710,alta,cadena,1.0,,146338949.33333334
850300,Electric motors and generators: parts suitable for use solely or principally with the machines of heading no. 8501 or 8502,S40,1.0,2710,alta,cadena,1.0,,23807081852.666668
850410,Discharge lamps or tubes: ballasts therefor,S40,1.0,"2710,2790",alta,cadena,1.0,,716783468.6666666
850421,"Electrical transformers: liquid dielectric, having a power handling capacity not exceeding 650kVA",S40,1.0,2710,alta,cadena,1.0,,2991036859.6666665
850422,"Electrical transformers: liquid dielectric, having a power handling capacity exceeding 650kVA but not exceeding 10,000kVA",S40,1.0,2710,alta,cadena,1.0,,3710706556.0
850423,"Electrical transformers: liquid dielectric, having a power handling capacity exceeding 10,000kVA",S40,1.0,2710,alta,cadena,1.0,,6602550763.0
850431,"Electrical transformers: n.e.s. in item no. 8504.2, having a power handling capacity not exceeding 1kVA",S40,1.0,2710,alta,cadena,1.0,,5275018946.333333
850432,"Transformers: n.e.s. in item no. 8504.2, having a power handling capacity exceeding 1kVA but not exceeding 16kVA",S40,1.0,2710,alta,cadena,1.0,,925394049.6666666
850433,"Transformers: n.e.s. in item no. 8504.2, having a power handling capacity exceeding 16kVA but not exceeding 500kVA",S40,1.0,2710,alta,cadena,1.0,,1553251376.0
850434,"Transformers: n.e.s. in item no. 8504.2, having a power handling capacity exceeding 500kVA",S40,1.0,2710,alta,cadena,1.0,,1824442218.6666667
850440,Electrical static converters,S40,1.0,"2710,2790",alta,cadena,1.0,,91094931912.33333
850450,Electrical inductors: n.e.s. in heading no. 8504,S40,1.0,"2710,2790",alta,cadena,1.0,,12208141925.0
850490,"Electrical transformers, static converters and inductors: parts thereof",S40,1.0,2710,alta,cadena,1.0,,13376974861.333334
850511,"Magnets: permanent magnets and articles intended to become permanent magnets after magnetisation, of metal",S38,1.0,2599,alta,cadena,1.0,,5642669281.666667
850519,"Magnets: permanent magnets and articles intended to become permanent magnets after magnetisation, other than of metal",S34,1.0,2393,alta,cadena,1.0,,1295752303.6666667
850520,"Magnets: electro-magnetic couplings, clutches and brakes",S40,1.0,2790,alta,cadena,1.0,,935810954.6666666
850530,Magnets: electro-magnetic lifting heads,S40,1.0,2790,alta,cadena,1.0,,407589354.0
850590,"Magnets: electro-magnets, holding devices and parts n.e.s. in heading no. 8505",S40,1.0,2790,alta,cadena,1.0,,2673663652.0
850611,"Cells and batteries: primary, of an external volume not exceeding 300cm3, manganese dioxide",S40,0.9999999979048313,2720,media,cadena,0.9999999999999999,,3627448729.6666665
850611,"Cells and batteries: primary, of an external volume not exceeding 300cm3, manganese dioxide",S47,2.0951687346896867e-09,3830,media,regla_residuos,0.9999999999999999,,3627448729.6666665
850612,"Cells and batteries: primary, of an external volume not exceeding 300cm3, mercuric oxide",S40,0.9999974359820217,2720,media,cadena,0.9999999999999999,,5762405.333333333
850612,"Cells and batteries: primary, of an external volume not exceeding 300cm3, mercuric oxide",S47,2.564017978229349e-06,3830,media,regla_residuos,0.9999999999999999,,5762405.333333333
850613,"Cells and batteries: primary, of an external volume not exceeding 300cm3, silver oxide",S40,0.9999999832501009,2720,media,cadena,0.9999999999999999,,225582441.33333334
850613,"Cells and batteries: primary, of an external volume not exceeding 300cm3, silver oxide",S47,1.674989912393248e-08,3830,media,regla_residuos,0.9999999999999999,,225582441.33333334
850619,"Cells and batteries: primary, of an external volume not exceeding 300cm3, n.e.s. in heading no. 8506",S40,0.9999999989154236,2720,media,cadena,1.0000000000000002,,2573663983.3333335
850619,"Cells and batteries: primary, of an external volume not exceeding 300cm3, n.e.s. in heading no. 8506",S47,1.0845763245175242e-09,3830,media,regla_residuos,1.0000000000000002,,2573663983.3333335
850620,"Cells and batteries: primary, of an external volume exceeding 300cm3",S40,0.9999999947771454,2720,media,cadena,0.9999999999999998,,1225381808.6666667
850620,"Cells and batteries: primary, of an external volume exceeding 300cm3",S47,5.222854619729345e-09,3830,media,regla_residuos,0.9999999999999998,,1225381808.6666667
850690,"Cells and batteries: primary, parts thereof",S40,1.0,2720,alta,cadena,1.0,,517508661.6666667
850710,"Electric accumulators: lead-acid, of a kind used for starting piston engines, including separators, whether or not rectangular (including square)",S40,0.9999999987137626,2720,media,cadena,0.9999999999999999,,11856787595.333334
850710,"Electric accumulators: lead-acid, of a kind used for starting piston engines, including separators, whether or not rectangular (including square)",S47,1.2862374947186442e-09,3830,media,regla_residuos,0.9999999999999999,,11856787595.333334
850720,"Electric accumulators: lead-acid, (other than for starting piston engines), including separators, whether or not rectangular (including square)",S40,0.9999999977228669,2720,media,cadena,1.0,,8354778151.0
850720,"Electric accumulators: lead-acid, (other than for starting piston engines), including separators, whether or not rectangular (including square)",S47,2.277133179565846e-09,3830,media,regla_residuos,1.0,,8354778151.0
850730,"Electric accumulators: nickel-cadmium, including separators, whether or not rectangular (including square)",S40,0.9999999930944512,2720,media,cadena,1.0,,714968162.3333334
850730,"Electric accumulators: nickel-cadmium, including separators, whether or not rectangular (including square)",S47,6.905548844901728e-09,3830,media,regla_residuos,1.0,,714968162.3333334
850740,"Electric accumulators: nickel-iron, including separators, whether or not rectangular (including square)",S40,0.9222690333093977,2720,media,cadena,0.9999999999999999,,132132597.0
850740,"Electric accumulators: nickel-iron, including separators, whether or not rectangular (including square)",S47,0.07773096669060231,3830,media,regla_residuos,0.9999999999999999,,132132597.0
850780,"Electric accumulators: n.e.s. in heading no. 8507, including separators, whether or not rectangular (including square)",S40,0.9999999973963813,2720,media,cadena,1.0,,104430691070.0
850780,"Electric accumulators: n.e.s. in heading no. 8507, including separators, whether or not rectangular (including square)",S47,2.603618633264289e-09,3830,media,regla_residuos,1.0,,104430691070.0
850790,Electric accumulators: parts n.e.s. in heading no. 8507,S40,1.0,2720,alta,cadena,1.0,,6014277248.0
850810,"Electro-mechanical tools: drills of all kinds, for working in the hand, with self-contained electric motor",S39,1.0,2818,alta,cadena,1.0,,4571019784.0
850820,"Electro-mechanical tools: saws, for working in the hand, with self-contained electric motor",S39,1.0,2818,alta,cadena,1.0,,3396152136.3333335
850880,"Electro-mechanical tools: (other than drills and saws), for working in the hand, with self-contained electric motor",S39,1.0,2818,alta,cadena,1.0,,13267595808.333334
850890,Electro-mechanical tools: parts of the tools of heading no. 8508,S39,1.0,"2813,2818,2819",alta,cadena,1.0,,2777278865.0
850910,Electro-mechanical domestic appliances: vacuum cleaners with self-contained electric motor,S40,0.8576,2750,media,cadena,1.0,,13828959376.333334
850910,Electro-mechanical domestic appliances: vacuum cleaners with self-contained electric motor,S39,0.1424,2829,media,cadena,1.0,,13828959376.333334
850920,Electro-mechanical domestic appliances: floor polishers with self-contained electric motor,S40,1.0,2750,alta,cadena,1.0,,
850930,Electro-mechanical domestic appliances: kitchen waste disposers with self-contained electric motor,S40,1.0,2750,alta,cadena,1.0,,388309178.6666667
850940,"Electro-mechanical domestic appliances: food grinders and mixers, fruit or vegetable juice extractors, with self-contained electric motor",S40,1.0,2750,alta,cadena,1.0,,6246015922.666667
850980,"Electro-mechanical domestic appliances: n.e.s. in heading no. 8509, with self-contained electric motor",S40,0.8684823321449646,2750,media,cadena,0.9999999999999999,,10810152313.333334
850980,"Electro-mechanical domestic appliances: n.e.s. in heading no. 8509, with self-contained electric motor",S39,0.13151766785503544,2829,media,cadena,0.9999999999999999,,10810152313.333334
850990,"Electro-mechanical domestic appliances: parts for the appliances of heading no. 8509, with a self-contained electric motor",S40,1.0,2750,alta,cadena,1.0,,2616004338.0
851010,Shavers: with self-contained electric motor,S40,1.0,2750,alta,cadena,1.0,,1908156385.6666667
851020,Hair clippers: with a self-contained electric motor,S40,1.0,2750,alta,cadena,1.0,,2179852935.6666665
851090,Shavers and hair clippers: parts of those with self-contained electric motor,S40,1.0,2750,alta,cadena,1.0,,743992066.3333334
851110,"Ignition or starting equipment: spark plugs, of a kind used for spark or compression-ignition internal combustion engines",S40,0.5,2740,baja,cadena,1.0,,3649741128.6666665
851110,"Ignition or starting equipment: spark plugs, of a kind used for spark or compression-ignition internal combustion engines",S41,0.5,2930,baja,cadena,1.0,,3649741128.6666665
851120,"Ignition or starting equipment: ignition magnetos, magneto-dynamos and magnetic flywheels, of a kind used for spark or compression-ignition internal combustion engines",S40,0.5,2740,baja,cadena,1.0,,176351976.0
851120,"Ignition or starting equipment: ignition magnetos, magneto-dynamos and magnetic flywheels, of a kind used for spark or compression-ignition internal combustion engines",S41,0.5,2930,baja,cadena,1.0,,176351976.0
851130,Ignition or starting equipment: distributors and ignition coils of a kind used for spark-ignition or compression-ignition internal combustion engines,S40,0.5,2740,baja,cadena,1.0,,2009746699.3333333
851130,Ignition or starting equipment: distributors and ignition coils of a kind used for spark-ignition or compression-ignition internal combustion engines,S41,0.5,2930,baja,cadena,1.0,,2009746699.3333333
851140,"Ignition or starting equipment: starter motors and dual purpose starter-generators, of a kind used for spark or compression-ignition internal combustion engines",S40,0.5,2740,baja,cadena,1.0,,5036759663.666667
851140,"Ignition or starting equipment: starter motors and dual purpose starter-generators, of a kind used for spark or compression-ignition internal combustion engines",S41,0.5,2930,baja,cadena,1.0,,5036759663.666667
851150,"Ignition or starting equipment: generators n.e.s. in heading no. 8511, of a kind used for spark or compression-ignition internal combustion engines",S40,0.5,2740,baja,cadena,1.0,,5276787122.333333
851150,"Ignition or starting equipment: generators n.e.s. in heading no. 8511, of a kind used for spark or compression-ignition internal combustion engines",S41,0.5,2930,baja,cadena,1.0,,5276787122.333333
851180,"Ignition or starting equipment: n.e.s. in heading no. 8511, of a kind used for spark or compression-ignition internal combustion engines",S40,0.5,2740,baja,cadena,1.0,,888706050.6666666
851180,"Ignition or starting equipment: n.e.s. in heading no. 8511, of a kind used for spark or compression-ignition internal combustion engines",S41,0.5,2930,baja,cadena,1.0,,888706050.6666666
851190,"Ignition or starting equipment: parts of the equipment of heading no. 8511, for use in spark-ignition or compression-ignition internal combustion engines",S40,0.75,"2630,2740,2790",media,cadena,1.0,,3026238842.3333335
851190,"Ignition or starting equipment: parts of the equipment of heading no. 8511, for use in spark-ignition or compression-ignition internal combustion engines",S41,0.25,2930,media,cadena,1.0,,3026238842.3333335
851210,"Lighting or visual signalling equipment: electrical, of a kind used on bicycles, excluding articles of heading no. 8539",S40,0.5,2740,baja,cadena,1.0,,420393882.3333333
851210,"Lighting or visual signalling equipment: electrical, of a kind used on bicycles, excluding articles of heading no. 8539",S41,0.5,2930,baja,cadena,1.0,,420393882.3333333
851220,"Lighting or visual signalling equipment: electrical, of a kind used on motor vehicles (excluding articles of heading no. 8539)",S40,0.5,2740,baja,cadena,1.0,,23257482688.333332
851220,"Lighting or visual signalling equipment: electrical, of a kind used on motor vehicles (excluding articles of heading no. 8539)",S41,0.5,2930,baja,cadena,1.0,,23257482688.333332
851230,"Sound signalling equipment: electrical, used on cycles or motor vehicles (excluding articles of heading no. 8539)",S40,0.5,2740,baja,cadena,1.0,,1314676297.0
851230,"Sound signalling equipment: electrical, used on cycles or motor vehicles (excluding articles of heading no. 8539)",S41,0.5,2930,baja,cadena,1.0,,1314676297.0
851240,"Windscreen wipers, defrosters and demisters: electrical, of kinds used for cycles or motor vehicles",S40,0.5,2740,baja,cadena,1.0,,1076986452.0
851240,"Windscreen wipers, defrosters and demisters: electrical, of kinds used for cycles or motor vehicles",S41,0.5,2930,baja,cadena,1.0,,1076986452.0
851290,"Lighting or signalling equipment: electrical, (excluding articles of heading no. 8539), windscreen wipers, defrosters and demisters: parts, of those kinds used for cycles or motor vehicles",S40,0.75,"2630,2740,2790",media,cadena,1.0,,8551445762.333333
851290,"Lighting or signalling equipment: electrical, (excluding articles of heading no. 8539), windscreen wipers, defrosters and demisters: parts, of those kinds used for cycles or motor vehicles",S41,0.25,2930,media,cadena,1.0,,8551445762.333333
851310,"Lamps: portable, electric, designed to function by their own source of energy (excluding lighting equipment of heading no. 8512)",S40,1.0,2740,alta,cadena,1.0,,3467289630.6666665
851390,"Lamps: parts of portable, electric lamps of heading no. 8513, designed to function by their own source of energy",S40,1.0,2740,alta,cadena,1.0,,74431034.66666667
851410,"Furnaces and ovens: industrial or laboratory electric, resistance heated",S39,0.5,2815,baja,cadena,1.0,,2275237270.3333335
851410,"Furnaces and ovens: industrial or laboratory electric, resistance heated",S43,0.5,3250,baja,cadena,1.0,,2275237270.3333335
851420,Furnaces and ovens: industrial or laboratory induction or dielectric,S39,0.5,2815,baja,cadena,1.0,,551668195.6666666
851420,Furnaces and ovens: industrial or laboratory induction or dielectric,S43,0.5,3250,baja,cadena,1.0,,551668195.6666666
851430,"Furnaces and ovens: industrial or laboratory electric, other than induction dielectric or resistance heated",S39,0.5284,"2815,2829",baja,cadena,1.0,,884404906.6666666
851430,"Furnaces and ovens: industrial or laboratory electric, other than induction dielectric or resistance heated",S43,0.4716,3250,baja,cadena,1.0,,884404906.6666666
851440,"Heating equipment: induction or dielectric, industrial or laboratory, other than furnaces and ovens",S39,0.5,2815,baja,cadena,1.0,,762496993.3333334
851440,"Heating equipment: induction or dielectric, industrial or laboratory, other than furnaces and ovens",S43,0.5,3250,baja,cadena,1.0,,762496993.3333334
851490,"Furnaces, ovens and heating equipment: parts of the industrial or laboratory equipment of heading no. 8514",S39,1.0,"2815,2829",alta,cadena,1.0,,3185088593.6666665
851511,"Brazing or soldering machines and apparatus: soldering irons and guns, whether or not capable of cutting",S39,0.5,2822,baja,cadena,1.0,,292994247.0
851511,"Brazing or soldering machines and apparatus: soldering irons and guns, whether or not capable of cutting",S40,0.5,2790,baja,cadena,1.0,,292994247.0
851519,"Brazing or soldering machines and apparatus: other than soldering irons and guns, whether or not capable of cutting",S39,0.5,2822,baja,cadena,1.0,,544391970.0
851519,"Brazing or soldering machines and apparatus: other than soldering irons and guns, whether or not capable of cutting",S40,0.5,2790,baja,cadena,1.0,,544391970.0
851521,"Welding machines and apparatus: for resistance welding of metal, fully or partly automatic, whether or not capable of cutting",S39,0.5124,"2822,2829",baja,cadena,1.0,,1405200204.0
851521,"Welding machines and apparatus: for resistance welding of metal, fully or partly automatic, whether or not capable of cutting",S40,0.4876,2790,baja,cadena,1.0,,1405200204.0
851529,"Welding machines and apparatus: for resistance welding of metal, other than fully or partly automatic, whether or not capable of cutting",S39,0.5,2822,baja,cadena,1.0,,221810883.66666666
851529,"Welding machines and apparatus: for resistance welding of metal, other than fully or partly automatic, whether or not capable of cutting",S40,0.5,2790,baja,cadena,1.0,,221810883.66666666
851531,"Welding machines and apparatus: for arc (including plasma arc) welding of metals, fully or partly automatic, whether or not capable of cutting",S39,0.5,2822,baja,cadena,1.0,,1683720331.6666667
851531,"Welding machines and apparatus: for arc (including plasma arc) welding of metals, fully or partly automatic, whether or not capable of cutting",S40,0.5,2790,baja,cadena,1.0,,1683720331.6666667
851539,"Welding machines and apparatus: for arc (including plasma arc) welding of metals, other than fully or partly automatic, whether or not capable of cutting",S39,0.5,2822,baja,cadena,1.0,,1331702086.3333333
851539,"Welding machines and apparatus: for arc (including plasma arc) welding of metals, other than fully or partly automatic, whether or not capable of cutting",S40,0.5,2790,baja,cadena,1.0,,1331702086.3333333
851580,"Welding machines and apparatus: n.e.s. in heading no. 8515, whether or not capable of cutting",S39,0.5,2822,baja,cadena,1.0,,3060668898.6666665
851580,"Welding machines and apparatus: n.e.s. in heading no. 8515, whether or not capable of cutting",S40,0.5,2790,baja,cadena,1.0,,3060668898.6666665
851590,"Welding, brazing or soldering machines: parts of the machines of heading no. 8515",S39,0.5,2822,baja,cadena,1.0,,4227988984.6666665
851590,"Welding, brazing or soldering machines: parts of the machines of heading no. 8515",S40,0.5,2790,baja,cadena,1.0,,4227988984.6666665
851610,"Heaters: electric, instantaneous or storage water and immersion heaters",S40,1.0,2750,alta,cadena,1.0,,3399311783.0
851621,Heating apparatus: electric storage heating radiators,S40,1.0,2750,alta,cadena,1.0,,119482940.66666667
851629,Heating apparatus: electric soil heating apparatus and space heating apparatus (excluding storage heating radiators),S40,1.0,2750,alta,cadena,1.0,,3882693224.0
851631,Hair-dressing apparatus: electro-thermic hair dryers,S40,1.0,2750,alta,cadena,1.0,,2286522025.6666665
851632,"Hair-dressing apparatus: electro-thermic, other than hair dryers",S40,1.0,2750,alta,cadena,1.0,,3356006727.6666665
851633,Hand-drying apparatus: electro-thermic,S40,1.0,2750,alta,cadena,1.0,,137838971.0
851640,Smoothing irons: electric,S40,1.0,2750,alta,cadena,1.0,,2021065783.6666667
851650,"Ovens: microwave, of a kind used for domestic purposes",S40,1.0,2750,alta,cadena,1.0,,4654641086.333333
851660,"Ovens, cookers, cooking plates, boiling rings, grillers and roasters: of a kind used for domestic purposes (excluding microwaves)",S40,1.0,2750,alta,cadena,1.0,,16548873185.0
851671,"Electro-thermic appliances: coffee or tea makers, of a kind used for domestic purposes",S40,1.0,2750,alta,cadena,1.0,,7655301509.333333
851672,"Electro-thermic appliances: toasters, of a kind used for domestic purposes",S40,1.0,2750,alta,cadena,1.0,,1169838138.6666667
851679,"Electro-thermic appliances: n.e.s. in heading no. 8516, used for domestic purposes",S40,1.0,2750,alta,cadena,1.0,,7033077066.666667
851680,"Resistors: electric heating, other than those of heading no. 8545",S40,1.0,2750,alta,cadena,1.0,,5541082139.333333
851690,"Electro-thermic appliances: parts, of heating resistors, of water, space and soil heaters, hair-dressing apparatus, hand dryers, smoothing irons and other domestic appliances of heading no. 8516",S40,1.0,2750,alta,cadena,1.0,,4530643084.0
851710,Line telephony or telegraphy apparatus: telephone sets,S40,1.0,"2610,2630",alta,cadena,0.9999999999999999,,1583951619.6666667
851720,Line telephony or telegraphy apparatus: teleprinters,S40,1.0,"2610,2630",alta,cadena,1.0,,2476367993.0
851730,Line telephony or telegraphy apparatus: telephonic or telegraphic switching apparatus,S40,1.0,"2610,2630",alta,cadena,1.0,,16686539372.0
851740,"Line telephony or telegraphy apparatus: for carrier-current line systems, n.e.s. in heading no. 8517",S40,0.9925526309207408,"2610,2620,2630",alta,cadena,0.9999999999999999,,57103876467.0
851740,"Line telephony or telegraphy apparatus: for carrier-current line systems, n.e.s. in heading no. 8517",S39,0.007447369079259254,2817,alta,cadena,0.9999999999999999,,57103876467.0
851781,Telephonic apparatus: n.e.s. in heading no. 8517,S40,1.0,"2610,2630",alta,cadena,0.9999999999999998,,16227534522.666666
851782,Telegraphic apparatus: n.e.s. in heading no. 8517,S40,0.9747511306612845,"2610,2620,2630",alta,cadena,0.9999999999999999,,9724999414.0
851782,Telegraphic apparatus: n.e.s. in heading no. 8517,S39,0.02524886933871551,2817,alta,cadena,0.9999999999999999,,9724999414.0
851790,"Line telephony or telegraphy apparatus: electrical, parts of the apparatus of heading no. 8517",S40,0.5465,2630,baja,cadena,1.0,,25496762898.666668
851790,"Line telephony or telegraphy apparatus: electrical, parts of the apparatus of heading no. 8517",S39,0.4535,"2817,2829",baja,cadena,1.0,,25496762898.666668
851810,Microphones and stands therefor,S40,1.0,2640,alta,cadena,1.0,,4102702816.3333335
851821,"Loudspeakers: single, mounted in their enclosures",S40,1.0,2640,alta,cadena,1.0,,4823522965.0
851822,"Loudspeakers: multiple, mounted in the same enclosure",S40,1.0,2640,alta,cadena,1.0,,7721778940.666667
851829,Loudspeakers: not mounted in their enclosures,S40,1.0,2640,alta,cadena,1.0,,6028092410.666667
851830,"Headphones, earphones and combined microphone/speaker sets",S40,1.0,2640,alta,cadena,1.0,,14287213492.666666
851840,Amplifiers: audio-frequency electric,S40,1.0,2640,alta,cadena,1.0,,4140995786.3333335
851850,Amplifier sets: electric sound,S40,1.0,2640,alta,cadena,1.0,,1166702264.3333333
851890,"Microphones, headphones, earphones, amplifier equipment: parts of the equipment of heading no. 8518",S40,1.0,2640,alta,cadena,1.0,,4066583735.6666665
851910,"Sound reproducing apparatus: coin or disc-operated record players, not incorporating a sound recording device",S40,1.0,2640,alta,cadena,1.0,,23204527.666666668
851921,"Sound reproducing apparatus: record players without loudspeaker, other than coin or disc-operated, not incorporating a sound recording device",S40,1.0,2640,alta,cadena,1.0,,
851929,"Sound reproducing apparatus: record players with loudspeaker, other than coin or disc-operated, not incorporating a sound recording device",S40,1.0,2640,alta,cadena,1.0,,
851931,"Sound reproducing apparatus: turntables (record-decks), with automatic record changing mechanism, not incorporating a sound recording device",S40,1.0,2640,alta,cadena,1.0,,29635793.333333332
851939,"Sound reproducing apparatus: turntables (record-decks), without automatic record changing mechanism, not incorporating a sound recording device",S40,1.0,2640,alta,cadena,1.0,,232070735.0
851940,"Sound reproducing apparatus: transcribing machines, not incorporating a sound recording device",S40,1.0,2640,alta,cadena,1.0,,
851991,"Sound reproducing apparatus: cassette-type, n.e.s. in heading no. 8519, not incorporating a sound recording device",S40,1.0,2640,alta,cadena,0.9999999999999999,,
851999,"Sound reproducing apparatus: other than cassette-type, n.e.s. in heading no. 8519, not incorporating a sound recording device",S40,1.0,2640,alta,cadena,1.0,,521727798.6666667
852010,"Sound recording apparatus: dictating machines, not capable of operating without an external source of power, whether or not incorporating a sound reproducing device",S40,1.0,2640,alta,cadena,1.0,,
852020,"Sound recording apparatus: telephone answering machines, whether or not incorporating a sound reproducing device",S40,1.0,2640,alta,cadena,1.0,,35857971.666666664
852031,"Sound recording apparatus: magnetic tape recorders, cassette-type, incorporating a sound reproducing apparatus",S40,1.0,2640,alta,cadena,1.0,,44160634.666666664
852039,"Sound recording apparatus: magnetic tape recorders (n.e.s. in item no. 8520.10 or 8520.20), incorporating sound reproducing apparatus, other than cassette-type",S40,1.0,2640,alta,cadena,0.9999999999999999,,
852090,"Sound recording apparatus: n.e.s. in heading no. 8520, whether or not incorporating sound reproducing apparatus",S40,1.0,2640,alta,cadena,1.0,,2195561725.0
852110,Video recording or reproducing apparatus: magnetic tape-type,S40,1.0,"2630,2640,2670",alta,cadena,0.9999999999999998,,13924006132.666666
852190,Video recording or reproducing apparatus: other than magnetic tape-type,S40,1.0,"2630,2640,2670",alta,cadena,0.9999999999999999,,3484018363.6666665
852210,"Sound recording or reproducing apparatus: parts and accessories thereof, pick-up cartridges",S40,1.0,2640,alta,cadena,1.0,,188065348.33333334
852290,"Sound recording or reproducing apparatus: parts and accessories thereof, other than pick-up cartridges",S40,1.0,2640,alta,cadena,1.0,,2042511297.0
852311,"Media, unrecorded: magnetic tapes, prepared, of a width not exceeding 4mm, for sound or similar recording of other phenomena (excluding products of chapter 37)",S58,0.8,"5811,5812,5813,5820,5911,5920",media,cadena,1.0,,
852311,"Media, unrecorded: magnetic tapes, prepared, of a width not exceeding 4mm, for sound or similar recording of other phenomena (excluding products of chapter 37)",S40,0.2,2680,media,cadena,1.0,,
852312,"Media, unrecorded: magnetic tapes, prepared, of a width exceeding 4mm but not exceeding 6.5mm, for sound or similar recording of other phenomena (excluding products of chapter 37)",S58,0.8,"5811,5812,5813,5820,5911,5920",media,cadena,1.0,,
852312,"Media, unrecorded: magnetic tapes, prepared, of a width exceeding 4mm but not exceeding 6.5mm, for sound or similar recording of other phenomena (excluding products of chapter 37)",S40,0.2,2680,media,cadena,1.0,,
852313,"Media, unrecorded: magnetic tapes, prepared, of a width exceeding 6.5mm, for sound or similar recording of other phenomena (excluding products of chapter 37)",S58,0.8,"5811,5812,5813,5820,5911,5920",media,cadena,1.0,,259025727.33333334
852313,"Media, unrecorded: magnetic tapes, prepared, of a width exceeding 6.5mm, for sound or similar recording of other phenomena (excluding products of chapter 37)",S40,0.2,2680,media,cadena,1.0,,259025727.33333334
852320,"Media, unrecorded: magnetic discs, prepared, for sound or similar recording of other phenomena (excluding products of chapter 37)",S58,0.8,"5811,5812,5813,5820,5911,5920",media,cadena,1.0,,2726117462.3333335
852320,"Media, unrecorded: magnetic discs, prepared, for sound or similar recording of other phenomena (excluding products of chapter 37)",S40,0.2,2680,media,cadena,1.0,,2726117462.3333335
852390,"Media, unrecorded: prepared products n.e.s. in heading no. 8523, for sound or similar recording of other phenomena (excluding products of chapter 37)",S40,0.9288971836863668,"2620,2680",media,cadena,0.9999999999999999,,28599668452.0
852390,"Media, unrecorded: prepared products n.e.s. in heading no. 8523, for sound or similar recording of other phenomena (excluding products of chapter 37)",S58,0.07110281631363323,"5811,5812,5813,5820,5911,5920",media,cadena,0.9999999999999999,,28599668452.0
852410,"Media, recorded: gramophone records, for sound or other similarly recorded phenomena (excluding products of chapter 37)",S43,0.5,3290,baja,cadena,1.0,,89882833.0
852410,"Media, recorded: gramophone records, for sound or other similarly recorded phenomena (excluding products of chapter 37)",S58,0.5,5920,baja,cadena,1.0,,89882833.0
852421,"Media, recorded: magnetic tapes, (of a width not exceeding 4mm), for sound or other similarly recorded phenomena (excluding products of chapter 37)",S58,0.8,"5811,5812,5813,5820,5911,5920",media,cadena,0.9999999999999998,,
852421,"Media, recorded: magnetic tapes, (of a width not exceeding 4mm), for sound or other similarly recorded phenomena (excluding products of chapter 37)",S40,0.20000000000000004,2680,media,cadena,0.9999999999999998,,
852422,"Media, recorded: magnetic tapes, of a width exceeding 4mm but not exceeding 6.5mm, for sound recording or similar recording of other phenomena (excluding products of chapter 37)",S58,0.8,"5811,5812,5813,5820,5911,5920",media,cadena,0.9999999999999998,,
852422,"Media, recorded: magnetic tapes, of a width exceeding 4mm but not exceeding 6.5mm, for sound recording or similar recording of other phenomena (excluding products of chapter 37)",S40,0.2,2680,media,cadena,0.9999999999999998,,
852423,"Media, recorded: magnetic tapes, of a width exceeding 6.5mm, for sound or other similarly recorded phenomena (excluding products of chapter 37)",S58,0.8,"5811,5812,5813,5820,5911,5920",media,cadena,1.0,,
852423,"Media, recorded: magnetic tapes, of a width exceeding 6.5mm, for sound or other similarly recorded phenomena (excluding products of chapter 37)",S40,0.2,2680,media,cadena,1.0,,
852490,"Media, recorded: n.e.s. in heading no. 8524 for sound or similarly recorded phenomena, including matrices and masters for the production of records (excluding products of chapter 37)",S58,0.581143448464442,"5811,5812,5813,5820,5911,5920",baja,cadena,0.9999999999999998,,22383320389.666668
852490,"Media, recorded: n.e.s. in heading no. 8524 for sound or similarly recorded phenomena, including matrices and masters for the production of records (excluding products of chapter 37)",S40,0.25288811423482777,"2620,2680",baja,cadena,0.9999999999999998,,22383320389.666668
852490,"Media, recorded: n.e.s. in heading no. 8524 for sound or similarly recorded phenomena, including matrices and masters for the production of records (excluding products of chapter 37)",S43,0.16596843730073021,3290,baja,cadena,0.9999999999999998,,22383320389.666668
852510,"Transmission apparatus: for radio-telephony, radio-telegraphy, radio-broadcasting or television, whether or not incorporating reception or sound recording and reproducing apparatus",S40,1.0,2630,alta,cadena,1.0,,3196439055.6666665
852520,"Transmission apparatus: for radio-telephony, radio-telegraphy, radio-broadcasting or television, with reception apparatus, with or without sound recording or reproducing apparatus",S40,1.0,"2610,2630",alta,cadena,0.9999999999999999,,297224910150.0
852530,Television cameras,S40,1.0,"2610,2630,2640,2670",alta,cadena,0.9999999999999998,,29232232592.0
852610,Radar apparatus,S40,1.0,2651,alta,cadena,1.0,,6515035172.333333
852691,Radio navigational aid apparatus,S40,1.0,2651,alta,cadena,1.0,,9770507457.0
852692,Radio remote control apparatus,S40,1.0,2651,alta,cadena,1.0,,4007720753.3333335
852711,"Radio-broadcast receivers: operational without external power source, combined with sound recording or reproducing apparatus, including apparatus capable of receiving radio-telephony or radio-telegraphy",S40,1.0,2640,alta,cadena,0.9999999999999999,,533888651.0
852719,"Radio-broadcast receivers: operational without external power source, without sound recording or reproducing apparatus, including apparatus capable of receiving radio-telephony or radio-telegraphy",S40,1.0,2640,alta,cadena,1.0,,536245197.3333333
852721,"Radio-broadcast receivers: (not operational without external power source), combined with sound recording or reproducing apparatus, including apparatus capable of receiving radio-telephony or radio-telegraphy",S40,1.0,2640,alta,cadena,1.0,,4900265057.333333
852729,"Radio-broadcast receivers: (not operational without external power source), without sound recording or reproducing apparatus, including apparatus capable of receiving radio-telephony or radio-telegraphy",S40,1.0,2640,alta,cadena,1.0,,1165256736.3333333
852731,"Radio-broadcast receivers: n.e.s. in heading no. 8527, combined with sound recording or reproducing apparatus, including apparatus capable of receiving radio-telephony or radio-telegraphy",S40,1.0,2640,alta,cadena,1.0,,2207845665.6666665
852732,"Radio broadcast receivers: n.e.s. in heading no. 8527, combined with a clock, including apparatus capable of receiving radio-telephony or radio-telegraphy",S40,1.0,2640,alta,cadena,1.0,,146006854.66666666
852739,"Radio-broadcast receivers: n.e.s. in heading no. 8527, other than with sound recording, reproducing apparatus or clock, including apparatus capable of receiving radio-telephony or radio-telegraphy",S40,1.0,2640,alta,cadena,1.0,,679699690.0
852790,"Reception apparatus: for radio-telephony, radio-telegraphy or radio-broadcasting, whether or not combined in the same housing, n.e.s. in heading no. 8527",S40,1.0,"2610,2630",alta,cadena,1.0,,2388755010.0
852810,"Television receivers: colour, whether or not combined, in the same housing, with radio broadcast receivers or sound or video recording or reproducing apparatus",S40,1.0,"2610,2630,2640",alta,cadena,0.9999999999999996,,75653875458.33333
852820,"Television receivers: black and white or other monochrome, whether or not combined, in the same housing, with radio broadcast receivers or sound or video recording or reproducing apparatus",S40,1.0,"2610,2630,2640",alta,cadena,1.0,,434007772.3333333
852910,Reception and transmission apparatus: aerials and aerial reflectors of all kinds and parts suitable for use therewith,S40,1.0,"2630,2640,2651",alta,cadena,1.0,,5443886079.333333
852990,"Reception and transmission apparatus: for use with the apparatus of heading no. 8525 to 8528, excluding aerials and aerial reflectors",S40,1.0,"2630,2640,2651",alta,cadena,1.0,,107346432041.0
853010,"Signalling, safety or traffic control equipment: for railways or tramways (excluding those of heading no. 8608)",S40,1.0,2790,alta,cadena,1.0,,1725581900.6666667
853080,"Signalling, safety or traffic control equipment: for roads, inland waterways, parking facilities, port installations or airfields (excluding those of heading no. 8608)",S40,1.0,2790,alta,cadena,1.0,,1128785487.6666667
853090,"Signalling apparatus: parts of safety, traffic control equipment for railways, tramways, roads, inland waterways, airfields, parking facilities, port instalments (excluding those of heading no. 8608)",S40,0.75,"2630,2740,2790",media,cadena,1.0,,929044525.6666666
853090,"Signalling apparatus: parts of safety, traffic control equipment for railways, tramways, roads, inland waterways, airfields, parking facilities, port instalments (excluding those of heading no. 8608)",S41,0.25,2930,media,cadena,1.0,,929044525.6666666
853110,"Signalling apparatus: electric, sound or visual, burglar or fire alarms and similar, other than those of heading no. 8512 or 8530",S40,1.0,2630,alta,cadena,1.0,,5775608062.333333
853120,"Signalling apparatus: electric, sound or visual, indicator panels incorporating liquid crystal devices (LCD) or light emitting diodes (LED), excluding those of heading no. 8512 or 8530",S40,1.0,2790,alta,cadena,1.0,,4916058110.0
853180,"Signalling apparatus: electric, sound or visual, apparatus n.e.s. in heading no. 8531, excluding those of heading no. 8512 or 8530",S40,1.0,2790,alta,cadena,1.0,,4602140307.333333
853190,"Signalling apparatus: parts of the electric, sound or visual apparatus of heading no. 8531",S40,0.75,"2630,2740,2790",media,cadena,1.0,,4328584793.666667
853190,"Signalling apparatus: parts of the electric, sound or visual apparatus of heading no. 8531",S41,0.25,2930,media,cadena,1.0,,4328584793.666667
853210,"Electrical capacitors: fixed, designed for use in 50/60 Hz circuits and having a reactive power handling capacity of not less than 0.5 kVAr (power capacitors)",S40,1.0,"2610,2790",alta,cadena,1.0,,622861164.3333334
853221,"Electrical capacitors: fixed, tantalum",S40,1.0,"2610,2790",alta,cadena,1.0,,1972247181.0
853222,"Electrical capacitors: fixed, aluminium electrolytic",S40,1.0,"2610,2790",alta,cadena,1.0,,5157633172.666667
853223,"Electrical capacitors: fixed, ceramic dielectric, single layer",S40,1.0,"2610,2790",alta,cadena,1.0,,456915574.0
853224,"Electrical capacitors: fixed, ceramic dielectric, multilayer",S40,1.0,"2610,2790",alta,cadena,1.0,,16476163488.666666
853225,"Electrical capacitors: fixed, dielectric of paper or plastics",S40,1.0,"2610,2790",alta,cadena,1.0,,2134806283.6666667
853229,"Electrical capacitors: fixed, n.e.s. in heading no. 8532",S40,1.0,"2610,2790",alta,cadena,1.0,,2123634832.0
853230,Electrical capacitors: variable or adjustable (pre-set) capacitors,S40,1.0,"2610,2790",alta,cadena,1.0,,307315130.6666667
853290,Electrical capacitors: parts of the capacitors of heading no. 8532,S40,1.0,"2610,2790",alta,cadena,1.0,,1119369348.6666667
853310,"Electrical resistors: fixed carbon resistors, composition or film types (including rheostats and potentiometers but excluding heating resistors)",S40,1.0,"2610,2790",alta,cadena,1.0,,446636625.6666667
853321,"Electrical resistors: fixed, for a power handling capacity not exceeding 20W (including rheostats and potentiometers but excluding heating resistors and carbon resistors)",S40,1.0,"2610,2790",alta,cadena,1.0,,5826288898.666667
853329,"Electrical resistors: fixed, for a power handling capacity exceeding 20W (including rheostats and potentiometers but excluding heating resistors and carbon resistors)",S40,1.0,"2610,2790",alta,cadena,1.0,,991759876.6666666
853331,"Electrical resistors: wirewound variable, including rheostats and potentiometers, for a power handling capacity not exceeding 20W (excluding heating)",S40,1.0,"2610,2790",alta,cadena,1.0,,102708746.66666667
853339,"Electrical resistors: wirewound variable, including rheostats and potentiometers, for a power handling capacity exceeding 20W (excluding heating)",S40,1.0,"2610,2790",alta,cadena,1.0,,64364557.666666664
853340,"Electrical resistors: variable, including rheostats and potentiometers (excluding heating)",S40,1.0,"2610,2790",alta,cadena,1.0,,3756993758.3333335
853390,Resistors: parts of the resistors of heading no. 8533,S40,1.0,"2610,2790",alta,cadena,1.0,,374030345.3333333
853400,Circuits: printed,S40,1.0,2610,alta,cadena,1.0,,47178077038.666664
853510,"Electrical apparatus: fuses, for a voltage exceeding 1000 volts",S40,1.0,2710,alta,cadena,1.0,,672504303.6666666
853521,"Electrical apparatus: automatic circuit breakers, for a voltage exceeding 1000 volts but less than 72.5kV",S40,1.0,2710,alta,cadena,1.0,,1303660533.3333333
853529,"Electrical apparatus: automatic circuit breakers, for a voltage of 72.5kV or more",S40,1.0,2710,alta,cadena,1.0,,912031388.3333334
853530,"Electrical apparatus: isolating and make-and-break switches, for a voltage exceeding 1000 volts",S40,1.0,2710,alta,cadena,1.0,,2424735790.0
853540,"Electrical apparatus: lightning arresters, voltage limiters and surge suppressors (for a voltage exceeding 1000 volts)",S40,1.0,2710,alta,cadena,1.0,,621520099.3333334
853590,"Electrical apparatus: n.e.s. in heading no. 8535, for switching or protecting electrical circuits, for a voltage exceeding 1000 volts",S40,1.0,2710,alta,cadena,1.0,,4355311937.0
853610,"Electrical apparatus: fuses, for a voltage not exceeding 1000 volts",S40,1.0,2710,alta,cadena,1.0,,2815512798.0
853620,"Electrical apparatus: automatic circuit breakers, for a voltage not exceeding 1000 volts",S40,1.0,2710,alta,cadena,1.0,,10477441893.333334
853630,"Electrical apparatus: for protecting electrical circuits, n.e.s. in heading no. 8536, for a voltage not exceeding 1000 volts",S40,1.0,2710,alta,cadena,1.0,,4728993536.0
853641,"Electrical apparatus: relays, (for a voltage not exceeding 60 volts)",S40,1.0,2710,alta,cadena,1.0,,4727616208.0
853649,"Electrical apparatus: relays, for a voltage exceeding 60 volts",S40,1.0,2710,alta,cadena,1.0,,5216400989.666667
853650,"Electrical apparatus: switches n.e.s. in heading no. 8536, for a voltage not exceeding 1000 volts",S40,1.0,2710,alta,cadena,1.0,,19980517322.0
853661,"Electrical apparatus: lamp-holders, for a voltage not exceeding 1000 volts",S40,1.0,2710,alta,cadena,1.0,,513733300.6666667
853669,"Electrical apparatus: plugs and sockets, for a voltage not exceeding 1000 volts",S40,1.0,2710,alta,cadena,1.0,,21821086833.333332
853690,"Electrical apparatus: n.e.s. in heading no. 8536, for switching or protecting electrical circuits, for a voltage not exceeding 1000 volts",S40,1.0,2710,alta,cadena,1.0,,40402602785.0
853710,"Boards, panels, consoles, desks and other bases: for electric control or the distribution of electricity, (other than switching apparatus of heading no. 8517), for a voltage not exceeding 1000 volts",S40,1.0,2710,alta,cadena,1.0,,78004502112.33333
853720,"Boards, panels, consoles, desks and other bases: for electric control or the distribution of electricity, (other than switching apparatus of heading no. 8517), for a voltage exceeding 1000 volts",S40,1.0,2710,alta,cadena,1.0,,7280042169.666667
853810,"Electrical apparatus: parts (eg boards, panels, consoles, desks, cabinets, other bases), for goods of heading no. 8537, not equipped with their apparatus",S40,1.0,2710,alta,cadena,1.0,,4616565606.666667
853890,"Electrical apparatus: parts suitable for use solely or principally with the apparatus of heading no. 8535, 8536 or 8537",S40,1.0,2710,alta,cadena,1.0,,36366093726.0
853910,Lamps: sealed beam units,S40,1.0,2740,alta,cadena,1.0,,511156581.0
853921,"Lamps: filament, (excluding ultra-violet or infra-red), tungsten halogen",S40,1.0,2740,alta,cadena,1.0,,1122145244.3333333
853922,"Lamps: filament, (excluding ultra-violet or infra-red), of a power not exceeding 200W and for a voltage exceeding 100 volts, other than tungsten halogen",S40,1.0,2740,alta,cadena,1.0,,291608394.3333333
853929,"Lamps: filament, (excluding ultra-violet or infra-red), n.e.s. in item no. 8539.2",S40,1.0,2740,alta,cadena,1.0,,606730549.3333334
853931,"Lamps: discharge, (excluding ultra-violet), fluorescent, hot cathode",S40,1.0,2740,alta,cadena,1.0,,587805473.3333334
853939,"Lamps: discharge, (excluding ultra-violet, excluding fluorescent, hot cathode)",S40,1.0,2740,alta,cadena,1.0,,680322124.6666666
853940,"Lamps: ultra-violet or infra-red, arc-lamps lamps, ultra-violet or infra-red, arc-lamps",S40,1.0,2740,alta,cadena,0.9999999999999998,,1675746134.3333333
853990,Lamps: parts of the lamps of heading no. 8539,S40,1.0,2740,alta,cadena,1.0,,898566356.0
854011,"Tubes: cathode-ray television picture tubes, including video monitor cathode-ray tubes, colour",S40,1.0,2610,alta,cadena,1.0,,10681747.0
854012,"Tubes: cathode-ray television picture tubes, including video monitor cathode-ray tubes, black and white or other monochrome",S40,1.0,2610,alta,cadena,1.0,,3725971.3333333335
854020,"Tubes: television camera tubes, image converters and intensifiers, other photo-cathode tubes",S40,1.0,2610,alta,cadena,1.0,,552220853.6666666
854030,"Tubes: cathode ray tubes, n.e.s. in heading no. 8540",S40,1.0,2610,alta,cadena,0.9999999999999998,,33022134.333333332
854041,"Tubes: microwave tubes, magnetrons, excluding grid-controlled",S40,1.0,2610,alta,cadena,1.0,,328391960.3333333
854042,"Tubes: microwave tubes, klystrons, excluding grid-controlled",S40,1.0,2610,alta,cadena,1.0,,48781962.666666664
854049,"Tubes: microwave tubes, other than magnetrons and klystrons, excluding grid-controlled",S40,1.0,2610,alta,cadena,1.0,,196356150.33333334
854081,Valves and tubes: receiver or amplifier,S40,1.0,2610,alta,cadena,1.0,,127766499.33333333
854089,Valves and tubes: n.e.s. in heading no. 8540,S40,1.0,2610,alta,cadena,1.0,,235370241.33333334
854091,Tubes: parts of cathode-ray tubes,S40,1.0,2610,alta,cadena,1.0,,46680013.0
854099,"Valves and tubes: parts of the valves and tubes of heading no. 8540, excluding parts of cathode-ray tubes",S40,1.0,2610,alta,cadena,1.0,,135818627.66666666
854110,"Electrical apparatus: diodes, other than photosensitive or light emitting diodes",S40,1.0,2610,alta,cadena,1.0,,9903471710.0
854121,"Electrical apparatus: transistors, (other than photosensitive), with a dissipation rate of less than 1W",S40,1.0,2610,alta,cadena,1.0,,4023288282.6666665
854129,"Electrical apparatus: transistors, (other than photosensitive), with a dissipation rate of 1W or more",S40,1.0,2610,alta,cadena,1.0,,25903275740.333332
854130,"Electrical apparatus: thyristors, diacs and triacs, other than photosensitive devices",S40,1.0,2610,alta,cadena,1.0,,1440570535.3333333
854140,"Electrical apparatus: photosensitive, including photovoltaic cells, whether or not assembled in modules or made up into panels, light emitting diodes",S40,1.0,2610,alta,cadena,1.0,,78882726219.66667
854150,"Electrical apparatus: photosensitive semiconductor devices n.e.s. in heading no. 8541, including photovoltaic cells, whether or not assembled in modules or made up into panels",S40,1.0,2610,alta,cadena,1.0,,199506914.66666666
854160,Crystals: mounted piezo-electric,S40,1.0,2610,alta,cadena,1.0,,5948417082.0
854190,"Electrical apparatus: parts for diodes, transistors and similar semiconductor devices and photosensitive semiconductor devices",S40,1.0,2610,alta,cadena,1.0,,6912871238.333333
854211,"Electronic circuits: monolithic integrated, digital",S40,1.0,2610,alta,cadena,0.9999999999999997,,340527933495.6667
854219,"Electronic circuits: monolithic integrated, other than digital",S40,1.0,2610,alta,cadena,1.0,,276042881753.6667
854220,Electronic circuits: hybrid integrated,S40,1.0,2610,alta,cadena,1.0,,101576937990.66667
854280,"Electronic circuits and microassemblies: integrated, other than monolithic and hybrid integrated circuits",S40,0.75,"2630,2740,2790",media,cadena,1.0,,6739319314.333333
854280,"Electronic circuits and microassemblies: integrated, other than monolithic and hybrid integrated circuits",S41,0.25,2930,media,cadena,1.0,,6739319314.333333
854290,Electronic circuits and microassemblies: parts of the electrical goods of heading no. 8542,S40,1.0,2610,alta,cadena,1.0,,18253583924.333332
854310,Electrical machines and apparatus: particle accelerators,S39,0.8814665258393725,2829,media,cadena,0.9999999999999999,,17308747218.0
854310,Electrical machines and apparatus: particle accelerators,S40,0.11853347416062751,2790,media,cadena,0.9999999999999999,,17308747218.0
854320,"Electrical machines and apparatus: signal generators, having individual functions n.e.s. in chapter 85",S40,1.0,2790,alta,cadena,1.0,,1995871880.0
854330,"Electrical machines and apparatus: for electroplating, electrolysis or electrophoresis, having individual functions n.e.s. in chapter 85",S40,1.0,2790,alta,cadena,1.0,,1468055061.3333333
854380,"Electrical machines and apparatus: having individual functions, n.e.s. in heading no. 8543",S40,0.7845215384485763,"2610,2790",media,cadena,1.0000999999977191,,54023424192.333336
854380,"Electrical machines and apparatus: having individual functions, n.e.s. in heading no. 8543",S39,0.21547845077153022,"2817,2829",media,cadena,1.0000999999977191,,54023424192.333336
854380,"Electrical machines and apparatus: having individual functions, n.e.s. in heading no. 8543",S43,1.0779893355826094e-08,3290,media,cadena,1.0000999999977191,,54023424192.333336
854390,Electrical machines and apparatus: parts of the electrical goods of heading no. 8543,S40,0.587775,"2630,2740,2790",baja,cadena,0.9999999999999999,,13965406823.666666
854390,Electrical machines and apparatus: parts of the electrical goods of heading no. 8543,S39,0.21630000000000002,2829,baja,cadena,0.9999999999999999,,13965406823.666666
854390,Electrical machines and apparatus: parts of the electrical goods of heading no. 8543,S41,0.19592500000000002,2930,baja,cadena,0.9999999999999999,,13965406823.666666
854411,"Insulated electric conductors: winding wire, of copper",S40,1.0,2732,alta,cadena,1.0,,6510364665.333333
854419,"Insulated electric conductors: winding wire, (of other than copper)",S40,1.0,2732,alta,cadena,1.0,,1139522632.6666667
854420,Insulated electric conductors: co-axial cable and other co-axial electric conductors,S40,1.0,2732,alta,cadena,1.0,,6416343296.333333
854430,"Insulated electric conductors: ignition wiring sets and other wiring sets of a kind used in vehicles, aircraft or ships",S41,1.0,2930,alta,regla_especial,1.0,arnes,45509757331.666664
854441,"Insulated electric conductors: for a voltage not exceeding 80 volts, fitted with connectors",S40,1.0,2732,alta,cadena,1.0,,16841961275.0
854449,"Insulated electric conductors: for a voltage not exceeding 80 volts, not fitted with connectors",S40,1.0,2732,alta,cadena,1.0,,11506721501.333334
854451,"Insulated electric conductors: for a voltage exceeding 80 volts but not exceeding 1000 volts, fitted with connectors",S40,1.0,2732,alta,cadena,1.0,,20283785948.0
854459,"Insulated electric conductors: for a voltage exceeding 80 volts but not exceeding 1000 volts, not fitted with connectors",S40,1.0,2732,alta,cadena,1.0,,25892209312.0
854460,Insulated electric conductors: for a voltage exceeding 1000 volts,S40,1.0,2732,alta,cadena,1.0,,10824779860.666666
854470,Insulated electric conductors: optical fibre cables,S40,1.0,2731,alta,cadena,1.0,,9033046963.333334
854511,"Carbon electrodes: with or without metal, of a kind used for furnaces",S40,1.0,2790,alta,cadena,1.0,,2671813325.0
854519,"Carbon electrodes: with or without metal, of a kind used for other than furnaces",S40,1.0,2790,alta,cadena,1.0,,2591565019.3333335
854520,"Carbon brushes: with or without metal, used for electrical purposes",S40,1.0,2790,alta,cadena,1.0,,637256301.0
854590,"Carbon: lamp carbons, battery carbons and other articles of graphite or other carbon, with or without metal, of a kind used for electrical purposes",S40,1.0,2790,alta,cadena,1.0,,581045312.0
854610,Electrical insulators: of glass,S35,1.0,2310,alta,cadena,1.0,,280393660.3333333
854620,Electrical insulators: of ceramics,S34,1.0,2393,alta,cadena,1.0,,766884340.6666666
854690,Electrical insulators: other than of glass and ceramics,S40,1.0,"2733,2790",alta,cadena,1.0,,1436772030.0
854710,"Insulating fittings: of ceramics, for electrical machines, of insulating material only (except minor assembly parts), excluding those of heading no. 8546",S34,1.0,2393,alta,cadena,1.0,,739387072.6666666
854720,"Insulating fittings: of plastics, for electrical machines, of insulating material only (except minor assembly parts), excluding those of heading no. 8546",S32,1.0,2220,alta,cadena,1.0,,4433178131.666667
854790,"Insulating fittings: (other than of ceramics or plastics), for electrical machines, appliances and equipment, excluding insulators of heading no. 8546",S40,1.0,"2733,2790",alta,cadena,1.0,,1345792404.3333333
854800,"Electrical apparatus: parts of machinery and apparatus, n.e.s. in chapter 85",S40,1.0,2610,alta,cadena,1.0,,62118500631.333336
860110,Rail locomotives: powered from an external source of electricity,S42,1.0,3020,alta,cadena,1.0,,1093146047.3333333
860120,Rail locomotives: powered by electric accumulators,S42,1.0,3020,alta,cadena,1.0,,130464357.66666667
860210,Rail locomotives: diesel-electric powered,S42,1.0,3020,alta,cadena,1.0,,1190984954.3333333
860290,Rail locomotives and locomotive tenders: other than diesel-electric powered,S42,1.0,3020,alta,cadena,1.0,,325460240.0
860310,"Railway or tramway coaches, vans and trucks: self-propelled, powered from an external source of electricity (excluding those of heading no. 8604)",S42,1.0,3020,alta,cadena,1.0,,4883859113.0
860390,"Railway or tramway coaches, vans and trucks: self-propelled, powered other than from an external source of electricity (excluding those of heading no. 8604)",S42,1.0,3020,alta,cadena,1.0,,583662063.3333334
860400,"Railway or tramway maintenance or service vehicles: whether or not self-propelled (eg workshops, cranes, ballast tampers, trackliners, testing coaches and track inspection vehicles)",S42,1.0,3020,alta,cadena,1.0,,1022670040.0
860500,"Railway or tramway coaches: passenger coaches, luggage vans, post office coaches and other special purpose railway or tramway coaches, not self-propelled (excluding those of heading no. 8604)",S42,1.0,3020,alta,cadena,1.0,,1362811854.0
860610,"Railway or tramway goods vans and wagons: tank wagons and the like, not self-propelled",S42,1.0,3020,alta,cadena,1.0,,966429912.0
860620,"Railway or tramway goods vans and wagons: insulated or refrigerated, not self-propelled, excluding those of item no. 8606.10",S42,1.0,3020,alta,cadena,1.0,,340755345.6666667
860630,"Railway or tramway goods vans and wagons: self-discharging, not self-propelled, excluding those of item no. 8606.10 or 8606.20",S42,1.0,3020,alta,cadena,1.0,,690857123.0
860691,"Railway or tramway goods vans and wagons: covered and closed, not self-propelled",S42,1.0,3020,alta,cadena,1.0,,1512667518.0
860692,"Railway or tramway goods vans and wagons: open, with non-removable sides of a height exceeding 60cm, not self-propelled",S42,1.0,3020,alta,cadena,1.0,,583352821.0
860699,"Railway or tramway goods vans and wagons: n.e.s. in heading no. 8606, not self-propelled",S42,1.0,3020,alta,cadena,1.0,,1120283164.0
860711,"Railway or tramway locomotives or rolling stock: parts, driving bogies and bissel-bogies",S38,0.5,2599,baja,cadena,1.0,,674251434.6666666
860711,"Railway or tramway locomotives or rolling stock: parts, driving bogies and bissel-bogies",S42,0.5,3020,baja,cadena,1.0,,674251434.6666666
860712,"Railway or tramway locomotives or rolling stock: parts, bogies and bissel-bogies (excluding driving bogies and bissel-bogies)",S38,0.5,2599,baja,cadena,1.0,,443462493.3333333
860712,"Railway or tramway locomotives or rolling stock: parts, bogies and bissel-bogies (excluding driving bogies and bissel-bogies)",S42,0.5,3020,baja,cadena,1.0,,443462493.3333333
860719,"Railway or tramway locomotives or rolling stock: parts, axles and wheels, and parts thereof",S38,0.5,2599,baja,cadena,1.0,,3435351327.6666665
860719,"Railway or tramway locomotives or rolling stock: parts, axles and wheels, and parts thereof",S42,0.5,3020,baja,cadena,1.0,,3435351327.6666665
860721,"Railway or tramway locomotives or rolling stock: parts, air brakes and parts thereof",S38,0.5,2599,baja,cadena,1.0,,1255661416.3333333
860721,"Railway or tramway locomotives or rolling stock: parts, air brakes and parts thereof",S42,0.5,3020,baja,cadena,1.0,,1255661416.3333333
860729,"Railway or tramway locomotives or rolling stock: parts, brakes (other than air brakes) and parts thereof",S38,0.5,2599,baja,cadena,1.0,,287321673.0
860729,"Railway or tramway locomotives or rolling stock: parts, brakes (other than air brakes) and parts thereof",S42,0.5,3020,baja,cadena,1.0,,287321673.0
860730,"Railway or tramway locomotives or rolling stock: parts, hooks and other coupling devices, buffers and parts thereof",S38,0.5,2599,baja,cadena,1.0,,844973727.0
860730,"Railway or tramway locomotives or rolling stock: parts, hooks and other coupling devices, buffers and parts thereof",S42,0.5,3020,baja,cadena,1.0,,844973727.0
860791,Railway or tramway locomotives: parts n.e.s. in heading no. 8607,S38,0.5,2599,baja,cadena,1.0,,1065523942.3333334
860791,Railway or tramway locomotives: parts n.e.s. in heading no. 8607,S42,0.5,3020,baja,cadena,1.0,,1065523942.3333334
860799,Railway or tramway rolling stock: parts n.e.s. in heading no. 8607,S38,0.5,2599,baja,cadena,1.0,,3718171074.3333335
860799,Railway or tramway rolling stock: parts n.e.s. in heading no. 8607,S42,0.5,3020,baja,cadena,1.0,,3718171074.3333335
860800,"Railway or tramway track fixtures and fittings: mechanical (including electro-mechanical) signalling, safety or traffic control equipment for railways, tramways, roads, inland waterways, parking facilities, port installations or airfields: parts thereof",S38,0.5,2599,baja,cadena,1.0,,1002597592.0
860800,"Railway or tramway track fixtures and fittings: mechanical (including electro-mechanical) signalling, safety or traffic control equipment for railways, tramways, roads, inland waterways, parking facilities, port installations or airfields: parts thereof",S42,0.5,3020,baja,cadena,1.0,,1002597592.0
860900,Containers: (including containers for transport of fluids) specially designed and equipped for carriage by one or more modes of transport,S41,1.0,2920,alta,cadena,1.0,,16506690228.0
870110,Tractors: pedestrian controlled,S39,1.0,2821,alta,cadena,1.0,,362711433.6666667
870120,"Tractors: road, for semi-trailers",S41,1.0,2910,alta,cadena,1.0,,42872993643.666664
870130,Tractors: track-laying,S39,1.0,2824,alta,cadena,1.0,,2111787219.3333333
870190,Tractors: nes in heading no 8701 (other than tractors of heading no 8709),S39,1.0,2821,alta,cadena,1.0,,25282886154.0
870210,"Vehicles: public transport type (carries 10 or more passengers), compression-ignition internal combustion piston engine (diesel or semi-diesel)",S41,1.0,2910,alta,cadena,1.0,,11977662411.666666
870290,"Vehicles: public transport type (carries 10 or more passengers), other than compression-ignition internal combustion piston engine (diesel or semi-diesel)",S41,1.0,2910,alta,cadena,1.0,,5400634661.666667
870310,"Vehicles: specially designed for travelling on snow, golf cars and similar vehicles",S41,1.0,2910,alta,cadena,1.0,,4260478377.6666665
870321,"Vehicles: spark-ignition internal combustion reciprocating piston engine, cylinder capacity not exceeding 1000cc",S41,1.0,2910,alta,cadena,1.0,,56462624121.666664
870322,"Vehicles: spark-ignition internal combustion reciprocating piston engine, cylinder capacity exceeding 1000cc but not exceeding 1500cc",S41,1.0,2910,alta,cadena,1.0,,125858663967.66667
870323,"Vehicles: spark-ignition internal combustion reciprocating piston engine, cylinder capacity exceeding 1500cc but not exceeding 3000cc",S41,1.0,2910,alta,cadena,1.0,,308413410284.6667
870324,"Vehicles: spark-ignition internal combustion reciprocating piston engine, cylinder capacity exceeding 3000cc",S41,1.0,2910,alta,cadena,1.0,,123829181103.0
870331,"Vehicles: compression-ignition internal combustion piston engine (diesel or semi-diesel), cylinder capacity not exceeding 1500cc",S41,1.0,2910,alta,cadena,1.0,,9891810965.333334
870332,"Vehicles: compression-ignition internal combustion piston engine (diesel or semi-diesel), cylinder capacity exceeding 1500cc but not exceeding 2500cc",S41,1.0,2910,alta,cadena,1.0,,69073867908.33333
870333,"Vehicles: compression-ignition internal combustion piston engine (diesel or semi-diesel), cylinder capacity exceeding 2500cc",S41,1.0,2910,alta,cadena,1.0,,23898121308.666668
870390,"Vehicles: for transport of persons (other than those of heading no. 8702) n.e.s. in heading no. 8703, including station wagons and racing cars",S41,1.0,2910,alta,cadena,1.0,,117367638773.66667
870410,"Vehicles: dumpers, designed for off-highway use, for transport of goods",S39,1.0,2824,alta,cadena,1.0,,10182784834.333334
870421,"Vehicles: compression-ignition internal combustion piston engine (diesel or semi-diesel), for transport of goods, (of a gvw not exceeding 5 tonnes), nes in item no 8704.1",S41,1.0,2910,alta,cadena,1.0,,61112809193.0
870422,"Vehicles: compression-ignition internal combustion piston engine (diesel or semi-diesel), for transport of goods, (of a g.v.w. exceeding 5 tonnes but not exceeding 20 tonnes), nes in item no 8704.1",S41,1.0,2910,alta,cadena,1.0,,21894837761.333332
870423,"Vehicles: compression-ignition internal combustion piston engine (diesel or semi-diesel), for transport of goods, (of a g.v.w. exceeding 20 tonnes), nes in item no 8704.1",S41,1.0,2910,alta,cadena,1.0,,21275500249.0
870431,"Vehicles: spark-ignition internal combustion piston engine, for transport of goods, (of a g.v.w. not exceeding 5 tonnes), nes in item no 8704.1",S41,1.0,2910,alta,cadena,1.0,,44476954287.0
870432,"Vehicles: spark-ignition internal combustion piston engine, for transport of goods, (of a g.v.w. exceeding 5 tonnes), nes in item no 8704.1",S41,1.0,2910,alta,cadena,1.0,,1590254112.6666667
870490,"Vehicles: for transport of goods, n.e.s. in heading no. 8704",S41,1.0,2910,alta,cadena,1.0,,6187352123.333333
870510,Vehicles: crane lorries,S41,1.0,2910,alta,cadena,1.0,,5012589047.333333
870520,Vehicles: mobile drilling derricks,S41,1.0,2910,alta,cadena,1.0,,154642045.0
870530,Vehicles: fire fighting vehicles,S41,1.0,2910,alta,cadena,1.0,,1226368597.0
870540,Vehicles: concrete-mixer lorries,S41,1.0,2910,alta,cadena,1.0,,1287544672.0
870590,"Vehicles: break-down lorries, road-sweepers, spraying lorries, mobile workshops, mobile radiological units, and other special purpose vehicles n.e.s. in heading no. 8705",S41,1.0,2910,alta,cadena,1.0,,7640194804.666667
870600,"Chassis: fitted with engines, for the motor vehicles of heading no. 8701 to 8705",S41,1.0,2910,alta,cadena,1.0,,2626820193.0
870710,Vehicles: bodies (including cabs) for the motor vehicles of heading no. 8703,S41,1.0,2920,alta,cadena,1.0,,2896736436.3333335
870790,"Vehicles: bodies (including cabs) for the motor vehicles of heading no. 8701, 8702, 8704 or 8705",S41,1.0,2920,alta,cadena,1.0,,6096300580.666667
870810,"Vehicles: bumpers and parts thereof, for the vehicles of heading no. 8701 to 8705",S41,1.0,2930,alta,cadena,1.0,,8372585165.666667
870821,"Vehicles: parts of bodies, safety seat belts",S41,1.0,2930,alta,cadena,1.0,,2873371291.3333335
870829,"Vehicles: parts and accessories, of bodies, other than safety seat belts",S41,1.0,2930,alta,cadena,1.0,,76404962202.0
870831,"Vehicles: parts, mounted brake linings",S41,1.0,2930,alta,cadena,1.0,,6896506463.666667
870839,"Vehicles: brakes, servo brakes and parts, not mounted brake linings",S41,1.0,2930,alta,cadena,1.0,,27597841098.666668
870840,"Vehicles: parts, gear boxes",S41,1.0,2930,alta,cadena,1.0,,66302688569.0
870850,"Vehicles: parts, drive-axles with differential, whether or not provided with other transmission components",S41,1.0,2930,alta,cadena,1.0,,18095678661.0
870860,Vehicles: non-driving axles and parts thereof,S41,1.0,2930,alta,cadena,1.0,,8925353099.666666
870870,Vehicles: road wheels and parts and accessories thereof,S41,1.0,2930,alta,cadena,1.0,,20802487020.0
870880,"Vehicles: parts, suspension shock-absorbers",S41,1.0,2930,alta,cadena,1.0,,12877979616.666666
870891,"Vehicles: parts, radiators",S41,1.0,2930,alta,cadena,1.0,,7836993702.0
870892,"Vehicles: parts, silencers and exhaust pipes",S41,1.0,2930,alta,cadena,1.0,,8081707798.0
870893,Vehicles: clutches and parts,S41,1.0,2930,alta,cadena,1.0,,11601723413.333334
870894,"Vehicles: parts, steering wheels, columns and boxes",S41,1.0,2930,alta,cadena,1.0,,16103060892.0
870899,"Vehicles: parts and accessories, n.e.s. in heading no. 8708",S41,1.0,2930,alta,cadena,1.0,,122522375405.33333
870911,"Vehicles: electrical, self-propelled, (not fitted with lifting or handling equipment), of the type used for short distance transport of goods in factories, warehouses, dock areas or airports",S39,1.0,2816,alta,cadena,1.0,,533665555.3333333
870919,"Vehicles: (not electrical), self-propelled, without handling equipment, used for short distance transport of goods in factories, airports and such, and tractors of the type used on railway station platforms",S39,1.0,2816,alta,cadena,1.0,,813354753.6666666
870990,Vehicles: parts of the vehicles of heading no. 8709,S39,1.0,2816,alta,cadena,1.0,,531453167.0
871000,"Tanks and other armoured fighting vehicles: motorised, whether or not fitted with weapons, and parts of such vehicles",S42,1.0,3040,alta,cadena,1.0,,5883627557.333333
871110,"Motorcycles (including mopeds) and cycles: fitted with an auxiliary motor, with reciprocating internal combustion piston engine not exceeding 50cc, with or without side-cars: side-cars",S42,1.0,3091,alta,cadena,1.0,,880863917.3333334
871120,"Motorcycles (including mopeds) and cycles: fitted with an auxiliary motor, reciprocating internal combustion piston engine, of cylinder capacity exceeding 50cc but not exceeding 250cc, with or without side-cars: side-cars",S42,1.0,3091,alta,cadena,1.0,,12507463147.0
871130,"Motorcycles (including mopeds) and cycles: fitted with an auxiliary motor, reciprocating internal combustion piston engine, of cylinder capacity exceeding 250cc but not exceeding 500cc, with or without side-cars: side-cars",S42,1.0,3091,alta,cadena,1.0,,3354705388.6666665
871140,"Motorcycles (including mopeds) and cycles: fitted with auxiliary motor, reciprocating internal combustion piston engine of cylinder capacity exceeding 500cc but not exceeding 800cc, with or without sidecars: side-cars",S42,1.0,3091,alta,cadena,1.0,,3116359147.0
871150,"Motorcycles (including mopeds) and cycles: fitted with auxiliary motor, with reciprocating internal combustion piston engine of a cylinder capacity exceeding 800cc, with or without side-cars: side-cars",S42,1.0,3091,alta,cadena,1.0,,7006273251.666667
871190,"Motorcycles (including mopeds) and cycles: n.e.s. in heading no. 8711, fitted with auxiliary motor, with or without side-cars: side-cars",S42,1.0,3091,alta,cadena,1.0,,12526392696.0
871200,"Bicycles and other cycles: including delivery tricycles, not motorised",S42,1.0,3092,alta,cadena,1.0,,9190325422.666666
871310,Invalid carriages: not mechanically propelled,S42,1.0,3092,alta,cadena,1.0,,1140493921.0
871390,Invalid carriages: mechanically propelled,S42,1.0,3092,alta,cadena,1.0,,857247473.6666666
871411,"Motorcycles (including mopeds): parts, saddles",S42,1.0,3091,alta,cadena,1.0,,421234030.3333333
871419,"Motorcycles (including mopeds): parts, other than saddles",S42,1.0,3091,alta,cadena,1.0,,12852866912.666666
871420,Invalid carriages: parts and accessories thereof,S42,1.0,3092,alta,cadena,1.0,,1054405628.0
871491,"Cycles: frames and forks, and parts thereof",S42,1.0,3092,alta,cadena,1.0,,3167442508.6666665
871492,"Cycles: parts thereof, wheel rims and spokes",S42,1.0,3092,alta,cadena,1.0,,701875940.6666666
871493,"Cycles: parts thereof, hubs (other than coaster braking hubs and hubbrakes), and free-wheel sprocket-wheels",S42,1.0,3092,alta,cadena,1.0,,968916111.3333334
871494,"Cycles: parts thereof, brakes, including coaster braking hubs and hub-brakes, and parts thereof",S42,1.0,3092,alta,cadena,1.0,,1732960300.0
871495,"Cycles: parts thereof, saddles",S42,1.0,3092,alta,cadena,1.0,,364142112.6666667
871496,"Cycles: parts, pedals and crank-gear, and parts thereof",S42,1.0,3092,alta,cadena,1.0,,1007066811.0
871499,"Cycles: parts thereof, n.e.s. in item no. 8714.9",S42,1.0,3092,alta,cadena,1.0,,5151197014.0
871500,Baby carriages and parts thereof,S42,1.0,3092,alta,cadena,1.0,,2309295028.0
871610,"Trailers and semi-trailers: of the caravan type, for housing or camping",S41,1.0,2920,alta,cadena,1.0,,2630049951.6666665
871620,"Trailers and semi-trailers: self-loading or self-unloading, for agricultural purposes",S39,1.0,2821,alta,cadena,1.0,,917341306.3333334
871631,Tanker trailers and tanker semi-trailers,S41,1.0,2920,alta,cadena,1.0,,1298223504.0
871639,Trailers and semi-trailers: (other than tanker type),S41,1.0,2920,alta,cadena,1.0,,13364165193.666666
871640,Trailers and semi-trailers: n.e.s. in item no. 8716.3,S41,1.0,2920,alta,cadena,1.0,,1813910343.6666667
871680,Vehicles: n.e.s. in heading no. 8716,S39,0.5,2816,baja,cadena,1.0,,4055538495.0
871680,Vehicles: n.e.s. in heading no. 8716,S42,0.5,3099,baja,cadena,1.0,,4055538495.0
871690,"Trailers, semi-trailers and other vehicles not mechanically propelled: parts thereof for heading no. 8716",S39,0.5,2821,baja,cadena,1.0,,10024909491.0
871690,"Trailers, semi-trailers and other vehicles not mechanically propelled: parts thereof for heading no. 8716",S41,0.5,2930,baja,cadena,1.0,,10024909491.0
880110,Gliders and hang gliders,S42,1.0,3030,alta,cadena,1.0,,51894247.666666664
880190,Balloons and dirigibles and other non-powered aircraft,S42,1.0,3030,alta,cadena,1.0,,37125834.666666664
880211,Helicopters: of an unladen weight not exceeding 2000kg,S42,1.0,3030,alta,cadena,1.0,,2447018143.6666665
880212,Helicopters: of an unladen weight exceeding 2000kg,S42,1.0,3030,alta,cadena,1.0,,4916588913.0
880220,Aeroplanes and other aircraft: of an unladen weight not exceeding 2000kg,S42,1.0,3030,alta,cadena,1.0,,1697780014.3333333
880230,"Aeroplanes and other aircraft: of an unladen weight exceeding 2000kg but not exceeding 15,000kg",S42,1.0,3030,alta,cadena,1.0,,10559801116.333334
880240,"Aeroplanes and other aircraft: of an unladen weight exceeding 15,000kg",S42,1.0,3030,alta,cadena,1.0,,87461699513.66667
880250,Spacecraft (including satellites) and spacecraft launch vehicles,S42,1.0,3030,alta,cadena,1.0,,2220544454.3333335
880310,Aircraft and spacecraft: propellers and rotors and parts thereof,S42,1.0,3030,alta,cadena,1.0,,1487616200.6666667
880320,Aircraft and spacecraft: under-carriages and parts thereof,S42,1.0,3030,alta,cadena,1.0,,6381909652.333333
880330,Aircraft and spacecraft: parts of aeroplanes or helicopters n.e.s. in heading no. 8803,S42,1.0,3030,alta,cadena,1.0,,54452606582.333336
880390,Aircraft and spacecraft: parts thereof n.e.s. in chapter 88,S42,1.0,3030,alta,cadena,1.0,,4277587918.0
880400,Parachutes (including dirigible) and rotochutes: parts thereof and accessories thereto,S21,1.0,1392,alta,cadena,1.0,,481757970.6666667
880510,"Aircraft launching gear, deck-arrestor or similar gear and parts thereof",S39,1.0,2829,alta,cadena,1.0,,301195143.6666667
880520,Ground flying trainers and parts thereof,S39,1.0,2829,alta,cadena,1.0,,1548675549.6666667
890110,"Cruise ships, excursion boats and similar vessels, principally designed for the transport of persons, ferry boats of all kinds",S42,1.0,3011,alta,cadena,1.0,,15262948925.666666
890120,Tankers,S42,1.0,3011,alta,cadena,1.0,,19417318884.666668
890130,"Vessels, refrigerated: other than tankers",S42,1.0,3011,alta,cadena,1.0,,81306447.33333333
890190,"Vessels: n.e.s. in heading no. 8901, for the transport of goods and other vessels for the transport of both persons and goods",S42,1.0,3011,alta,cadena,1.0,,52089762755.333336
890200,"Fishing vessels, factory ships and other vessels: for processing or preserving fishery products",S42,1.0,3011,alta,cadena,1.0,,1254771659.0
890310,"Yachts and other vessels: for pleasure or sports, rowing boats and canoes, inflatable",S42,1.0,3012,alta,cadena,1.0,,653603380.0
890391,"Sailboats: with or without auxiliary motor, for pleasure or sports, other than inflatable",S42,1.0,3012,alta,cadena,1.0,,2781106968.6666665
890392,"Motorboats: (other than outboard motorboats), for pleasure or sports, other than inflatable",S42,1.0,3012,alta,cadena,1.0,,13642051760.0
890399,"Yachts and other vessels: for pleasure or sports, rowing boats and canoes, n.e.s. in heading no. 8903, other than inflatable",S42,1.0,3012,alta,cadena,1.0,,3755494401.0
890400,Tugs and pusher craft,S42,1.0,3011,alta,cadena,1.0,,3748608246.6666665
890510,Dredgers,S42,1.0,3011,alta,cadena,1.0,,1543422716.3333333
890520,Floating or submersible drilling or production platforms,S42,1.0,3011,alta,cadena,1.0,,11346642993.666666
890590,"Vessels: light, fire-floats, floating cranes and other vessels, the navigability of which is subsidiary to their main function, floating docks",S42,1.0,3011,alta,cadena,1.0,,9673801656.333334
890600,"Vessels: other, including warships and lifeboats, other than rowing boats",S42,1.0,3011,alta,cadena,1.0,,6404806536.666667
890710,Rafts: inflatable,S42,1.0,3011,alta,cadena,1.0,,386363590.0
890790,"Floating structures: tanks, coffer-dams, landing stages, buoys and beacons",S42,1.0,3011,alta,cadena,1.0,,944480636.3333334
890800,Vessels and other floating structures: for breaking up,S47,1.0,3830,media,regla_residuos,1.0,,1107460590.6666667
900110,"Optical fibres, optical fibre bundles and cables: excluding those of heading no. 8544",S40,1.0,"2670,2731",alta,cadena,1.0,,2577043556.0
900120,"Optical elements: polarising material, sheets and plates thereof",S40,1.0,"2670,2731",alta,cadena,1.0,,5132105181.333333
900130,"Lenses, contact: unmounted, of any material, excluding elements of glass not optically worked",S40,1.0,"2670,2731",alta,cadena,1.0,,6465806266.0
900140,"Lenses, spectacle: unmounted, of glass, excluding elements of glass not optically worked",S40,1.0,"2670,2731",alta,cadena,1.0,,240378589.0
900150,"Lenses, spectacle: unmounted, of materials other than glass",S40,1.0,"2670,2731",alta,cadena,1.0,,6746169425.666667
900190,"Optical elements: lenses n.e.s. in heading no. 9001, prisms, mirrors and other optical elements, unmounted, of any material (excluding elements of glass not optically worked)",S40,1.0,"2670,2731",alta,cadena,1.0,,8791544555.666666
900211,"Lenses: objective, for cameras, projectors or photographic enlargers or reducers, mounted, being parts or fittings for instruments or apparatus, of any material (excluding glass not optically worked)",S40,1.0,2670,alta,cadena,1.0,,4589265851.666667
900219,"Lenses: objective, (other than for cameras, projectors or photographic enlargers or reducers), mounted, of any material (excluding elements of glass not optically worked)",S40,1.0,"2670,2731",alta,cadena,1.0,,7857460578.666667
900220,"Filters: mounted as parts or fittings for instruments or apparatus, of any material (excluding elements of glass not optically worked)",S40,1.0,"2670,2731",alta,cadena,1.0,,522230703.0
900290,"Optical elements: n.e.s. in heading no. 9002 (eg prisms and mirrors), mounted, being parts or fittings for instruments or apparatus, of any material (excluding elements of glass not optically worked)",S40,1.0,"2670,2731",alta,cadena,1.0,,3408422490.6666665
900311,"Frames and mountings: for spectacles, goggles or the like, of plastics",S43,1.0,3250,alta,cadena,1.0,,3078767527.0
900319,"Frames and mountings: for spectacles, goggles or the like, of materials other than plastics",S43,1.0,3250,alta,cadena,1.0,,2379563536.3333335
900390,"Frames and mountings: parts for spectacles, goggles or the like",S43,1.0,3250,alta,cadena,1.0,,572728089.6666666
900410,"Sunglasses: corrective, protective or other",S43,1.0,3250,alta,cadena,1.0,,8184907732.666667
900490,"Spectacles, goggles and the like: (other than sunglasses) corrective, protective or other",S43,1.0,3250,alta,cadena,1.0,,3643024247.0
900510,Binoculars,S40,1.0,2670,alta,cadena,1.0,,791349682.3333334
900580,"Monoculars: other optical telescopes and astronomical instruments, excluding instruments for radio-astronomy",S40,1.0,2670,alta,cadena,1.0,,695417610.3333334
900590,"Binoculars, monoculars, other optical telescopes, astronomical instruments (excluding those of radio-astronomy): parts and accessories (including mountings)",S40,1.0,2670,alta,cadena,1.0,,275295306.3333333
900610,"Cameras, photographic (excluding cinematographic): of a kind used for preparing printing plates or cylinders",S40,1.0,2670,alta,cadena,1.0,,61540434.0
900620,"Cameras, photographic (excluding cinematographic): of a kind used for recording documents on microfilm, microfiche or other microforms",S40,1.0,2670,alta,cadena,1.0,,14850654.666666666
900630,"Cameras, photographic (excluding cinematographic): specially designed for underwater use, aerial survey, medical or surgical examination of internal organs: comparison cameras for forensic or criminological use",S40,1.0,2670,alta,cadena,1.0,,284544872.3333333
900640,"Cameras, photographic (excluding cinematographic): instant print cameras",S40,1.0,2670,alta,cadena,1.0,,493349748.6666667
900651,"Cameras, photographic (excluding cinematographic): with a through-the-lens viewfinder, single lens reflex (SLR), for a roll film of a width not exceeding 35mm",S40,1.0,2670,alta,cadena,1.0,,87155424.33333333
900652,"Cameras, photographic (excluding cinematographic): of a kind (not SLR) for roll film of a width less than 35mm",S40,1.0,2670,alta,cadena,1.0,,51648323.666666664
900653,"Cameras, photographic (excluding cinematographic): of a kind (not SLR) for roll film of a width of 35mm",S40,1.0,2670,alta,cadena,1.0,,97945158.33333333
900659,"Cameras, photographic (excluding cinematographic): of a kind (not SLR) for roll film n.e.s. in heading no. 9006",S40,1.0,"2630,2640,2670",alta,cadena,0.9999999999999998,,83909751.33333333
900661,"Photographic flashlight apparatus: discharge lamp (""electronic"")",S40,1.0,2670,alta,cadena,1.0,,235522581.66666666
900662,"Photographic flashlight apparatus: flashbulbs, flashcubes and the like",S40,1.0,2670,alta,cadena,1.0,,108027378.66666667
900669,Photographic flashlight apparatus: n.e.s. in heading no. 9006,S40,1.0,2670,alta,cadena,1.0,,56653203.333333336
900691,"Cameras, photographic (excluding cinematographic): parts and accessories",S40,1.0,2670,alta,cadena,1.0,,1068235679.3333334
900699,"Photographic flashlight apparatus: parts and accessories, for other than cameras",S40,1.0,2670,alta,cadena,1.0,,263098054.66666666
900711,"Cameras, cinematographic: whether or not incorporating sound recording apparatus, for film of less than 16mm width or for double-8mm film",S40,1.0,2670,alta,cadena,1.0,,32100048.333333332
900719,"Cameras, cinematographic: whether or not incorporating sound recording apparatus, for film n.e.s. in item no. 9007.11",S40,1.0,2670,alta,cadena,1.0,,106775411.33333333
900721,"Projectors, cinematographic: whether or not incorporating sound reproducing apparatus, for film of less than 16mm width",S40,1.0,2670,alta,cadena,1.0,,20498415.333333332
900729,"Projectors, cinematographic: whether or not incorporating sound reproducing apparatus, for film 16mm or more wide",S40,1.0,2670,alta,cadena,1.0,,95775564.33333333
900791,"Cameras, cinematographic: parts and accessories, whether or not incorporating sound recording apparatus",S40,1.0,2670,alta,cadena,1.0,,300250868.6666667
900792,"Projectors, cinematographic: parts and accessories, whether or not incorporating sound reproducing apparatus",S40,1.0,2670,alta,cadena,1.0,,82302764.66666667
900810,"Projectors, image: slide (excluding cinematographic)",S40,1.0,2670,alta,cadena,1.0,,13287393.666666666
900820,"Projectors, image: microfilm, microfiche or other microform readers, whether or not capable of producing copies",S40,1.0,2670,alta,cadena,1.0,,16729656.666666666
900830,"Projectors, image: (other than slide projectors and microfilm, microfiche or other microform readers), (excluding cinematographic)",S40,1.0,2670,alta,cadena,1.0,,209739269.66666666
900840,Photographic (excluding cinematographic) enlargers and reducers,S40,1.0,2670,alta,cadena,1.0,,13321439.333333334
900890,Photographic (excluding cinematographic) enlargers and reducers and image projectors: parts and accessories,S40,1.0,2670,alta,cadena,1.0,,91964247.66666667
900911,"Photo-copying apparatus: electrostatic, operating by reproducing the original image directly onto the copy (direct process)",S40,0.98518,2620,alta,cadena,1.0,,2711763768.3333335
900911,"Photo-copying apparatus: electrostatic, operating by reproducing the original image directly onto the copy (direct process)",S39,0.01482,2817,alta,cadena,1.0,,2711763768.3333335
900912,"Photo-copying apparatus: electrostatic, operating by reproducing the original image via an intermediate onto the copy (indirect process)",S40,0.89611,2620,media,cadena,1.0,,7217786336.333333
900912,"Photo-copying apparatus: electrostatic, operating by reproducing the original image via an intermediate onto the copy (indirect process)",S39,0.10389000000000001,2817,media,cadena,1.0,,7217786336.333333
900921,"Photo-copying apparatus: (excluding electrostatic), incorporating an optical system",S39,1.0,2817,alta,cadena,1.0,,
900922,"Photo-copying apparatus: (excluding electrostatic), of the contact type",S39,1.0,2817,alta,cadena,1.0,,
900930,Thermo-copying apparatus,S39,1.0,2817,alta,cadena,1.0,,
900990,Photo and thermo-copying apparatus: parts and accessories,S39,1.0,"2817,2829",alta,cadena,1.0,,8774719915.333334
901010,Photographic laboratory apparatus and equipment: for automatically developing photographic (including cinematographic) film or paper in rolls or for automatically exposing developed film to rolls of paper,S40,1.0,2670,alta,cadena,1.0,,52008006.0
901020,Photographic laboratory apparatus and equipment (including cinematographic): negatoscopes and other equipment n.e.s. in heading no. 9010,S39,0.9967720920483457,2829,alta,cadena,0.9999999999999998,,37150322157.333336
901020,Photographic laboratory apparatus and equipment (including cinematographic): negatoscopes and other equipment n.e.s. in heading no. 9010,S40,0.003227907951654277,2670,alta,cadena,0.9999999999999998,,37150322157.333336
901030,Photographic laboratory apparatus and equipment (including cinematographic): projection screens,S40,1.0,2670,alta,cadena,1.0,,284909970.3333333
901090,Photographic laboratory apparatus and equipment (including cinematographic): parts and accessories,S39,0.7382,2829,media,cadena,1.0,,9997961978.666666
901090,Photographic laboratory apparatus and equipment (including cinematographic): parts and accessories,S40,0.2618,2670,media,cadena,1.0,,9997961978.666666
901110,"Microscopes, compound optical: stereoscopic microscopes",S40,1.0,2670,alta,cadena,1.0,,785480007.3333334
901120,"Microscopes, compound optical: for photomicrography, cinephotomicrography or microprojection",S40,1.0,2670,alta,cadena,1.0,,160429990.66666666
901180,"Microscopes, compound optical: (other than stereoscopic and microscopes for photomicrography, cinephotomicrography or microprojection)",S40,1.0,2670,alta,cadena,1.0,,1247241543.6666667
901190,"Microscopes, compound optical: parts and accessories (including those for photomicrography, cinephotomicrography or microprojection)",S40,1.0,2670,alta,cadena,1.0,,1014828691.3333334
901210,Microscopes (excluding optical microscopes) and diffraction apparatus,S40,0.9208,2651,media,cadena,1.0,,2775207003.3333335
901210,Microscopes (excluding optical microscopes) and diffraction apparatus,S39,0.0792,2829,media,cadena,1.0,,2775207003.3333335
901290,Microscopes (excluding optical microscopes) and diffraction apparatus: parts and accessories,S40,1.0,2651,alta,cadena,1.0,,990913398.0
901310,"Optical appliances and instruments: telescopic sights for fitting to arms: periscopes: telescopes designed to form parts of machines, appliances, instruments or apparatus of this chapter",S40,1.0,"2610,2670",alta,cadena,1.0,,1517348889.3333333
901320,Lasers: other than laser diodes,S40,1.0,"2610,2670",alta,cadena,1.0,,7413041501.333333
901380,"Optical devices, appliances and instruments: n.e.s. in heading no. 9013 (including liquid crystal devices)",S40,1.0,"2610,2670",alta,cadena,1.0,,16352861122.666666
901390,Optical appliances and instruments: parts and accessories for articles of heading no. 9013,S40,1.0,"2610,2670",alta,cadena,1.0,,5402106474.0
901410,Navigational instruments and appliances: direction finding compasses,S40,1.0,2651,alta,cadena,1.0,,252582576.66666666
901420,Navigational instruments and appliances: for aeronautical or space navigation (excluding compasses),S40,1.0,2651,alta,cadena,1.0,,2885958175.3333335
901480,Navigational instruments and appliances: for navigation other than aeronautical or space navigation (excluding direction finding compasses),S40,1.0,2651,alta,cadena,1.0,,2088293431.6666667
901490,Navigational instruments and appliances: parts and accessories,S40,1.0,2651,alta,cadena,1.0,,1605447381.3333333
901510,Rangefinders,S40,1.0,2651,alta,cadena,1.0,,1140070385.3333333
901520,Surveying equipment: theodolites and tacheometers,S40,1.0,2651,alta,cadena,1.0,,802348347.3333334
901530,Surveying equipment: levels,S40,1.0,2651,alta,cadena,1.0,,652532546.3333334
901540,Surveying equipment: photogrammetrical surveying instruments and appliances,S40,1.0,2651,alta,cadena,1.0,,233824810.0
901580,"Surveying equipment: articles n.e.s. in heading no. 9015, including hydrographic, oceanographic, hydrological, meteorological or geophysical instruments and appliances (excluding compasses)",S40,1.0,2651,alta,cadena,1.0,,4843347840.0
901590,Surveying equipment: parts and accessories for articles of heading no. 9015,S40,1.0,2651,alta,cadena,1.0,,2175773875.0
901600,"Balances: of a sensitivity of 5cg or better, with or without weights",S40,1.0,2651,alta,cadena,1.0,,487249401.3333333
901710,Drafting tables and machines: whether or not automatic,S39,1.0,2819,alta,cadena,1.0,,54191691.666666664
901720,"Drawing, marking-out or mathematical calculating instruments",S39,1.0,"2819,2829",alta,cadena,1.0,,471576788.0
901730,"Mathematical equipment: micrometers, callipers and gauges",S40,1.0,2651,alta,cadena,1.0,,702829920.0
901780,Mathematical instruments and equipment: n.e.s. in heading no. 9017,S40,1.0,2651,alta,cadena,1.0,,1224941880.0
901790,"Drawing, marking-out equipment and mathematical instruments: parts and accessories",S39,0.5972,2829,baja,cadena,1.0,,130039575.33333333
901790,"Drawing, marking-out equipment and mathematical instruments: parts and accessories",S40,0.4028,2651,baja,cadena,1.0,,130039575.33333333
901811,"Medical, surgical instruments and appliances: electro-cardiographs",S40,1.0,2660,alta,cadena,1.0,,1218149441.0
901819,"Medical, surgical instruments and appliances: electro-diagnostic apparatus (including apparatus for functional exploratory examination or for checking physiological parameters), not electro-cardiographs",S40,1.0,2660,alta,cadena,0.9999999999999998,,28125405081.0
901820,"Medical, surgical instruments and appliances: ultra-violet or infra-red ray apparatus",S40,1.0,2660,alta,cadena,1.0,,690597133.0
901831,"Medical, surgical instruments and appliances: syringes, with or without needles",S43,1.0,3250,alta,cadena,1.0,,6819025680.333333
901832,"Medical, surgical instruments and appliances: tubular metal needles and needles for sutures",S43,1.0,3250,alta,cadena,1.0,,3508782252.6666665
901839,"Medical, surgical instruments and appliances: catheters, cannulae and the like",S43,0.9594,3250,media,cadena,1.0,,37343692282.666664
901839,"Medical, surgical instruments and appliances: catheters, cannulae and the like",S47,0.0406,3830,media,regla_residuos,1.0,,37343692282.666664
901841,"Dental instruments and appliances: dental drill engines, whether or not combined on a single base with other dental equipment",S43,1.0,3250,alta,cadena,1.0,,547234592.0
901849,Dental instruments and appliances: other than dental drill engines,S43,1.0,3250,alta,cadena,1.0,,6419445338.666667
901850,Ophthalmic instruments and appliances,S43,1.0,3250,alta,cadena,1.0,,5039407681.333333
901890,"Medical, surgical or dental instruments and appliances: n.e.s. in heading no. 9018",S43,1.0,3250,alta,cadena,1.0,,67697453656.333336
901910,Mechano-therapy appliances: massage apparatus and psychological aptitude-testing apparatus,S43,1.0,3250,alta,cadena,1.0,,7397681370.0
901920,"Therapeutic respiration apparatus: ozone, oxygen, aerosol therapy apparatus: artificial respiration or other therapeutic respiration apparatus",S43,1.0,3250,alta,cadena,1.0,,9488545869.0
902000,Breathing appliances and gas masks: excluding protective masks having neither mechanical parts nor replaceable filters and excluding apparatus of item no. 9019.20,S43,1.0,3250,alta,cadena,1.0,,2003804219.3333333
902111,Orthopaedic or fracture appliances: artificial joints,S43,1.0,3250,alta,cadena,1.0,,11651890156.0
902119,"Orthopaedic or fracture appliances: crutches, surgical belts and trusses, splints and other fracture appliances",S43,1.0,3250,alta,cadena,1.0,,11157164355.333334
902121,Dental fittings: artificial teeth,S43,1.0,3250,alta,cadena,1.0,,1035192680.3333334
902129,Dental fittings: other than artificial teeth,S43,1.0,3250,alta,cadena,1.0,,3961369000.6666665
902130,Artificial parts of the body,S43,1.0,3250,alta,cadena,1.0,,13484836854.666666
902140,Hearing aids (excluding parts and accessories),S40,1.0,2660,alta,cadena,1.0,,5553033973.0
902150,Pacemakers: for stimulating heart muscles (excluding parts and accessories),S40,1.0,2660,alta,cadena,1.0,,5663631543.0
902190,"Appliances: worn, carried or implanted in the body, to compensate for a defect or disability",S40,1.0,2660,alta,cadena,1.0,,15570972705.0
902211,"Apparatus based on the use of x-rays, including radiography or radiotherapy apparatus: for medical, surgical, dental or veterinary uses",S40,1.0,2660,alta,cadena,0.9999999999999997,,11839562025.666666
902219,"Apparatus based on the use of x-rays, including radiography or radiotherapy apparatus: for other than medical, surgical, dental or veterinary uses",S40,1.0,2660,alta,cadena,1.0,,3351453056.0
902221,"Apparatus based on the use of alpha, beta or gamma radiations, including radiography or radiotherapy apparatus: for medical, surgical, dental or veterinary uses",S40,1.0,2660,alta,cadena,1.0,,177325988.66666666
902229,"Apparatus based on the use of alpha, beta or gamma radiations, including radiography or radiotherapy apparatus: (for other than medical, surgical, dental or veterinary uses)",S40,1.0,2660,alta,cadena,1.0,,332602930.6666667
902230,X-ray tubes,S40,1.0,2660,alta,cadena,1.0,,2247491472.6666665
902290,"Apparatus based on use of x-rays and similar: parts and accessories (x-ray generators, tubes, high tension generators, control panels and desks, screens, examination or treatment tables, chairs and like",S40,1.0,2660,alta,cadena,1.0,,7241258771.333333
902300,"Instruments, apparatus and models: designed for demonstrational purposes (in education or exhibitions), unsuitable for other uses",S43,1.0,3290,alta,cadena,1.0,,3446652350.6666665
902410,"Machines and appliances: for testing the hardness, strength, compressibility, elasticity or other mechanical properties of metals",S40,1.0,2651,alta,cadena,1.0,,624575635.0
902480,"Machines and appliances: for testing the hardness, strength, compressibility, elasticity or other mechanical properties of materials other than metals",S40,1.0,2651,alta,cadena,1.0,,1259966291.0
902490,"Machines and appliances: parts and accessories for those testing hardness, strength, compressibility, elasticity or other mechanical properties of materials (eg metal, wood, textiles, paper, plastics)",S40,1.0,2651,alta,cadena,1.0,,568416136.0
902511,"Thermometers and pyrometers: liquid filled, for direct reading, not combined with other instruments",S40,1.0,2651,alta,cadena,1.0,,167070506.33333334
902519,"Thermometers and pyrometers: (other than liquid filled, for direct reading), not combined with other instruments",S40,1.0,2651,alta,cadena,1.0,,4418476202.666667
902520,Barometers: not combined with other instruments,S40,1.0,2651,alta,cadena,1.0,,321583779.3333333
902580,"Hydrometers and similar floating instruments, barometers, hygrometers, psychrometers, thermometers, pyrometers: recording or not, any combination of these instruments (excluding thermometers and barometers not combined with other instruments)",S40,1.0,2651,alta,cadena,1.0,,1495284994.0
902590,"Hydrometers and similar floating instruments, barometers, hygrometers, psychrometers, thermometers, pyrometers: recording or not, any combination of these instruments, parts and accessories",S40,1.0,2651,alta,cadena,1.0,,1778514123.0
902610,Instruments and apparatus: for measuring or checking the flow or level of liquids,S40,1.0,2651,alta,cadena,1.0,,6323755730.0
902620,Instruments and apparatus: for measuring or checking pressure,S40,1.0,2651,alta,cadena,1.0,,10439997861.333334
902680,"Instruments and apparatus: for measuring or checking variables of liquids or gases (excluding pressure or the flow and level of liquids and those of heading no. 9014, 9015, 9028 and 9032)",S40,1.0,2651,alta,cadena,1.0,,3870499248.6666665
902690,"Instruments and apparatus: parts and accessories for those measuring or checking the flow, level, pressure or other variables of liquids or gases (excluding those of heading no. 9014, 9015, 9028 or 9032)",S40,1.0,2651,alta,cadena,1.0,,5050449625.333333
902710,"Instruments and apparatus: gas or smoke analysis apparatus, for physical or chemical analysis",S40,1.0,2651,alta,cadena,1.0,,7058162321.333333
902720,Chromatographs and electrophoresis instruments,S40,1.0,2651,alta,cadena,1.0,,2240970971.6666665
902730,"Spectrometers, spectrophotometers and spectrographs: using optical radiations (UV, visible, IR)",S40,1.0,2651,alta,cadena,1.0,,4324463715.333333
902740,Exposure meters,S40,1.0,2651,alta,cadena,1.0,,56529993.666666664
902750,"Instruments and apparatus: using optical radiations (UV, visible, IR), (other than spectrometers, spectrophotometers and spectrographs)",S40,1.0,2651,alta,cadena,1.0,,10296078502.333334
902780,"Instruments and apparatus: for physical or chemical analysis, for measuring or checking viscosity, porosity, expansion, surface tension or quantities of heat, sound or light, n.e.s. in heading no. 9025",S40,1.0,2651,alta,cadena,1.0,,12646989059.0
902790,Microtomes and parts and accessories thereof,S40,1.0,2651,alta,cadena,1.0,,13739199087.333334
902810,"Meters: gas, supply or production meters, including calibrating meters thereof",S40,1.0,2651,alta,cadena,1.0,,826821115.0
902820,"Meters: liquid supply or production meters, including calibrating meters thereof",S40,1.0,2651,alta,cadena,1.0,,1556999710.6666667
902830,"Meters: electricity supply or production meters, including calibrating meters thereof",S40,1.0,2651,alta,cadena,1.0,,4035636662.3333335
902890,"Meters: parts and accessories of gas, liquid, electricity supply or production meters, including calibrating meters thereof",S40,1.0,2651,alta,cadena,1.0,,2774362967.6666665
902910,"Meters and counters: revolution counters, production counters, taximeters, mileometers, pedometers and the like",S40,1.0,2651,alta,cadena,1.0,,680735639.6666666
902920,Meters: speed indicators and tachometers: stroboscopes,S40,1.0,2651,alta,cadena,1.0,,6551577600.666667
902990,"Meters and counters: parts and accessories for revolution and production counters, taximeters, mileometers, pedometers and the like: speed indicators, tachometers (excluding heading no. 9015), stroboscopes",S40,1.0,2651,alta,cadena,1.0,,1519480339.6666667
903010,Instruments and apparatus: for measuring or detecting ionising radiations,S40,1.0,2651,alta,cadena,1.0,,2144766830.6666667
903020,Cathode-ray oscilloscopes and cathode-ray oscillographs,S40,1.0,2651,alta,cadena,1.0,,782477347.0
903031,"Multimeters: for measuring or checking voltage, current, resistance or power, without a recording device",S40,1.0,2651,alta,cadena,1.0,,864163038.6666666
903039,"Instruments and apparatus: for measuring or checking voltage, current, resistance or power, without a recording device (excluding multimeters)",S40,1.0,2651,alta,cadena,1.0,,2758713899.6666665
903040,"Instruments and apparatus: specially designed for telecommunications (eg cross-talk meters, gain measuring instruments, distortion factor meters, psophometers)",S40,1.0,2651,alta,cadena,1.0,,4679554100.666667
903081,"Instruments and apparatus: with a recording device, specially designed for telecommunications (eg cross-talk meters, gain measuring instruments, distortion factor meters, psophometers)",S40,1.0,2651,alta,cadena,1.0000353592227422,,8064077842.333333
903089,"Instruments and apparatus: for measuring or detecting alpha, beta, gamma, x-ray, cosmic or other ionising radiations, without a recording device",S40,1.0,2651,alta,cadena,0.9999999999999999,,6190287153.666667
903090,"Instruments, apparatus for measuring, checking electrical quantities, not meters of heading no. 9028: parts and accessories, for measuring or detecting alpha, beta, gamma, x-ray, cosmic and other radiations",S40,1.0,2651,alta,cadena,1.0,,10877927292.0
903110,Machines: for balancing mechanical parts,S40,1.0,2651,alta,cadena,1.0,,609633610.3333334
903120,Test benches,S40,1.0,2651,alta,cadena,1.0,,1654812937.3333333
903130,Profile projectors,S40,1.0,2651,alta,cadena,1.0,,910763598.6666666
903140,"Optical instruments and appliances: for measuring or checking, n.e.s. in chapter 90",S40,1.0,2651,alta,cadena,0.9999999999999999,,18894392051.0
903180,"Instruments, appliances and machines: for measuring or checking n.e.s. in chapter 90",S40,1.0,2651,alta,cadena,1.0,,25767491319.0
903190,"Instruments, appliances and machines: parts and accessories for those measuring or checking devices of heading no. 9031",S40,1.0,2651,alta,cadena,1.0,,10031380294.333334
903210,"Regulating or controlling instruments and apparatus: automatic type, thermostats",S40,1.0,2651,alta,cadena,1.0,,4302587547.666667
903220,"Regulating or controlling instruments and apparatus: automatic, manostats",S40,1.0,2651,alta,cadena,1.0,,947824495.6666666
903281,"Regulating or controlling instruments and apparatus: automatic, hydraulic or pneumatic",S40,1.0,2651,alta,cadena,1.0,,2610670959.6666665
903289,"Regulating or controlling instruments and apparatus: automatic, other than hydraulic or pneumatic",S40,1.0,2651,alta,cadena,1.0,,21160318745.0
903290,"Regulating or controlling instruments and apparatus: automatic, parts and accessories",S40,1.0,2651,alta,cadena,1.0,,5497159701.666667
903300,Machines and appliances: instruments or apparatus of chapter 90: parts and accessories n.e.s. in chapter 90,S40,1.0,2651,alta,cadena,1.0,,3548583426.0
910111,"Wrist-watches: battery or accumulator powered, whether or not incorporating a stop-watch facility, with case of precious metal or of metal clad with precious metal, with mechanical display only",S40,1.0,2652,alta,cadena,1.0,,3071990155.3333335
910112,"Wrist-watches: battery or accumulator powered, with or without a stop-watch, with case of precious metal or of metal clad with precious metal, with opto-electronic display only",S40,1.0,2652,alta,cadena,1.0,,15616904.0
910119,"Wrist-watches: battery or accumulator powered, with or without a stop-watch, with case of precious metal or metal clad with precious metal, without mechanical or opto-electronic display",S40,1.0,2652,alta,cadena,1.0,,224129004.0
910121,"Wrist-watches: excluding battery or accumulator powered, automatic winding, whether or not incorporating a stop-watch facility, case of precious metal or of metal clad with precious metal",S40,1.0,2652,alta,cadena,1.0,,10135472837.0
910129,"Wrist-watches: excluding battery or accumulator powered, not automatic winding, whether or not incorporating a stop-watch facility, case of precious metal or of metal clad with precious metal",S40,1.0,2652,alta,cadena,1.0,,2838022089.3333335
910191,"Pocket-watches and other watches, including stop-watches: battery or accumulator powered",S40,1.0,2652,alta,cadena,1.0,,70218218.33333333
910199,"Pocket-watches and other watches, including stop-watches: other than battery or accumulator powered, with case of precious metal or of metal clad with precious metal",S40,1.0,2652,alta,cadena,0.9999999999999999,,238128843.33333334
910211,"Wrist-watches: battery or accumulator powered, whether or not incorporating a stop-watch facility, with mechanical display only, other than those of heading no. 9101",S40,1.0,2652,alta,cadena,1.0,,6592730745.0
910212,"Wrist-watches: battery or accumulator powered, whether or not incorporating a stop-watch facility, with opto-electronic display only, other than those of heading no. 9101",S40,1.0,2652,alta,cadena,1.0,,1186401594.3333333
910219,"Wrist-watches: battery or accumulator powered, whether or not incorporating a stop-watch facility, with other than mechanical or opto-electronic display, excluding those of heading no. 9101",S40,1.0,2652,alta,cadena,1.0,,611231058.3333334
910221,"Wrist-watches: whether or not incorporating a stop-watch facility, with automatic winding",S40,1.0,2652,alta,cadena,1.0,,15918471864.0
910229,"Wrist-watches: whether or not incorporating a stop-watch facility, with other than automatic winding",S40,1.0,2652,alta,cadena,0.9999999999999998,,1570922205.6666667
910291,"Pocket watches and other watches, including stop-watches: battery or accumulator powered",S40,1.0,2652,alta,cadena,1.0,,56985550.333333336
910299,"Pocket watches and other watches, including stop-watches: other than battery or accumulator powered",S40,1.0,2652,alta,cadena,1.0,,453576386.3333333
910310,"Clocks: with watch movements, excluding instrument panel clocks, battery or accumulator powered",S40,1.0,2652,alta,cadena,1.0,,23920004.0
910390,"Clocks: with watch movements, excluding instrument panel clocks, other than battery or accumulator powered",S40,1.0,2652,alta,cadena,0.9999999999999999,,26717758.666666668
910400,"Clocks: instrument panel clocks and clocks of a similar type for vehicles, aircraft, spacecraft or vessels",S40,1.0,2652,alta,cadena,1.0,,70935823.33333333
910511,"Clocks: alarm clocks, battery, accumulator or mains powered",S40,1.0,2652,alta,cadena,1.0,,337591092.3333333
910519,"Clocks: alarm clocks, other than battery, accumulator or mains powered",S40,1.0,2652,alta,cadena,1.0,,8574434.0
910521,"Clocks: wall clocks, battery, accumulator or mains powered",S40,1.0,2652,alta,cadena,1.0,,607105422.0
910529,"Clocks: wall clocks, other than battery, accumulator or mains powered",S40,1.0,2652,alta,cadena,0.9999999999999998,,40455881.0
910591,"Clocks: (other than alarm or wall clocks), battery, accumulator or mains powered",S40,1.0,2652,alta,cadena,1.0,,157445829.0
910599,"Clocks: (other than alarm or wall clocks), other than battery, accumulator or mains powered",S40,1.0,2652,alta,cadena,0.9999999999999998,,98270653.33333333
910610,"Time recording apparatus: time-registers, time recorders, with clock, watch movement or synchronous motor",S40,1.0,2652,alta,cadena,1.0,,151286933.33333334
910620,Parking meters,S40,1.0,2652,alta,cadena,1.0,,92933884.0
910690,"Time recording apparatus: with clock or watch movement or with synchronous motor, n.e.s. in heading no. 9106",S40,1.0,2652,alta,cadena,1.0,,200415189.33333334
910700,"Time switches: with clock, watch movement or synchronous motor",S40,1.0,2652,alta,cadena,1.0,,416755060.6666667
910811,"Watch movements: complete and assembled, battery or accumulator powered, with mechanical display only or with a device to which a mechanical display can be incorporated",S40,1.0,2652,alta,cadena,1.0,,413970248.6666667
910812,"Watch movements: complete and assembled, battery or accumulator powered, with opto-electronic display only",S40,1.0,2652,alta,cadena,1.0,,9825271.333333334
910819,"Watch movements: complete and assembled, battery or accumulator powered, with other than mechanical display only or opto-electronic display only",S40,1.0,2652,alta,cadena,1.0,,14274729.666666666
910820,"Watch movements: complete and assembled, with automatic winding",S40,1.0,2652,alta,cadena,1.0,,301693850.6666667
910891,"Watch movements: complete and assembled, (not automatic winding or battery or accumulator powered), measuring 33.8mm or less",S40,1.0,2652,alta,cadena,1.0,,20484519.0
910899,"Watch movements: complete and assembled, (not automatic winding or battery or accumulator powered), measuring more than 33.8mm",S40,1.0,2652,alta,cadena,0.9999999999999999,,50365877.666666664
910911,"Clock movements: complete and assembled, battery, accumulator or mains powered, of alarm clocks",S40,1.0,2652,alta,cadena,1.0,,13744924.666666666
910919,"Clock movements: complete and assembled, battery, accumulator or mains powered, other than of alarm clocks",S40,1.0,2652,alta,cadena,1.0,,18913105.0
910990,"Clock movements: complete and assembled, other than battery, accumulator or mains powered",S40,1.0,2652,alta,cadena,0.9999999999999998,,20971381.333333332
911011,"Watches: complete movements, unassembled or partly assembled (movement sets)",S40,1.0,2652,alta,cadena,1.0,,87320701.33333333
911012,"Watches: incomplete movements, assembled",S40,1.0,2652,alta,cadena,1.0,,82828287.33333333
911019,Watches: rough movements,S40,1.0,2652,alta,cadena,1.0,,21877228.0
911090,"Clocks: movements, whether or not complete, incomplete, assembled or unassembled",S40,1.0,2652,alta,cadena,1.0,,28290612.0
911110,Watch cases: of precious metal or of metal clad with precious metal,S43,0.6666666666666666,"3211,3212",media,cadena,1.0,,53354871.0
911110,Watch cases: of precious metal or of metal clad with precious metal,S40,0.3333333333333333,2652,media,cadena,1.0,,53354871.0
911120,"Watch cases: of base metal, whether or not gold-plated or silver-plated",S43,0.6666666666666666,"3211,3212",media,cadena,1.0,,592304300.3333334
911120,"Watch cases: of base metal, whether or not gold-plated or silver-plated",S40,0.3333333333333333,2652,media,cadena,1.0,,592304300.3333334
911180,Watch cases: n.e.s. in heading no. 9111,S43,0.6666666666666666,"3211,3212",media,cadena,1.0,,71123214.33333333
911180,Watch cases: n.e.s. in heading no. 9111,S40,0.3333333333333333,2652,media,cadena,1.0,,71123214.33333333
911190,Watch cases and parts thereof,S43,0.6666666666666666,"3211,3212",media,cadena,1.0,,360237982.3333333
911190,Watch cases and parts thereof,S40,0.3333333333333333,2652,media,cadena,1.0,,360237982.3333333
911210,"Clock cases and similar cases for other goods of chapter 91: of metal, other than watch cases",S43,0.6666666666666666,"3211,3212",media,cadena,1.0,,5359288.666666667
911210,"Clock cases and similar cases for other goods of chapter 91: of metal, other than watch cases",S40,0.3333333333333333,2652,media,cadena,1.0,,5359288.666666667
911280,"Clock cases and similar cases for other goods of chapter 91: excluding those made of metal, other than watch cases",S43,0.6666666666666666,"3211,3212",media,cadena,1.0,,8201082.333333333
911280,"Clock cases and similar cases for other goods of chapter 91: excluding those made of metal, other than watch cases",S40,0.3333333333333333,2652,media,cadena,1.0,,8201082.333333333
911290,"Clock cases and similar cases for other goods of chapter 91: other than watch cases, parts thereof",S43,0.6666666666666666,"3211,3212",media,cadena,1.0,,11432583.0
911290,"Clock cases and similar cases for other goods of chapter 91: other than watch cases, parts thereof",S40,0.3333333333333333,2652,media,cadena,1.0,,11432583.0
911310,"Watch straps, watch bands, watch bracelets, and parts thereof: of precious metal or of metal clad with precious metal",S43,0.6666666666666666,"3211,3212",media,cadena,1.0,,268161246.0
911310,"Watch straps, watch bands, watch bracelets, and parts thereof: of precious metal or of metal clad with precious metal",S40,0.3333333333333333,2652,media,cadena,1.0,,268161246.0
911320,"Watch straps, watch bands, watch bracelets, and parts thereof: of base metal, whether or not gold- or silver-plated",S43,0.6666666666666666,"3211,3212",media,cadena,1.0,,951415276.0
911320,"Watch straps, watch bands, watch bracelets, and parts thereof: of base metal, whether or not gold- or silver-plated",S40,0.3333333333333333,2652,media,cadena,1.0,,951415276.0
911390,"Watch straps, watch bands, watch bracelets, and parts thereof: n.e.s. in heading no. 9113",S23,1.0,1512,alta,cadena,1.0,,910182348.0
911410,"Clock or watch parts: springs, including hairsprings",S43,0.6666666666666666,"3211,3212",media,cadena,1.0,,1299439189.3333333
911410,"Clock or watch parts: springs, including hairsprings",S40,0.3333333333333333,2652,media,cadena,1.0,,1299439189.3333333
911420,Clock or watch parts: jewels,S43,0.6666666666666666,"3211,3212",media,cadena,1.0,,447383.3333333333
911420,Clock or watch parts: jewels,S40,0.3333333333333333,2652,media,cadena,1.0,,447383.3333333333
911430,Clock or watch parts: dials,S43,0.6666666666666666,"3211,3212",media,cadena,1.0,,282782192.6666667
911430,Clock or watch parts: dials,S40,0.3333333333333333,2652,media,cadena,1.0,,282782192.6666667
911440,Clock or watch parts: plates and bridges,S43,0.6666666666666666,"3211,3212",media,cadena,1.0,,52494826.666666664
911440,Clock or watch parts: plates and bridges,S40,0.3333333333333333,2652,media,cadena,1.0,,52494826.666666664
911490,Clock or watch parts: n.e.s. in heading no. 9114,S43,0.6666666666666666,"3211,3212",media,cadena,1.0,,9546693.333333334
911490,Clock or watch parts: n.e.s. in heading no. 9114,S40,0.3333333333333333,2652,media,cadena,1.0,,9546693.333333334
920110,"Musical instruments: pianos, upright, including automatic pianos",S43,1.0,3220,alta,cadena,1.0,,347379723.0
920120,"Musical instruments: pianos, grand",S43,1.0,3220,alta,cadena,1.0,,442736347.6666667
920190,Musical instruments: harpsichords and other keyboard stringed instruments n.e.s. in heading no. 9201,S43,1.0,3220,alta,cadena,1.0,,43511253.666666664
920210,"Musical instruments: string, played with a bow (eg violins)",S43,1.0,3220,alta,cadena,1.0,,170723670.33333334
920290,"Musical instruments: string, played other than with a bow (eg guitars and harps)",S43,1.0,3220,alta,cadena,1.0,,882571645.0
920300,"Musical instruments: keyboard pipe organs, harmoniums and similar keyboard instruments with free metal reeds",S43,1.0,3220,alta,cadena,1.0,,70891336.66666667
920410,Musical instruments: accordions and similar instruments,S43,1.0,3220,alta,cadena,1.0,,77938525.33333333
920420,Musical instruments: mouth organs,S43,1.0,3220,alta,cadena,1.0,,98953260.33333333
920510,"Musical instruments: wind, brass (eg trumpets)",S43,1.0,3220,alta,cadena,1.0,,301115495.0
920590,"Musical instruments: wind, other than brass (eg clarinets, bagpipes)",S43,1.0,3220,alta,cadena,1.0,,315040929.6666667
920600,"Musical instruments: percussion (eg drums, xylophones, cymbals, castanets, maracas)",S43,1.0,3220,alta,cadena,1.0,,542754206.3333334
920710,"Musical instruments: keyboard, (other than accordions), the sound of which is produced or must be amplified electrically",S43,1.0,3220,alta,cadena,1.0,,1229630018.6666667
920790,"Musical instruments: (other than keyboard), the sound of which is produced or must be amplified electrically",S43,1.0,3220,alta,cadena,1.0,,1397212076.3333333
920810,Musical boxes,S43,1.0,3220,alta,cadena,1.0,,85922971.0
920890,"Fairground and mechanical street organs, mechanical singing birds, musical saws and musical instruments nes in chapter 92: decoy calls of all kinds: whistles: call horns and other mouth-blown sound signalling instruments",S43,1.0,3220,alta,cadena,1.0,,87965974.33333333
920910,"Musical instruments: parts and accessories, metronomes, tuning forks and pitch pipes",S43,1.0,3220,alta,cadena,1.0,,78928216.66666667
920920,"Musical boxes: parts, mechanisms",S43,1.0,3220,alta,cadena,1.0,,28527012.666666668
920930,Musical instrument strings,S43,1.0,3220,alta,cadena,1.0,,239095169.33333334
920991,Musical instruments: parts and accessories for pianos,S43,1.0,3220,alta,cadena,1.0,,142924509.0
920992,Musical instruments: parts and accessories for string musical instruments other than keyboard instruments,S43,1.0,3220,alta,cadena,1.0,,215354077.0
920993,Musical instruments: parts and accessories for non-stringed keyboard instruments,S43,1.0,3220,alta,cadena,1.0,,52249060.666666664
920994,"Musical instruments: parts and accessories for the musical instruments the sound of which is produced or must be amplified electrically (eg organs, guitars and accordions)",S43,1.0,3220,alta,cadena,1.0,,414319116.3333333
920999,"Musical instruments: parts and accessories for the musical instruments n.e.s. in heading no. 9209 and for other mechanical noise makers of chapter 92, n.e.s. in heading no. 9202",S43,1.0,3220,alta,cadena,1.0,,338074563.3333333
930100,"Military weapons: other than revolvers, pistols and arms of heading no. 9307",S38,1.0,2520,alta,cadena,1.0,,2162871001.0
930200,Revolvers and pistols: other than those of heading no. 9303 or 9304,S38,1.0,2520,alta,cadena,1.0,,1273433394.3333333
930310,Firearms: muzzle-loading,S38,1.0,2520,alta,cadena,1.0,,39869124.666666664
930320,"Firearms: sporting, hunting or target-shooting shotguns, including combination shotgun-rifles",S38,1.0,2520,alta,cadena,1.0,,742263232.6666666
930330,"Firearms: sporting, hunting or target-shooting rifles n.e.s. in heading no. 9303",S38,1.0,2520,alta,cadena,1.0,,845015694.0
930390,Firearms: n.e.s. in heading no. 9303,S38,1.0,2520,alta,cadena,1.0,,116713617.0
930400,"Firearms: (eg spring, air or gas guns and pistols, truncheons), excluding those of heading no. 9307",S38,1.0,2520,alta,cadena,1.0,,1429895187.3333333
930510,"Firearms: parts and accessories, of revolvers or pistols",S38,1.0,2520,alta,cadena,1.0,,289483575.6666667
930521,"Firearms: parts and accessories, of shotgun barrels",S38,1.0,2520,alta,cadena,1.0,,168857306.33333334
930529,"Firearms: parts and accessories, of shotguns or rifles of heading no. 9303, other than shotgun barrels",S38,1.0,2520,alta,cadena,1.0,,343507648.3333333
930590,"Firearms: parts and accessories, of articles of heading no. 9301 to 9304, other than of revolvers or pistols or of shotguns or rifles of heading no. 9303",S38,1.0,2520,alta,cadena,1.0,,1517302796.3333333
930610,Ammunition: cartridges for riveting or similar tools or for captive-bolt humane killers and parts thereof,S38,1.0,2520,alta,cadena,1.0,,565706751.0
930621,Ammunition: shotgun cartridges,S38,1.0,2520,alta,cadena,1.0,,1056022360.0
930629,Ammunition: parts of shotgun cartridges,S38,1.0,2520,alta,cadena,1.0,,306264864.6666667
930630,Ammunition: cartridges and parts thereof n.e.s. in heading no. 9306,S38,1.0,2520,alta,cadena,1.0,,2074437451.6666667
930690,Ammunition: n.e.s. in chapter 93,S38,1.0,2520,alta,cadena,1.0,,6462091201.0
930700,"Arms: swords, cutlasses, bayonets, lances and the like, parts thereof and scabbards and sheaths therefor",S38,1.0,2593,alta,cadena,1.0,,87112560.33333333
940110,Seats: of a kind used for aircraft,S42,0.5,"3020,3030",baja,cadena,1.0,,1182666180.0
940110,Seats: of a kind used for aircraft,S25,0.25,3100,baja,cadena,1.0,,1182666180.0
940110,Seats: of a kind used for aircraft,S41,0.25,2930,baja,cadena,1.0,,1182666180.0
940120,Seats: of a kind used for motor vehicles,S42,0.5,"3020,3030",baja,cadena,1.0,,3085657766.6666665
940120,Seats: of a kind used for motor vehicles,S25,0.25,3100,baja,cadena,1.0,,3085657766.6666665
940120,Seats: of a kind used for motor vehicles,S41,0.25,2930,baja,cadena,1.0,,3085657766.6666665
940130,"Seats: swivel with variable height adjustment, excluding medical, surgical, dental, veterinary or barber furniture",S42,0.5,"3020,3030",baja,cadena,1.0,,5906677888.666667
940130,"Seats: swivel with variable height adjustment, excluding medical, surgical, dental, veterinary or barber furniture",S25,0.25,3100,baja,cadena,1.0,,5906677888.666667
940130,"Seats: swivel with variable height adjustment, excluding medical, surgical, dental, veterinary or barber furniture",S41,0.25,2930,baja,cadena,1.0,,5906677888.666667
940140,"Seats: convertible into beds, other than garden seats or camping equipment",S25,1.0,3100,alta,cadena,1.0,,2063444076.6666667
940150,"Seats: of cane, osier, bamboo or similar materials",S25,1.0,3100,alta,cadena,1.0,,222131826.33333334
940161,"Seats: with wooden frames, upholstered, (excluding medical, surgical, dental, veterinary or barber furniture)",S25,1.0,3100,alta,cadena,1.0,,20215088792.333332
940169,"Seats: with wooden frames, not upholstered, (excluding medical, surgical, dental, veterinary or barber furniture)",S25,1.0,3100,alta,cadena,1.0,,3120551799.0
940171,"Seats: with metal frames, upholstered, (excluding medical, surgical, dental, veterinary or barber furniture)",S42,0.5,"3020,3030",baja,cadena,1.0,,10792432672.0
940171,"Seats: with metal frames, upholstered, (excluding medical, surgical, dental, veterinary or barber furniture)",S25,0.25,3100,baja,cadena,1.0,,10792432672.0
940171,"Seats: with metal frames, upholstered, (excluding medical, surgical, dental, veterinary or barber furniture)",S41,0.25,2930,baja,cadena,1.0,,10792432672.0
940179,"Seats: with metal frames, not upholstered, (excluding medical, surgical, dental, veterinary or barber furniture)",S42,0.5,"3020,3030",baja,cadena,1.0,,5672604394.0
940179,"Seats: with metal frames, not upholstered, (excluding medical, surgical, dental, veterinary or barber furniture)",S25,0.25,3100,baja,cadena,1.0,,5672604394.0
940179,"Seats: with metal frames, not upholstered, (excluding medical, surgical, dental, veterinary or barber furniture)",S41,0.25,2930,baja,cadena,1.0,,5672604394.0
940180,"Seats: n.e.s. in heading no. 9401, (excluding medical, surgical, dental, veterinary or barber furniture)",S25,1.0,3100,alta,cadena,1.0,,4620062728.0
940190,Seat: parts,S25,1.0,3100,alta,cadena,1.0,,26499779437.666668
940210,"Chairs: dentists', barbers' or similar chairs having rotating as well as both reclining and elevating movements, and parts thereof",S43,1.0,3250,alta,cadena,1.0,,634699684.6666666
940290,"Furniture: for medical, surgical, veterinary use (eg operating tables, examination tables, hospital beds with mechanical fittings) and parts thereof",S43,1.0,3250,alta,cadena,1.0,,4213816264.0
940310,"Furniture: metal, for office use",S25,1.0,3100,alta,cadena,1.0,,3442855910.6666665
940320,"Furniture: metal, other than for office use",S25,1.0,3100,alta,cadena,1.0,,21742884994.333332
940330,"Furniture: wooden, for office use",S25,1.0,3100,alta,cadena,1.0,,3879548712.6666665
940340,"Furniture: wooden, for kitchen use",S25,1.0,3100,alta,cadena,1.0,,8213994816.333333
940350,"Furniture: wooden, for bedroom use",S25,1.0,3100,alta,cadena,1.0,,11655759637.333334
940360,"Furniture: wooden, other than for office, kitchen or bedroom use",S25,1.0,3100,alta,cadena,1.0,,28367993698.333332
940370,Furniture: plastic,S25,1.0,3100,alta,cadena,1.0,,3363466385.0
940380,"Furniture: materials n.e.s. in heading no. 9403, including cane, osier, bamboo or similar materials",S25,1.0,3100,alta,cadena,1.0,,4297309627.333333
940390,Furniture: parts,S25,1.0,3100,alta,cadena,1.0,,16736712193.0
940410,Mattress supports,S25,1.0,3100,alta,cadena,1.0,,1659631515.3333333
940421,"Mattresses: of cellular rubber or plastics, whether or not covered",S25,1.0,3100,alta,cadena,1.0,,3013779188.0
940429,"Mattresses: of other materials, not cellular rubber or plastics",S25,1.0,3100,alta,cadena,1.0,,2743841525.0
940430,Sleeping bags,S21,1.0,1392,alta,cadena,1.0,,709619487.3333334
940490,"Bedding and similar furnishing articles: n.e.s. in heading no. 9404 (eg quilts, eiderdowns, cushions, pouffes and pillows)",S21,1.0,1392,alta,cadena,1.0,,11875533077.666666
940510,Chandeliers and other electric ceiling or wall light fittings: excluding those used for lighting public open spaces or thoroughfares,S40,1.0,2740,alta,cadena,1.0,,18735958674.333332
940520,"Lamps, electric: floor-standing or for table, desk or bedside",S40,1.0,2740,alta,cadena,1.0,,4977122357.333333
940530,Lighting sets: of a kind used for Christmas trees,S40,1.0,2740,alta,cadena,1.0,,2190781237.0
940540,"Lamps and light fittings: electric, n.e.s. in heading no. 9405",S40,1.0,2740,alta,cadena,1.0,,27869970347.0
940550,Lamps and light fittings: non-electric,S40,1.0,2740,alta,cadena,1.0,,1115075159.0
940560,"Illuminated signs, name plates and the like",S40,1.0,2740,alta,cadena,1.0,,1185321594.6666667
940591,"Lamps and light fittings: parts thereof, of glass",S35,1.0,2310,alta,cadena,1.0,,492876379.3333333
940592,"Lamps and light fittings: parts thereof, of plastics",S32,1.0,2220,alta,cadena,1.0,,976455457.3333334
940599,"Lamps and light fittings: parts thereof, of materials other than glass or plastics",S40,1.0,2740,alta,cadena,1.0,,5232014771.0
940600,Buildings: prefabricated,S24,0.25,1622,baja,cadena,1.0,,11350997649.666666
940600,Buildings: prefabricated,S32,0.25,2220,baja,cadena,1.0,,11350997649.666666
940600,Buildings: prefabricated,S33,0.25,2395,baja,cadena,1.0,,11350997649.666666
940600,Buildings: prefabricated,S38,0.25,2511,baja,cadena,1.0,,11350997649.666666
950100,"Toys: wheeled, designed to be ridden by children (eg tricycles, scooters, pedal cars), dolls' carriages",S43,1.0,3240,alta,cadena,1.0,,3904256662.6666665
950210,"Dolls: representing only human beings, whether or not dressed",S43,1.0,3240,alta,cadena,1.0,,5072769388.0
950291,"Dolls: representing only human beings, garments and accessories therefor, footwear and headgear",S43,1.0,3240,alta,cadena,1.0,,544150815.3333334
950299,"Dolls: representing only human beings, parts and accessories, (other than garments and accessories therefor or footwear and headgear)",S43,1.0,3240,alta,cadena,1.0,,185312967.0
950310,"Toys: electric trains, including tracks, signals and other accessories therefor",S43,1.0,3240,alta,cadena,1.0,,1672416314.0
950320,"Toys: reduced-size (""scale"") model assembly kits, whether or not working models, excluding those of item no. 9503.10",S43,1.0,3240,alta,cadena,1.0,,1441444164.3333333
950330,"Toys: construction sets and constructional toys, excluding (""scale"") model assembly kits",S43,1.0,3240,alta,cadena,1.0,,2500546329.0
950341,"Toys: representing animals or non-human creatures, stuffed",S43,1.0,3240,alta,cadena,1.0,,6826041329.666667
950349,"Toys: representing animals or non-human creatures, not stuffed",S43,1.0,3240,alta,cadena,1.0,,6529939793.666667
950350,Toy musical instruments and apparatus,S43,1.0,3240,alta,cadena,1.0,,1859759489.3333333
950360,Toys: puzzles,S43,1.0,3240,alta,cadena,1.0,,982583032.6666666
950370,"Toys: n.e.s. in heading no. 9503, put up in sets or outfits",S43,1.0,3240,alta,cadena,1.0,,9245585075.666666
950380,"Toys and models: n.e.s. in heading no. 9503, incorporating a motor",S43,1.0,3240,alta,cadena,1.0,,5767700800.0
950390,Toys: n.e.s. in heading no. 9503,S43,1.0,3240,alta,cadena,1.0,,13184808774.333334
950410,Video games: of a kind used with a television receiver,S40,0.5,2640,baja,cadena,1.0,,18215029595.0
950410,Video games: of a kind used with a television receiver,S58,0.5,5820,baja,cadena,1.0,,18215029595.0
950420,Billiard articles and accessories,S43,1.0,3240,alta,cadena,1.0,,454405956.6666667
950430,"Games: coin or disc-operated, other than bowling alley equipment",S43,1.0,3240,alta,cadena,1.0,,3545136286.3333335
950440,Playing cards,S43,1.0,3240,alta,cadena,1.0,,2422496113.0
950490,"Games: articles for funfair, table or parlour games, including pintables, tables for casino games, bowling alley equipment, n.e.s. in heading no. 9504",S43,0.8132206799999999,3240,media,cadena,1.0,,10102998347.666666
950490,"Games: articles for funfair, table or parlour games, including pintables, tables for casino games, bowling alley equipment, n.e.s. in heading no. 9504",S40,0.09338966,2640,media,cadena,1.0,,10102998347.666666
950490,"Games: articles for funfair, table or parlour games, including pintables, tables for casino games, bowling alley equipment, n.e.s. in heading no. 9504",S58,0.09338966,5820,media,cadena,1.0,,10102998347.666666
950510,Christmas festivity articles,S43,1.0,3290,alta,cadena,1.0,,7743366430.0
950590,"Festive, carnival or other entertainment articles including novelty jokes and conjuring tricks: other than Christmas festivity articles",S43,1.0,3290,alta,cadena,1.0,,4346887211.666667
950611,Skis: for snow,S43,1.0,3230,alta,cadena,1.0,,1094923470.3333333
950612,Ski-fastenings (ski-bindings): for snow-skis,S43,1.0,3230,alta,cadena,1.0,,483268981.0
950619,Snow-ski equipment,S43,1.0,3230,alta,cadena,1.0,,467389295.0
950621,Sailboards: for water sport,S43,1.0,3230,alta,cadena,1.0,,91224863.66666667
950629,"Water sport equipment: water-skis, surf-boards and other water-sport equipment, excluding sailboards",S43,1.0,3230,alta,cadena,1.0,,2095749410.6666667
950631,Golf clubs: complete,S43,1.0,3230,alta,cadena,1.0,,2022706129.3333333
950632,Golf balls,S43,1.0,3230,alta,cadena,1.0,,848731985.3333334
950639,Golf equipment: other than clubs and balls,S43,1.0,3230,alta,cadena,1.0,,2474157448.0
950640,Table-tennis articles and equipment,S43,1.0,3230,alta,cadena,1.0,,352830270.3333333
950651,Lawn-tennis racquets: whether or not strung,S43,1.0,3230,alta,cadena,1.0,,230115276.0
950659,"Tennis, badminton and similar racquets: whether or not strung",S43,1.0,3230,alta,cadena,1.0,,794193113.6666666
950661,Lawn-tennis balls,S43,1.0,3230,alta,cadena,1.0,,341962798.0
950662,Balls: inflatable,S43,1.0,3230,alta,cadena,1.0,,1653613288.0
950669,"Balls: (other than inflatable or for lawn-tennis, golf or table-tennis)",S43,1.0,3230,alta,cadena,1.0,,617843557.6666666
950670,"Skates: ice and roller, including skating boots with skates attached",S43,1.0,3230,alta,cadena,1.0,,732307851.0
950691,Athletics and gymnastics equipment,S43,1.0,3230,alta,cadena,1.0,,11811816189.333334
950699,Equipment for outdoor games and recreation n.e.s. in heading no. 9506,S43,0.9048396680119243,3230,media,cadena,0.9999999999999999,,8134640825.666667
950699,Equipment for outdoor games and recreation n.e.s. in heading no. 9506,S39,0.09516033198807577,"2813,2819",media,cadena,0.9999999999999999,,8134640825.666667
950710,Fishing rods,S43,1.0,3230,alta,cadena,1.0,,1024383956.6666666
950720,Fish-hooks: whether or not snelled,S43,1.0,3230,alta,cadena,1.0,,334773830.0
950730,Fishing reels,S43,1.0,3230,alta,cadena,1.0,,993149873.6666666
950790,"Fishing tackle n.e.s., butterfly nets, decoy ""birds"" (other than those of heading no. 9208 or 9705) and similar hunting or shooting requisites",S43,1.0,3230,alta,cadena,1.0,,1402591839.0
950800,"Roundabouts, swings, shooting galleries, other fairground amusements, travelling circuses, menageries and travelling theatres",S39,1.0,2829,alta,cadena,1.0,,1551736736.6666667
960110,Ivory and articles thereof: worked,S43,1.0,3290,alta,cadena,1.0,,4057825.3333333335
960190,"Bone, tortoise shell, horn, antlers, coral, mother-of-pearl and other animal carving material and articles thereof (including articles obtained by moulding)",S43,1.0,3290,alta,cadena,1.0,,113249655.0
960200,"Vegetable, mineral carving material and articles of these materials, moulded or carved articles of wax, stearin, natural gums, resins or modelling pastes, worked unhardened gelatin (not heading no. 3503)",S43,1.0,3290,alta,cadena,1.0,,1102903253.3333333
960310,"Brooms and brushes: consisting of twigs or other vegetable materials bound together, with or without handles",S43,1.0,3290,alta,cadena,1.0,,173348197.66666666
960321,Brushes: toothbrushes,S43,1.0,3290,alta,cadena,1.0,,2910402420.3333335
960329,"Brushes: shaving, hair, nail, eyelash and other toilet brushes for use on the person, including brushes as parts of appliances",S43,1.0,3290,alta,cadena,1.0,,1711121823.3333333
960330,"Brushes: artists' brushes, writing brushes and similar brushes for the application of cosmetics",S43,1.0,3290,alta,cadena,1.0,,772419572.3333334
960340,"Brushes: paint, distemper, varnish or similar brushes (not those of item no. 9603.30), paint pads and rollers",S43,1.0,3290,alta,cadena,1.0,,1084447129.6666667
960350,"Brushes: constituting parts of machines, appliances or vehicles",S43,1.0,3290,alta,cadena,1.0,,1078783601.3333333
960390,"Brooms, brushes, mops, feather dusters, squeegees, hand operated mechanical floor sweepers: (not motorised), prepared knots and tufts for brooms or brush making n.e.s.",S43,1.0,3290,alta,cadena,1.0,,4494410032.666667
960400,Hand sieves and hand riddles,S43,1.0,3290,alta,cadena,1.0,,40154384.666666664
960500,"Travel sets: for personal toilet, sewing, shoe or clothes cleaning",S23,1.0,1512,alta,cadena,1.0,,374972144.0
960610,"Press-fasteners, snap-fasteners, press-studs and parts therefor",S43,1.0,3290,alta,cadena,1.0,,518116796.3333333
960621,"Buttons: of plastics, not covered with textile material",S43,1.0,3290,alta,cadena,1.0,,478397019.3333333
960622,"Buttons: of base metal, not covered with textile material",S43,1.0,3290,alta,cadena,1.0,,481169082.3333333
960629,"Buttons: of other than base metal or plastics, not covered with textile material",S43,1.0,3290,alta,cadena,1.0,,192469922.0
960630,Button moulds and other parts of buttons: button blanks,S43,1.0,3290,alta,cadena,1.0,,133755814.66666667
960711,Slide fasteners: fitted with chain scoops of base metal,S43,1.0,3290,alta,cadena,1.0,,574933991.3333334
960719,Slide fasteners: other than those fitted with chain scoops of base metal,S43,1.0,3290,alta,cadena,1.0,,1648109782.3333333
960720,Slide fasteners: parts,S43,1.0,3290,alta,cadena,1.0,,1034502315.6666666
960810,Pens: ball point,S43,1.0,3290,alta,cadena,1.0,,3036519583.0
960820,Pens: felt tipped and other porous-tipped pens and markers,S43,1.0,3290,alta,cadena,1.0,,2486619140.6666665
960831,Pens: Indian ink drawing pens,S43,1.0,3290,alta,cadena,1.0,,56769241.0
960839,"Pens: fountain, stylograph and other pens, excluding Indian ink drawing pens",S43,1.0,3290,alta,cadena,1.0,,335840193.0
960840,Pencils: propelling or sliding,S43,1.0,3290,alta,cadena,1.0,,273509376.0
960850,Pen and pencil sets: of articles from two or more of the foregoing sub-headings,S43,1.0,3290,alta,cadena,1.0,,159718060.0
960860,"Pens: ball-point, refills comprising the ball point and ink-reservoir",S43,1.0,3290,alta,cadena,1.0,,199496822.0
960891,Pens: nibs and nib points,S43,1.0,3290,alta,cadena,1.0,,127860407.0
960899,"Pens and pencils n.e.s. in heading no. 9608: duplicating stylos, pen-holders, pencil-holders, and similar holders, parts of the articles of heading no. 9608",S43,1.0,3290,alta,cadena,1.0,,329462486.3333333
960910,Pencils and crayons: with leads encased in rigid sheath,S43,1.0,3290,alta,cadena,1.0,,1278620906.0
960920,Pencil leads: black or coloured,S43,1.0,3290,alta,cadena,1.0,,82591326.66666667
960990,"Pastels, drawing charcoals, writing or drawing chalks, tailors' chalk",S43,1.0,3290,alta,cadena,1.0,,412846091.6666667
961000,"Slates and boards: with writing or drawing surfaces, whether or not framed",S25,1.0,3100,alta,cadena,1.0,,786332959.6666666
961100,"Stamps: date, numbering, sealing stamps and the like (including devices for printing or embossing labels), designed for operating by hand: hand operated composing sticks and printing sets",S43,1.0,3290,alta,cadena,1.0,,290395623.6666667
961210,"Ribbons: for typewriters and the like, inked or otherwise prepared, for giving impressions, whether or not on spools or in cartridges",S43,1.0,3290,alta,cadena,1.0,,1370864565.6666667
961220,"Ink pads: whether or not inked, with or without boxes",S43,1.0,3290,alta,cadena,1.0,,57776711.333333336
961310,"Lighters: pocket, cigarette, gas fuelled, non-refillable",S43,1.0,3290,alta,cadena,1.0,,788060313.0
961320,"Lighters: pocket, cigarette, gas fuelled, refillable",S43,1.0,3290,alta,cadena,1.0,,489095352.6666667
961330,"Lighters: table lighters, whether or not mechanical or electrical",S43,1.0,3290,alta,cadena,1.0,,34155665.666666664
961380,"Lighters: whether or not mechanical or electrical, n.e.s. in heading no. 9613",S43,1.0,3290,alta,cadena,1.0,,471221238.0
961390,"Lighters: parts for cigarette lighters and other lighters, whether or not mechanical or electrical, other than flints and wicks",S43,1.0,3290,alta,cadena,1.0,,267946116.33333334
961410,"Pipes: smoking, roughly shaped blocks of wood or root, for the manufacture of pipes",S43,1.0,3290,alta,cadena,1.0,,96449413.66666667
961420,Pipes and pipe bowls and parts,S43,1.0,3290,alta,cadena,1.0,,102052962.33333333
961490,"Cigar, cigarette holders and parts thereof",S43,1.0,3290,alta,cadena,1.0,,154502586.0
961511,"Combs, hair slides and the like: of hard rubber or plastics",S43,1.0,3290,alta,cadena,1.0,,1511366222.3333333
961519,"Combs, hair slides and the like: of other than hard rubber or plastics",S43,1.0,3290,alta,cadena,1.0,,886962222.6666666
961590,"Hairpins, curling pins, curling grips, hair curlers and the like (not those of heading no. 8516) and parts thereof",S43,1.0,3290,alta,cadena,1.0,,445296364.6666667
961610,"Scent sprays and similar toilet sprays, and mounts and heads therefor",S43,1.0,3290,alta,cadena,1.0,,1351063969.0
961620,Powder puffs and pads: for the application of cosmetics or toilet preparations,S43,1.0,3290,alta,cadena,1.0,,420055524.6666667
961700,"Vacuum flasks and other vacuum vessels, complete with cases: parts thereof other than glass inners",S43,1.0,3290,alta,cadena,1.0,,5303334648.333333
961800,Tailors' dummies and other lay figures: automata and other animated displays used for shop window dressing,S43,1.0,3290,alta,cadena,1.0,,553427689.3333334
970110,"Paintings, drawings and pastels: executed entirely by hand, other than drawings of heading no. 4906",S66,1.0,9000,alta,cadena,1.0,,18094045917.333332
970190,Artwork: collages and similar decorative plaques,S66,1.0,9000,alta,cadena,1.0,,749184246.0
970200,"Engravings, prints and lithographs: original",S66,1.0,9000,alta,cadena,1.0,,662187414.3333334
970300,"Sculptures and statuary: original, in any material",S66,1.0,9000,alta,cadena,1.0,,4348503219.0
970400,"Stamps: postage or revenue: stamp-postmarks, first-day covers, postal stationery (stamped paper) and like, used, or if unused not of current or new issue in the country to which they are destined",S53,1.0,5310,alta,cadena,1.0,,135696987.66666666
970500,"Collections and collectors' pieces: of zoological, botanical, mineralogical, anatomical, historical, archaeological, palaeontological, ethnographic or numismatic interest",S66,1.0,9102,alta,cadena,1.0,,1939469515.3333333
970600,Antiques: of an age exceeding one hundred years,S66,1.0,9102,alta,cadena,1.0,,2419825478.0
999999,Commodities not specified according to kind,,0.0,,sin_mapeo,,0.0,no_clasificable,664787814713.6666
9999AA,Commodities not specified according to kind **LEGACY NON-WCO CODE**,,0.0,,sin_mapeo,,0.0,,
